{"display":{"thirdperson_righthand":{"rotation":[0.0,21.0,0.0],"translation":[0.0,3.5,0.0],"scale":[0.5,0.5,0.5]},"firstperson_lefthand":{"rotation":[0.0,-139.0,0.0],"translation":[-17.75,5.5,2.0],"scale":[0.5,0.5,0.5]},"gui":{"rotation":[24.0,-34.0,0.0],"translation":[0.0,4.25,0.0],"scale":[1.2,1.2,1.2]},"head":{"rotation":[0.0,-180.0,0.0],"translation":[0.0,13.75,-1.5],"scale":[2.0,2.0,2.0]}},"elements":[{"from":[4.0,0.0,3.0],"to":[12.0,8.0,11.0],"rotation":{"origin":[0.0,0.0,16.0],"axis":"y","angle":0.0},"faces":{"north":{"uv":[0.0,4.0,4.0,8.0],"texture":"#1"},"east":{"uv":[0.0,0.0,4.0,4.0],"texture":"#1"},"south":{"uv":[8.0,4.0,4.0,8.0],"texture":"#1"},"west":{"uv":[4.0,0.0,8.0,4.0],"texture":"#1"},"up":{"uv":[4.0,8.0,0.0,12.0],"texture":"#1","rotation":90},"down":{"uv":[8.0,4.0,12.0,0.0],"texture":"#1","rotation":270}}},{"from":[9.0,4.0,11.0],"to":[10.0,7.0,11.5],"rotation":{"origin":[0.0,0.0,16.0],"axis":"y","angle":0.0},"faces":{"north":{"uv":[0.5,14.5,0.0,16.0],"texture":"#1"},"east":{"uv":[0.5,14.5,0.0,16.0],"texture":"#1"},"south":{"uv":[0.5,14.5,0.0,16.0],"texture":"#1"},"west":{"uv":[0.5,14.5,0.0,16.0],"texture":"#1"},"up":{"uv":[0.5,14.5,0.0,15.0],"texture":"#1","rotation":90},"down":{"uv":[0.5,14.5,0.0,15.0],"texture":"#1","rotation":270}}},{"from":[6.0,4.0,11.0],"to":[7.0,7.0,11.5],"rotation":{"origin":[0.0,0.0,16.0],"axis":"y","angle":0.0},"faces":{"north":{"uv":[0.5,14.5,0.0,16.0],"texture":"#1"},"east":{"uv":[0.5,14.5,0.0,16.0],"texture":"#1"},"south":{"uv":[0.5,14.5,0.0,16.0],"texture":"#1"},"west":{"uv":[0.5,14.5,0.0,16.0],"texture":"#1"},"up":{"uv":[0.5,14.5,0.0,15.0],"texture":"#1","rotation":90},"down":{"uv":[0.5,14.5,0.0,15.0],"texture":"#1","rotation":270}}},{"from":[4.0,0.0,11.0],"to":[7.0,3.0,13.0],"rotation":{"origin":[0.0,0.0,16.0],"axis":"y","angle":0.0},"faces":{"north":{"uv":[1.5,0.0,0.0,1.5],"texture":"#1"},"east":{"uv":[1.0,0.0,0.0,1.5],"texture":"#1"},"south":{"uv":[1.5,0.0,0.0,1.5],"texture":"#1"},"west":{"uv":[1.0,0.0,0.0,1.5],"texture":"#1"},"up":{"uv":[1.0,0.0,0.0,1.5],"texture":"#1","rotation":90},"down":{"uv":[1.0,0.0,0.0,1.5],"texture":"#1","rotation":270}}},{"from":[9.0,0.0,11.0],"to":[12.0,3.0,13.0],"rotation":{"origin":[0.0,0.0,16.0],"axis":"y","angle":0.0},"faces":{"north":{"uv":[1.5,0.0,0.0,1.5],"texture":"#1"},"east":{"uv":[1.0,0.0,0.0,1.5],"texture":"#1"},"south":{"uv":[1.5,0.0,0.0,1.5],"texture":"#1"},"west":{"uv":[1.0,0.0,0.0,1.5],"texture":"#1"},"up":{"uv":[1.0,0.0,0.0,1.5],"texture":"#1","rotation":90},"down":{"uv":[1.0,0.0,0.0,1.5],"texture":"#1","rotation":270}}},{"from":[3.0,0.0,6.0],"to":[4.0,3.0,8.0],"rotation":{"origin":[0.0,0.0,16.0],"axis":"y","angle":0.0},"faces":{"north":{"uv":[0.5,0.0,0.0,1.5],"texture":"#1"},"east":{"uv":[1.0,0.0,0.0,1.5],"texture":"#1"},"south":{"uv":[0.5,0.0,0.0,1.5],"texture":"#1"},"west":{"uv":[1.0,0.0,0.0,1.5],"texture":"#1"},"up":{"uv":[1.0,0.0,0.0,0.5],"texture":"#1","rotation":90},"down":{"uv":[1.0,0.0,0.0,0.5],"texture":"#1","rotation":270}}},{"from":[12.0,0.0,6.0],"to":[13.0,3.0,8.0],"rotation":{"origin":[0.0,0.0,16.0],"axis":"y","angle":0.0},"faces":{"north":{"uv":[0.5,0.0,0.0,1.5],"texture":"#1"},"east":{"uv":[1.0,0.0,0.0,1.5],"texture":"#1"},"south":{"uv":[0.5,0.0,0.0,1.5],"texture":"#1"},"west":{"uv":[1.0,0.0,0.0,1.5],"texture":"#1"},"up":{"uv":[1.0,0.0,0.0,0.5],"texture":"#1","rotation":90},"down":{"uv":[1.0,0.0,0.0,0.5],"texture":"#1","rotation":270}}}],"textures":{"1":"demofurniture:demo"}}