{"display":{"thirdperson_righthand":{"translation":[0.0,0.0,0.5],"scale":[0.5,0.5,0.5]},"thirdperson_lefthand":{"translation":[0.0,0.0,0.5],"scale":[0.5,0.5,0.5]},"firstperson_righthand":{"rotation":[0.0,144.0,0.0],"translation":[0.75,3.5,-1.25],"scale":[0.6,0.6,0.6]},"firstperson_lefthand":{"rotation":[0.0,144.0,0.0],"translation":[2.0,4.25,-2.25],"scale":[0.6,0.6,0.6]},"gui":{"rotation":[28.0,145.0,0.0],"translation":[0.0,0.25,0.0],"scale":[0.8,0.8,0.81]},"head":{"translation":[0.0,8.75,0.0],"scale":[1.3,1.3,1.3]}},"elements":[{"from":[6.54,0.0,11.0],"to":[9.54,3.0,13.0],"rotation":{"origin":[6.0,0.0,11.0],"axis":"y","angle":0.0},"faces":{"north":{"uv":[9.25,0.0,10.0,0.75],"texture":"#0"},"east":{"uv":[9.25,0.75,9.75,1.5],"texture":"#0"},"south":{"uv":[9.25,0.0,10.0,0.75],"texture":"#0"},"west":{"uv":[8.5,0.0,9.0,0.75],"texture":"#0"},"up":{"uv":[8.5,1.25,9.25,1.75],"texture":"#0"},"down":{"uv":[8.5,0.75,9.25,1.25],"texture":"#0"}}},{"from":[4.08,7.4,7.0],"to":[5.08,15.4,10.0],"rotation":{"origin":[5.0,18.0,7.0],"axis":"z","angle":-22.5},"faces":{"north":{"uv":[8.5,6.75,7.25,7.0],"texture":"#0","rotation":90},"east":{"uv":[7.0,2.0,8.25,2.75],"texture":"#0","rotation":270},"south":{"uv":[7.75,7.5,6.5,7.75],"texture":"#0","rotation":270},"west":{"uv":[1.5,7.5,2.75,6.75],"texture":"#0","rotation":270},"up":{"uv":[8.5,6.0,7.75,6.25],"texture":"#0","rotation":270},"down":{"uv":[8.5,5.75,7.75,6.0],"texture":"#0","rotation":270}}},{"from":[4.91761,12.38687,7.0],"to":[5.91761,18.38687,10.0],"rotation":{"origin":[7.0,15.0,7.0],"axis":"z","angle":45.0},"faces":{"north":{"uv":[6.25,8.75,6.5,7.25],"texture":"#0","rotation":180},"east":{"uv":[6.5,7.0,7.25,5.5],"texture":"#0","rotation":180},"south":{"uv":[1.5,9.0,1.75,7.5],"texture":"#0","rotation":180},"west":{"uv":[6.25,5.5,7.0,4.0],"texture":"#0","rotation":180},"up":{"uv":[5.5,7.75,5.25,8.5],"texture":"#0","rotation":180},"down":{"uv":[5.75,8.5,5.5,7.75],"texture":"#0","rotation":180}}},{"from":[10.92,7.4,7.0],"to":[11.92,15.4,10.0],"rotation":{"origin":[11.0,18.0,7.0],"axis":"z","angle":22.5},"faces":{"north":{"uv":[8.5,7.0,7.25,6.75],"texture":"#0","rotation":90},"east":{"uv":[1.5,6.75,2.75,7.5],"texture":"#0","rotation":270},"south":{"uv":[7.75,7.75,6.5,7.5],"texture":"#0","rotation":270},"west":{"uv":[7.0,2.75,8.25,2.0],"texture":"#0","rotation":270},"up":{"uv":[8.5,6.25,7.75,6.0],"texture":"#0","rotation":270},"down":{"uv":[8.5,6.0,7.75,5.75],"texture":"#0","rotation":270}}},{"from":[10.08239,12.38687,7.0],"to":[11.08239,18.38687,10.0],"rotation":{"origin":[9.0,15.0,7.0],"axis":"z","angle":-45.0},"faces":{"north":{"uv":[6.5,8.75,6.25,7.25],"texture":"#0","rotation":180},"east":{"uv":[7.0,5.5,6.25,4.0],"texture":"#0","rotation":180},"south":{"uv":[1.75,9.0,1.5,7.5],"texture":"#0","rotation":180},"west":{"uv":[7.25,7.0,6.5,5.5],"texture":"#0","rotation":180},"up":{"uv":[5.25,7.75,5.5,8.5],"texture":"#0","rotation":180},"down":{"uv":[5.5,8.5,5.75,7.75],"texture":"#0","rotation":180}}},{"from":[5.0,7.0,3.0],"to":[11.0,9.0,4.0],"rotation":{"origin":[5.0,7.0,4.0],"axis":"y","angle":0.0},"faces":{"north":{"uv":[7.0,2.75,8.5,3.25],"texture":"#0"},"east":{"uv":[7.75,6.25,8.0,6.75],"texture":"#0"},"south":{"uv":[7.0,3.25,8.5,3.75],"texture":"#0"},"west":{"uv":[3.25,6.75,3.5,7.25],"texture":"#0"},"up":{"uv":[2.0,9.0,1.75,7.5],"texture":"#0","rotation":270},"down":{"uv":[2.25,7.5,2.0,9.0],"texture":"#0","rotation":90}}},{"from":[3.0,7.0,4.0],"to":[13.0,15.0,12.0],"rotation":{"origin":[3.0,9.0,12.0],"axis":"y","angle":0.0},"faces":{"north":{"uv":[0.0,0.0,2.5,2.0],"texture":"#0"},"east":{"uv":[4.5,0.0,6.5,2.0],"texture":"#0"},"south":{"uv":[0.0,2.0,2.5,4.0],"texture":"#0"},"west":{"uv":[0.0,4.0,2.0,6.0],"texture":"#0"},"up":{"uv":[4.5,2.5,2.5,0.0],"texture":"#0","rotation":270},"down":{"uv":[4.5,2.5,2.5,5.0],"texture":"#0","rotation":90}}},{"from":[4.5,0.0,5.0],"to":[11.5,7.0,11.0],"rotation":{"origin":[4.0,5.0,7.0],"axis":"y","angle":0.0},"faces":{"north":{"uv":[4.5,2.0,6.25,3.75],"texture":"#0"},"east":{"uv":[3.5,5.5,5.0,7.25],"texture":"#0"},"south":{"uv":[4.5,3.75,6.25,5.5],"texture":"#0"},"west":{"uv":[2.0,5.0,3.5,6.75],"texture":"#0"},"up":{"uv":[6.5,7.25,5.0,5.5],"texture":"#0","rotation":270},"down":{"uv":[1.5,6.0,0.0,7.75],"texture":"#0","rotation":90}}},{"from":[10.0,0.0,3.0],"to":[12.0,2.0,7.0],"rotation":{"origin":[12.0,0.0,5.0],"axis":"y","angle":-22.5},"faces":{"north":{"uv":[7.5,7.0,8.0,7.5],"texture":"#0"},"east":{"uv":[7.25,0.0,8.25,0.5],"texture":"#0"},"south":{"uv":[0.0,7.75,0.5,8.25],"texture":"#0"},"west":{"uv":[6.5,7.0,7.5,7.5],"texture":"#0"},"up":{"uv":[8.25,1.0,7.25,0.5],"texture":"#0","rotation":270},"down":{"uv":[8.25,1.0,7.25,1.5],"texture":"#0","rotation":90}}},{"from":[0.5,3.0,7.0],"to":[4.5,5.0,9.0],"rotation":{"origin":[4.5,4.0,8.0],"axis":"z","angle":45.0},"faces":{"north":{"uv":[7.25,1.5,8.25,2.0],"texture":"#0"},"east":{"uv":[1.0,7.75,1.5,8.25],"texture":"#0"},"south":{"uv":[3.25,7.25,4.25,7.75],"texture":"#0"},"west":{"uv":[0.5,7.75,1.0,8.25],"texture":"#0"},"up":{"uv":[2.5,5.0,2.0,4.0],"texture":"#0","rotation":270},"down":{"uv":[4.75,7.25,4.25,8.25],"texture":"#0","rotation":90}}},{"from":[4.0,0.0,3.0],"to":[6.0,2.0,7.0],"rotation":{"origin":[4.0,0.0,5.0],"axis":"y","angle":22.5},"faces":{"north":{"uv":[1.5,6.0,2.0,6.5],"texture":"#0"},"east":{"uv":[7.0,3.75,8.0,4.25],"texture":"#0"},"south":{"uv":[2.25,7.5,2.75,8.0],"texture":"#0"},"west":{"uv":[3.5,5.0,4.5,5.5],"texture":"#0"},"up":{"uv":[8.0,4.75,7.0,4.25],"texture":"#0","rotation":270},"down":{"uv":[8.0,4.75,7.0,5.25],"texture":"#0","rotation":90}}},{"from":[11.5,3.0,7.0],"to":[15.5,5.0,9.0],"rotation":{"origin":[11.5,4.0,8.0],"axis":"z","angle":-45.0},"faces":{"north":{"uv":[8.25,1.5,7.25,2.0],"texture":"#0"},"east":{"uv":[1.0,7.75,0.5,8.25],"texture":"#0"},"south":{"uv":[4.25,7.25,3.25,7.75],"texture":"#0"},"west":{"uv":[1.5,7.75,1.0,8.25],"texture":"#0"},"up":{"uv":[2.5,4.0,2.0,5.0],"texture":"#0","rotation":270},"down":{"uv":[4.75,8.25,4.25,7.25],"texture":"#0","rotation":90}}}],"textures":{"particle":"demofurniture:minecube","0":"demofurniture:minecube"}}