{"sources":[{"type":"single","resource":"vanilla_blocks:acacia_lantern_top"},{"type":"single","resource":"vanilla_blocks:andesite_bricks"},{"type":"single","resource":"vanilla_blocks:bamboo_lantern_top"},{"type":"single","resource":"park_plus:bench"},{"type":"single","resource":"vanilla_blocks:birch_lantern_top"},{"type":"single","resource":"park_plus:bird_house"},{"type":"single","resource":"terracotta:black_terracotta_bricks"},{"type":"single","resource":"terracotta:black_terracotta_shingles"},{"type":"single","resource":"terracotta:black_terracotta_wall"},{"type":"single","resource":"blade_pack/aqua_blade"},{"type":"single","resource":"blade_pack/bedrock_blade"},{"type":"single","resource":"blade_pack/flame_blade"},{"type":"single","resource":"blade_pack/ice_blade"},{"type":"single","resource":"blade_pack/void_blade"},{"type":"single","resource":"blade_pack/void_blade_handle"},{"type":"single","resource":"block/soul_sand"},{"type":"single","resource":"block/stone"},{"type":"single","resource":"pack1:blocks/aquamarine_ore"},{"type":"single","resource":"pack1:blocks/deepslate_aquamarine_ore"},{"type":"single","resource":"pack1:blocks/deepslate_lithium_ore"},{"type":"single","resource":"pack1:blocks/deepslate_ruby_ore"},{"type":"single","resource":"pack1:blocks/deepslate_silver_ore"},{"type":"single","resource":"pack1:blocks/deepslate_topaz_ore"},{"type":"single","resource":"pack1:blocks/lithium_ore"},{"type":"single","resource":"pack1:blocks/ruby_ore"},{"type":"single","resource":"pack1:blocks/silver_ore"},{"type":"single","resource":"pack1:blocks/topaz_ore"},{"type":"single","resource":"terracotta:blue_terracotta_bricks"},{"type":"single","resource":"terracotta:blue_terracotta_shingles"},{"type":"single","resource":"terracotta:blue_terracotta_wall"},{"type":"single","resource":"park_plus:box"},{"type":"single","resource":"park_plus:box_construction"},{"type":"single","resource":"terracotta:brown_terracotta_bricks"},{"type":"single","resource":"terracotta:brown_terracotta_shingles"},{"type":"single","resource":"terracotta:brown_terracotta_wall"},{"type":"single","resource":"demofurniture:build"},{"type":"single","resource":"demofurniture:cactous"},{"type":"single","resource":"vanilla_blocks:carved_birch_planks_top"},{"type":"single","resource":"vanilla_blocks:carved_cherry_planks_top"},{"type":"single","resource":"vanilla_blocks:carved_crimson_planks_top"},{"type":"single","resource":"vanilla_blocks:carved_dark_oak_planks_top"},{"type":"single","resource":"vanilla_blocks:carved_jungle_planks_top"},{"type":"single","resource":"vanilla_blocks:carved_mangrove_planks_top"},{"type":"single","resource":"vanilla_blocks:carved_oak_planks_top"},{"type":"single","resource":"vanilla_blocks:carved_warped_planks_top"},{"type":"single","resource":"vanilla_blocks:cherry_lantern_top"},{"type":"single","resource":"vanilla_blocks:chiseled_andesite_top"},{"type":"single","resource":"vanilla_blocks:chiseled_diamond"},{"type":"single","resource":"vanilla_blocks:chiseled_diorite_top"},{"type":"single","resource":"vanilla_blocks:chiseled_emerald"},{"type":"single","resource":"vanilla_blocks:chiseled_gold"},{"type":"single","resource":"vanilla_blocks:chiseled_granite_top"},{"type":"single","resource":"vanilla_blocks:chiseled_iron"},{"type":"single","resource":"vanilla_blocks:chiseled_lapis"},{"type":"single","resource":"vanilla_blocks:chiseled_mud"},{"type":"single","resource":"vanilla_blocks:chiseled_netherite"},{"type":"single","resource":"vanilla_blocks:chiseled_packed_ice_bricks_top"},{"type":"single","resource":"vanilla_blocks:chiseled_red_nether_bricks_top"},{"type":"single","resource":"vanilla_blocks:chiseled_redstone"},{"type":"single","resource":"vanilla_blocks:chiseled_soul_bricks_top"},{"type":"single","resource":"vanilla_blocks:chiseled_stone_top"},{"type":"single","resource":"demofurniture:club/base_piano"},{"type":"single","resource":"demofurniture:club/base_platine"},{"type":"single","resource":"demofurniture:club/electar"},{"type":"single","resource":"park_plus:concret_pot_plant"},{"type":"single","resource":"vanilla_blocks:copper_bricks"},{"type":"single","resource":"vanilla_blocks:crimson_lantern_top"},{"type":"single","resource":"demofurniture:crown"},{"type":"single","resource":"demofurniture:cube"},{"type":"single","resource":"terracotta:cyan_terracotta_bricks"},{"type":"single","resource":"terracotta:cyan_terracotta_shingles"},{"type":"single","resource":"terracotta:cyan_terracotta_wall"},{"type":"single","resource":"vanilla_blocks:dark_oak_lantern_top"},{"type":"single","resource":"demofurniture:demo"},{"type":"single","resource":"demoitems:diamond_axe/double_axe"},{"type":"single","resource":"vanilla_blocks:diamond_bricks"},{"type":"single","resource":"demoitems:diamond_sword/backstabber"},{"type":"single","resource":"demoitems:diamond_sword/battlestaff"},{"type":"single","resource":"demoitems:diamond_sword/soul_knife"},{"type":"single","resource":"demoitems:diamond_sword/spatula"},{"type":"single","resource":"demoitems:diamond_sword/tempest_knife"},{"type":"single","resource":"vanilla_blocks:diorite_bricks"},{"type":"single","resource":"vanilla_blocks:emerald_bricks"},{"type":"single","resource":"vanilla_blocks:exposed_copper_bricks"},{"type":"single","resource":"park_plus:fence"},{"type":"single","resource":"park_plus:flower_pot"},{"type":"single","resource":"food_expansion_free/applejuice"},{"type":"single","resource":"food_expansion_free/bacon"},{"type":"single","resource":"food_expansion_free/beer"},{"type":"single","resource":"food_expansion_free/burger"},{"type":"single","resource":"food_expansion_free/cheese"},{"type":"single","resource":"food_expansion_free/chickenwing"},{"type":"single","resource":"food_expansion_free/chips"},{"type":"single","resource":"food_expansion_free/chocolate"},{"type":"single","resource":"food_expansion_free/chocolatecake"},{"type":"single","resource":"food_expansion_free/cola"},{"type":"single","resource":"vanilla_blocks:gold_bricks"},{"type":"single","resource":"demoitems:golden_axe/double_axe"},{"type":"single","resource":"demoitems:golden_sword/backstabber"},{"type":"single","resource":"demoitems:golden_sword/battlestaff"},{"type":"single","resource":"demoitems:golden_sword/soul_knife"},{"type":"single","resource":"demoitems:golden_sword/spatula"},{"type":"single","resource":"demoitems:golden_sword/tempest_knife"},{"type":"single","resource":"vanilla_blocks:granite_bricks"},{"type":"single","resource":"terracotta:gray_terracotta_bricks"},{"type":"single","resource":"terracotta:gray_terracotta_shingles"},{"type":"single","resource":"terracotta:gray_terracotta_wall"},{"type":"single","resource":"terracotta:green_terracotta_bricks"},{"type":"single","resource":"terracotta:green_terracotta_shingles"},{"type":"single","resource":"terracotta:green_terracotta_wall"},{"type":"single","resource":"demoitems:hammer/diamond_hammer"},{"type":"single","resource":"demoitems:hammer/golden_hammer"},{"type":"single","resource":"demoitems:hammer/iron_hammer"},{"type":"single","resource":"demoitems:iron_axe/double_axe"},{"type":"single","resource":"vanilla_blocks:iron_bricks"},{"type":"single","resource":"demoitems:iron_sword/backstabber"},{"type":"single","resource":"demoitems:iron_sword/battlestaff"},{"type":"single","resource":"demoitems:iron_sword/soul_knife"},{"type":"single","resource":"demoitems:iron_sword/spatula"},{"type":"single","resource":"demoitems:iron_sword/tempest_knife"},{"type":"single","resource":"item/apple"},{"type":"single","resource":"item/bone"},{"type":"single","resource":"demoicons:item/book_bg"},{"type":"single","resource":"demoicons:item/crown"},{"type":"single","resource":"demoicons:item/crown_bg"},{"type":"single","resource":"item/diamond"},{"type":"single","resource":"item/diamond_axe"},{"type":"single","resource":"item/diamond_pickaxe"},{"type":"single","resource":"item/diamond_sword"},{"type":"single","resource":"demoicons:item/discord"},{"type":"single","resource":"demoicons:item/discord_bg"},{"type":"single","resource":"demoicons:item/friend"},{"type":"single","resource":"demoicons:item/friend_bg"},{"type":"single","resource":"demoicons:item/gamepad"},{"type":"single","resource":"demoicons:item/gamepad_bg"},{"type":"single","resource":"item/golden_axe"},{"type":"single","resource":"item/golden_hoe"},{"type":"single","resource":"item/golden_pickaxe"},{"type":"single","resource":"item/golden_shovel"},{"type":"single","resource":"item/golden_sword"},{"type":"single","resource":"demoicons:item/hat"},{"type":"single","resource":"demoicons:item/hat_bg"},{"type":"single","resource":"demoicons:item/home"},{"type":"single","resource":"demoicons:item/home_bg"},{"type":"single","resource":"demoicons:item/instagram"},{"type":"single","resource":"demoicons:item/instagram_bg"},{"type":"single","resource":"item/iron_axe"},{"type":"single","resource":"item/iron_hoe"},{"type":"single","resource":"item/iron_pickaxe"},{"type":"single","resource":"item/iron_shovel"},{"type":"single","resource":"item/iron_sword"},{"type":"single","resource":"item/leather_boots"},{"type":"single","resource":"item/leather_boots_overlay"},{"type":"single","resource":"item/leather_chestplate"},{"type":"single","resource":"item/leather_chestplate_overlay"},{"type":"single","resource":"item/leather_helmet"},{"type":"single","resource":"item/leather_helmet_overlay"},{"type":"single","resource":"item/leather_leggings"},{"type":"single","resource":"item/leather_leggings_overlay"},{"type":"single","resource":"item/map"},{"type":"single","resource":"demoicons:item/medal"},{"type":"single","resource":"demoicons:item/medal_bg"},{"type":"single","resource":"item/netherite_axe"},{"type":"single","resource":"item/netherite_sword"},{"type":"single","resource":"demoicons:item/neuil"},{"type":"single","resource":"item/paper"},{"type":"single","resource":"demoicons:item/party"},{"type":"single","resource":"demoicons:item/party_bg"},{"type":"single","resource":"item/potion"},{"type":"single","resource":"item/potion_overlay"},{"type":"single","resource":"demoicons:item/quest"},{"type":"single","resource":"demoicons:item/quest_bg"},{"type":"single","resource":"demoicons:item/settings"},{"type":"single","resource":"demoicons:item/settings_bg"},{"type":"single","resource":"item/stone_axe"},{"type":"single","resource":"item/stone_sword"},{"type":"single","resource":"demoicons:item/twitch"},{"type":"single","resource":"demoicons:item/twitch_bg"},{"type":"single","resource":"item/wooden_axe"},{"type":"single","resource":"item/wooden_sword"},{"type":"single","resource":"demoicons:item/x"},{"type":"single","resource":"demoicons:item/x_bg"},{"type":"single","resource":"demoicons:item/youtube"},{"type":"single","resource":"demoicons:item/youtube_bg"},{"type":"single","resource":"pack1:items/aid_kit"},{"type":"single","resource":"pack1:items/aquamarine"},{"type":"single","resource":"pack1:items/aquamarine_ring"},{"type":"single","resource":"pack1:items/band"},{"type":"single","resource":"pack1:items/bandage"},{"type":"single","resource":"pack1:items/battery1"},{"type":"single","resource":"pack1:items/battery2"},{"type":"single","resource":"pack1:items/blue_flower"},{"type":"single","resource":"pack1:items/blue_petal"},{"type":"single","resource":"pack1:items/bolak"},{"type":"single","resource":"pack1:items/can1"},{"type":"single","resource":"pack1:items/can2"},{"type":"single","resource":"pack1:items/eel"},{"type":"single","resource":"pack1:items/emerald_ring"},{"type":"single","resource":"pack1:items/fire_book"},{"type":"single","resource":"pack1:items/fire_element"},{"type":"single","resource":"pack1:items/fire_rune"},{"type":"single","resource":"pack1:items/fire_staff"},{"type":"single","resource":"pack1:items/flatfish"},{"type":"single","resource":"pack1:items/green_flower"},{"type":"single","resource":"pack1:items/green_petal"},{"type":"single","resource":"pack1:items/lithium_ingot"},{"type":"single","resource":"pack1:items/mullet"},{"type":"single","resource":"pack1:items/orange_flower"},{"type":"single","resource":"pack1:items/orange_petal"},{"type":"single","resource":"items/phone"},{"type":"single","resource":"items/pixel"},{"type":"single","resource":"pack1:items/potion1"},{"type":"single","resource":"pack1:items/potion2"},{"type":"single","resource":"pack1:items/potion3"},{"type":"single","resource":"pack1:items/potion4"},{"type":"single","resource":"pack1:items/potion5"},{"type":"single","resource":"pack1:items/potion6"},{"type":"single","resource":"pack1:items/purple_flower"},{"type":"single","resource":"pack1:items/purple_petal"},{"type":"single","resource":"pack1:items/raw_bolak"},{"type":"single","resource":"pack1:items/raw_eel"},{"type":"single","resource":"pack1:items/raw_flatfish"},{"type":"single","resource":"pack1:items/raw_lithium"},{"type":"single","resource":"pack1:items/raw_mullet"},{"type":"single","resource":"pack1:items/raw_silver"},{"type":"single","resource":"pack1:items/raw_squid"},{"type":"single","resource":"pack1:items/raw_yellowtail"},{"type":"single","resource":"pack1:items/red_flower"},{"type":"single","resource":"pack1:items/red_petal"},{"type":"single","resource":"pack1:items/ring"},{"type":"single","resource":"pack1:items/ruby"},{"type":"single","resource":"pack1:items/ruby_ring"},{"type":"single","resource":"pack1:items/scroll1"},{"type":"single","resource":"pack1:items/scroll2"},{"type":"single","resource":"pack1:items/scroll3"},{"type":"single","resource":"pack1:items/scroll4"},{"type":"single","resource":"pack1:items/silver_ingot"},{"type":"single","resource":"pack1:items/squid"},{"type":"single","resource":"pack1:items/syringe"},{"type":"single","resource":"pack1:items/thunder_book"},{"type":"single","resource":"pack1:items/thunder_element"},{"type":"single","resource":"pack1:items/thunder_rune"},{"type":"single","resource":"pack1:items/thunder_staff"},{"type":"single","resource":"pack1:items/topaz"},{"type":"single","resource":"pack1:items/topaz_ring"},{"type":"single","resource":"pack1:items/water_book"},{"type":"single","resource":"pack1:items/water_element"},{"type":"single","resource":"pack1:items/water_rune"},{"type":"single","resource":"pack1:items/water_staff"},{"type":"single","resource":"pack1:items/yellow_flower"},{"type":"single","resource":"pack1:items/yellow_petal"},{"type":"single","resource":"pack1:items/yellowtail"},{"type":"single","resource":"vanilla_blocks:jungle_lantern_top"},{"type":"single","resource":"demofurniture:karts/rouge"},{"type":"single","resource":"demofurniture:karts/vaati"},{"type":"single","resource":"park_plus:lantern_box"},{"type":"single","resource":"park_plus:lantern_plus"},{"type":"single","resource":"vanilla_blocks:lapis_bricks"},{"type":"single","resource":"terracotta:light_blue_terracotta_bricks"},{"type":"single","resource":"terracotta:light_blue_terracotta_shingles"},{"type":"single","resource":"terracotta:light_blue_terracotta_wall"},{"type":"single","resource":"terracotta:light_gray_terracotta_bricks"},{"type":"single","resource":"terracotta:light_gray_terracotta_shingles"},{"type":"single","resource":"terracotta:light_gray_terracotta_wall"},{"type":"single","resource":"park_plus:light_pallet"},{"type":"single","resource":"terracotta:lime_terracotta_bricks"},{"type":"single","resource":"terracotta:lime_terracotta_shingles"},{"type":"single","resource":"terracotta:lime_terracotta_wall"},{"type":"single","resource":"park_plus:little_box"},{"type":"single","resource":"demofurniture:live"},{"type":"single","resource":"park_plus:log_bench"},{"type":"single","resource":"demoicons:logo/demoishidden"},{"type":"single","resource":"demoicons:logo/lobbies"},{"type":"single","resource":"terracotta:magenta_terracotta_bricks"},{"type":"single","resource":"terracotta:magenta_terracotta_shingles"},{"type":"single","resource":"terracotta:magenta_terracotta_wall"},{"type":"single","resource":"vanilla_blocks:mangrove_lantern_top"},{"type":"single","resource":"funaradio:micro_fix"},{"type":"single","resource":"demofurniture:minecube"},{"type":"single","resource":"demoicons:misc/arrowleft"},{"type":"single","resource":"demoicons:misc/arrowright"},{"type":"single","resource":"demoicons:misc/arrowup"},{"type":"single","resource":"demoicons:misc/book"},{"type":"single","resource":"demoicons:misc/bookdark"},{"type":"single","resource":"demoicons:misc/check"},{"type":"single","resource":"demoicons:misc/chest"},{"type":"single","resource":"demoicons:misc/chestdark"},{"type":"single","resource":"demoicons:misc/chestfull"},{"type":"single","resource":"demoicons:misc/chestopen"},{"type":"single","resource":"demoicons:misc/expressdelivery"},{"type":"single","resource":"demoicons:misc/levelgreen"},{"type":"single","resource":"demoicons:misc/levellocked"},{"type":"single","resource":"demoicons:misc/levelred"},{"type":"single","resource":"demoicons:misc/levelyellow"},{"type":"single","resource":"demoicons:misc/lightningdelivery"},{"type":"single","resource":"demoicons:misc/minus"},{"type":"single","resource":"demoicons:misc/plus"},{"type":"single","resource":"demoicons:misc/rewardclosedone"},{"type":"single","resource":"demoicons:misc/rewardclosedthree"},{"type":"single","resource":"demoicons:misc/rewardclosedtwo"},{"type":"single","resource":"demoicons:misc/rewarddone"},{"type":"single","resource":"demoicons:misc/rewardthree"},{"type":"single","resource":"demoicons:misc/rewardtwo"},{"type":"single","resource":"demoicons:misc/rules"},{"type":"single","resource":"demoicons:misc/set"},{"type":"single","resource":"demoicons:misc/standarddelivery"},{"type":"single","resource":"vanilla_blocks:molten_scoria_bricks"},{"type":"single","resource":"vanilla_blocks:molten_scoria_top"},{"type":"single","resource":"demoitems:netherite_axe/double_axe"},{"type":"single","resource":"vanilla_blocks:netherite_bricks"},{"type":"single","resource":"demoitems:netherite_sword/backstabber"},{"type":"single","resource":"demoitems:netherite_sword/battlestaff"},{"type":"single","resource":"demoitems:netherite_sword/soul_knife"},{"type":"single","resource":"demoitems:netherite_sword/spatula"},{"type":"single","resource":"demoitems:netherite_sword/tempest_knife"},{"type":"single","resource":"vanilla_blocks:oak_lantern_top"},{"type":"single","resource":"terracotta:orange_terracotta_bricks"},{"type":"single","resource":"terracotta:orange_terracotta_shingles"},{"type":"single","resource":"terracotta:orange_terracotta_wall"},{"type":"single","resource":"vanilla_blocks:oxidized_copper_bricks"},{"type":"single","resource":"vanilla_blocks:packed_dirt"},{"type":"single","resource":"vanilla_blocks:packed_ice_bricks"},{"type":"single","resource":"park_plus:picnictable"},{"type":"single","resource":"park_plus:picnictable_nappe"},{"type":"single","resource":"terracotta:pink_terracotta_bricks"},{"type":"single","resource":"terracotta:pink_terracotta_shingles"},{"type":"single","resource":"terracotta:pink_terracotta_wall"},{"type":"single","resource":"vanilla_blocks:polished_mud"},{"type":"single","resource":"vanilla_blocks:polished_packed_ice"},{"type":"single","resource":"terracotta:purple_terracotta_bricks"},{"type":"single","resource":"terracotta:purple_terracotta_shingles"},{"type":"single","resource":"terracotta:purple_terracotta_wall"},{"type":"single","resource":"terracotta:red_terracotta_bricks"},{"type":"single","resource":"terracotta:red_terracotta_shingles"},{"type":"single","resource":"terracotta:red_terracotta_wall"},{"type":"single","resource":"vanilla_blocks:redstone_bricks"},{"type":"single","resource":"required/cancel_icon"},{"type":"single","resource":"required/directory_icon"},{"type":"single","resource":"required/next_page_icon"},{"type":"single","resource":"required/previous_page_icon"},{"type":"single","resource":"demofurniture:rune"},{"type":"single","resource":"vanilla_blocks:scoria_bricks"},{"type":"single","resource":"vanilla_blocks:scoria_top"},{"type":"single","resource":"demoicons:sonic"},{"type":"single","resource":"vanilla_blocks:soul_bricks"},{"type":"single","resource":"vanilla_blocks:spruce_lantern_top"},{"type":"single","resource":"vanilla_blocks:spruce_planks_carved_top"},{"type":"single","resource":"park_plus:stele"},{"type":"single","resource":"demoitems:stone_axe/double_axe"},{"type":"single","resource":"demoitems:stone_sword/backstabber"},{"type":"single","resource":"demoitems:stone_sword/battlestaff"},{"type":"single","resource":"demoitems:stone_sword/soul_knife"},{"type":"single","resource":"demoitems:stone_sword/spatula"},{"type":"single","resource":"demoitems:stone_sword/tempest_knife"},{"type":"single","resource":"park_plus:swing"},{"type":"single","resource":"terracotta:terracotta_bricks"},{"type":"single","resource":"terracotta:terracotta_shingles"},{"type":"single","resource":"terracotta:terracotta_wall"},{"type":"single","resource":"vanilla_blocks:thatch_top_bottom"},{"type":"single","resource":"pack1:tools/lithium_axe"},{"type":"single","resource":"pack1:tools/lithium_hoe"},{"type":"single","resource":"pack1:tools/lithium_pickaxe"},{"type":"single","resource":"pack1:tools/lithium_shovel"},{"type":"single","resource":"pack1:tools/lithium_sword"},{"type":"single","resource":"pack1:tools/silver_axe"},{"type":"single","resource":"pack1:tools/silver_hoe"},{"type":"single","resource":"pack1:tools/silver_pickaxe"},{"type":"single","resource":"pack1:tools/silver_shovel"},{"type":"single","resource":"pack1:tools/silver_sword"},{"type":"single","resource":"tools_and_armors_expansion/lapis_boots"},{"type":"single","resource":"tools_and_armors_expansion/lapis_chestplate"},{"type":"single","resource":"tools_and_armors_expansion/lapis_helmet"},{"type":"single","resource":"tools_and_armors_expansion/lapis_lazuli_axe"},{"type":"single","resource":"tools_and_armors_expansion/lapis_lazuli_hoe"},{"type":"single","resource":"tools_and_armors_expansion/lapis_lazuli_pickaxe"},{"type":"single","resource":"tools_and_armors_expansion/lapis_lazuli_shovel"},{"type":"single","resource":"tools_and_armors_expansion/lapis_lazuli_sword"},{"type":"single","resource":"tools_and_armors_expansion/lapis_leggings"},{"type":"single","resource":"demofurniture:vaati_demo"},{"type":"single","resource":"vanilla_blocks:warped_lantern_top"},{"type":"single","resource":"vanilla_blocks:weathered_copper_bricks"},{"type":"single","resource":"terracotta:white_terracotta_bricks"},{"type":"single","resource":"terracotta:white_terracotta_shingles"},{"type":"single","resource":"terracotta:white_terracotta_wall"},{"type":"single","resource":"demoitems:wooden_axe/double_axe"},{"type":"single","resource":"demoitems:wooden_sword/backstabber"},{"type":"single","resource":"demoitems:wooden_sword/battlestaff"},{"type":"single","resource":"demoitems:wooden_sword/soul_knife"},{"type":"single","resource":"demoitems:wooden_sword/spatula"},{"type":"single","resource":"demoitems:wooden_sword/tempest_knife"},{"type":"single","resource":"terracotta:yellow_terracotta_bricks"},{"type":"single","resource":"terracotta:yellow_terracotta_shingles"},{"type":"single","resource":"terracotta:yellow_terracotta_wall"}]}