{"display":{"fixed":{"rotation":[90.0,0.0,0.0],"translation":[0.0,2.75,31.749],"scale":[4.0,4.0,4.0]}},"elements":[{"from":[0.0,0.0,0.0],"to":[16.0,0.0,16.0],"rotation":{"origin":[8.0,0.0,8.0],"axis":"y","angle":0.0},"faces":{"north":{"uv":[0.0,0.0,16.0,16.0],"texture":"#0"},"east":{"uv":[0.0,0.0,16.0,16.0],"texture":"#0"},"south":{"uv":[0.0,0.0,16.0,16.0],"texture":"#0"},"west":{"uv":[0.0,0.0,16.0,16.0],"texture":"#0"},"up":{"texture":"#0"},"down":{"uv":[0.0,16.0,16.0,0.0],"texture":"#0"}}}],"textures":{"particle":"items/pixel","0":"items/pixel"}}