{"parent":"item/handheld","textures":{"layer0":"item/golden_sword"},"overrides":[{"predicate":{"custom_model_data":2000},"model":"golden_backstabber"},{"predicate":{"custom_model_data":2001},"model":"golden_battlestaff"},{"predicate":{"custom_model_data":2002},"model":"golden_soul_knife"},{"predicate":{"custom_model_data":2003},"model":"golden_spatula"},{"predicate":{"custom_model_data":2004},"model":"golden_tempest_knife"},{"predicate":{"custom_model_data":200350},"model":"pack1_lithium_sword"}]}