{"parent":"item/handheld","textures":{"layer0":"item/iron_sword"},"overrides":[{"predicate":{"custom_model_data":1000},"model":"lapis_lazuli_sword"},{"predicate":{"custom_model_data":2000},"model":"iron_backstabber"},{"predicate":{"custom_model_data":2001},"model":"iron_battlestaff"},{"predicate":{"custom_model_data":2002},"model":"iron_soul_knife"},{"predicate":{"custom_model_data":2003},"model":"iron_spatula"},{"predicate":{"custom_model_data":2004},"model":"iron_tempest_knife"},{"predicate":{"custom_model_data":200350},"model":"pack1_silver_sword"}]}