{"parent":"item/handheld","textures":{"layer0":"item/netherite_sword"},"overrides":[{"predicate":{"custom_model_data":1000},"model":"blade_pack/flame_blade"},{"predicate":{"custom_model_data":1001},"model":"blade_pack/void_blade"},{"predicate":{"custom_model_data":1002},"model":"blade_pack/ice_blade"},{"predicate":{"custom_model_data":1003},"model":"blade_pack/aqua_blade"},{"predicate":{"custom_model_data":1004},"model":"blade_pack/bedrock_blade"},{"predicate":{"custom_model_data":2000},"model":"netherite_backstabber"},{"predicate":{"custom_model_data":2001},"model":"netherite_battlestaff"},{"predicate":{"custom_model_data":2002},"model":"netherite_soul_knife"},{"predicate":{"custom_model_data":2003},"model":"netherite_spatula"},{"predicate":{"custom_model_data":2004},"model":"netherite_tempest_knife"}]}