{"parent":"item/generated","textures":{"layer0":"item/paper"},"overrides":[{"predicate":{"custom_model_data":1000},"model":"demoicons_crown"},{"predicate":{"custom_model_data":1033},"model":"arrowright"},{"predicate":{"custom_model_data":1034},"model":"bookdark"},{"predicate":{"custom_model_data":1035},"model":"check"},{"predicate":{"custom_model_data":1036},"model":"chest"},{"predicate":{"custom_model_data":1037},"model":"chestdark"},{"predicate":{"custom_model_data":1038},"model":"chestfull"},{"predicate":{"custom_model_data":1039},"model":"chestopen"},{"predicate":{"custom_model_data":1040},"model":"expressdelivery"},{"predicate":{"custom_model_data":1044},"model":"levelgreen"},{"predicate":{"custom_model_data":1045},"model":"levellocked"},{"predicate":{"custom_model_data":1046},"model":"levelred"},{"predicate":{"custom_model_data":1047},"model":"levelyellow"},{"predicate":{"custom_model_data":1048},"model":"lightningdelivery"},{"predicate":{"custom_model_data":1049},"model":"minus"},{"predicate":{"custom_model_data":1050},"model":"plus"},{"predicate":{"custom_model_data":1051},"model":"rewardclosedone"},{"predicate":{"custom_model_data":1052},"model":"rewardclosedthree"},{"predicate":{"custom_model_data":1053},"model":"rewardclosedtwo"},{"predicate":{"custom_model_data":1054},"model":"rewarddone"},{"predicate":{"custom_model_data":1055},"model":"rewardthree"},{"predicate":{"custom_model_data":1056},"model":"rewardtwo"},{"predicate":{"custom_model_data":1057},"model":"rules"},{"predicate":{"custom_model_data":1058},"model":"set"},{"predicate":{"custom_model_data":1059},"model":"standarddelivery"},{"predicate":{"custom_model_data":1234},"model":"the_demophone"},{"predicate":{"custom_model_data":2033},"model":"arrowleft"},{"predicate":{"custom_model_data":3033},"model":"arrowup"},{"predicate":{"custom_model_data":10009},"model":"acacia_lantern"},{"predicate":{"custom_model_data":10010},"model":"andesite_bricks"},{"predicate":{"custom_model_data":10011},"model":"bamboo_lantern"},{"predicate":{"custom_model_data":10012},"model":"birch_lantern"},{"predicate":{"custom_model_data":10013},"model":"carved_birch_planks"},{"predicate":{"custom_model_data":10014},"model":"carved_cherry_planks"},{"predicate":{"custom_model_data":10015},"model":"carved_crimson_planks"},{"predicate":{"custom_model_data":10016},"model":"carved_dark_oak_planks"},{"predicate":{"custom_model_data":10017},"model":"carved_jungle_planks"},{"predicate":{"custom_model_data":10018},"model":"carved_mangrove_planks"},{"predicate":{"custom_model_data":10019},"model":"carved_oak_planks"},{"predicate":{"custom_model_data":10020},"model":"carved_warped_planks"},{"predicate":{"custom_model_data":10021},"model":"cherry_lantern"},{"predicate":{"custom_model_data":10022},"model":"chiseled_andesite"},{"predicate":{"custom_model_data":10023},"model":"chiseled_diorite"},{"predicate":{"custom_model_data":10024},"model":"chiseled_granite"},{"predicate":{"custom_model_data":10025},"model":"chiseled_diamond"},{"predicate":{"custom_model_data":10026},"model":"chiseled_emerald"},{"predicate":{"custom_model_data":10027},"model":"chiseled_gold"},{"predicate":{"custom_model_data":10028},"model":"chiseled_iron"},{"predicate":{"custom_model_data":10029},"model":"chiseled_lapis"},{"predicate":{"custom_model_data":10030},"model":"chiseled_mud"},{"predicate":{"custom_model_data":10031},"model":"chiseled_netherite"},{"predicate":{"custom_model_data":10032},"model":"chiseled_packed_ice_bricks"},{"predicate":{"custom_model_data":10033},"model":"chiseled_red_nether_bricks"},{"predicate":{"custom_model_data":10034},"model":"chiseled_redstone"},{"predicate":{"custom_model_data":10035},"model":"chiseled_soul_bricks"},{"predicate":{"custom_model_data":10036},"model":"chiseled_stone"},{"predicate":{"custom_model_data":10037},"model":"copper_bricks"},{"predicate":{"custom_model_data":10038},"model":"crimson_lantern"},{"predicate":{"custom_model_data":10039},"model":"dark_oak_lantern"},{"predicate":{"custom_model_data":10040},"model":"diamond_bricks"},{"predicate":{"custom_model_data":10041},"model":"diorite_bricks"},{"predicate":{"custom_model_data":10042},"model":"emerald_bricks"},{"predicate":{"custom_model_data":10043},"model":"exposed_copper_bricks"},{"predicate":{"custom_model_data":10044},"model":"gold_bricks"},{"predicate":{"custom_model_data":10045},"model":"granite_bricks"},{"predicate":{"custom_model_data":10046},"model":"iron_bricks"},{"predicate":{"custom_model_data":10047},"model":"jungle_lantern"},{"predicate":{"custom_model_data":10048},"model":"lapis_bricks"},{"predicate":{"custom_model_data":10049},"model":"mangrove_lantern"},{"predicate":{"custom_model_data":10050},"model":"molten_scoria_bricks"},{"predicate":{"custom_model_data":10051},"model":"molten_scoria"},{"predicate":{"custom_model_data":10052},"model":"netherite_bricks"},{"predicate":{"custom_model_data":10053},"model":"oak_lantern"},{"predicate":{"custom_model_data":10054},"model":"oxidized_copper_bricks"},{"predicate":{"custom_model_data":10055},"model":"packed_dirt"},{"predicate":{"custom_model_data":10056},"model":"packed_ice_bricks"},{"predicate":{"custom_model_data":10057},"model":"polished_mud"},{"predicate":{"custom_model_data":10058},"model":"polished_packed_ice"},{"predicate":{"custom_model_data":10059},"model":"redstone_bricks"},{"predicate":{"custom_model_data":10060},"model":"scoria_bricks"},{"predicate":{"custom_model_data":10061},"model":"scoria"},{"predicate":{"custom_model_data":10062},"model":"soul_bricks"},{"predicate":{"custom_model_data":10063},"model":"spruce_lantern"},{"predicate":{"custom_model_data":10064},"model":"spruce_planks_carved"},{"predicate":{"custom_model_data":10065},"model":"thatch"},{"predicate":{"custom_model_data":10066},"model":"warped_lantern"},{"predicate":{"custom_model_data":10067},"model":"weathered_copper_bricks"},{"predicate":{"custom_model_data":10124},"model":"funaradio:standing_micro"},{"predicate":{"custom_model_data":10125},"model":"park_plus:bench"},{"predicate":{"custom_model_data":10126},"model":"park_plus:box"},{"predicate":{"custom_model_data":10127},"model":"park_plus:box_construction"},{"predicate":{"custom_model_data":10128},"model":"park_plus:under_construction"},{"predicate":{"custom_model_data":10129},"model":"park_plus:little_box"},{"predicate":{"custom_model_data":10130},"model":"park_plus:concret_pot_plant"},{"predicate":{"custom_model_data":10131},"model":"park_plus:wooden_flower_pot"},{"predicate":{"custom_model_data":10132},"model":"park_plus:log_bench"},{"predicate":{"custom_model_data":10133},"model":"park_plus:picnic_table"},{"predicate":{"custom_model_data":10134},"model":"park_plus:picnic_table_nappe"},{"predicate":{"custom_model_data":10135},"model":"park_plus:stele_1"},{"predicate":{"custom_model_data":10136},"model":"park_plus:stele_2"},{"predicate":{"custom_model_data":10137},"model":"park_plus:stele_3"},{"predicate":{"custom_model_data":10138},"model":"park_plus:stele_4"},{"predicate":{"custom_model_data":10139},"model":"park_plus:stele_5"},{"predicate":{"custom_model_data":10140},"model":"park_plus:street_lamp"},{"predicate":{"custom_model_data":10141},"model":"park_plus:street_lamp_double"},{"predicate":{"custom_model_data":10142},"model":"park_plus:street_lamp_quadruple"},{"predicate":{"custom_model_data":10143},"model":"park_plus:street_lamp_upper"},{"predicate":{"custom_model_data":10144},"model":"park_plus:street_lamp_upper_double"},{"predicate":{"custom_model_data":10145},"model":"park_plus:street_lamp_upper_quadruple"},{"predicate":{"custom_model_data":10146},"model":"park_plus:street_lamp_upper_triple"},{"predicate":{"custom_model_data":10147},"model":"park_plus:swing"},{"predicate":{"custom_model_data":10148},"model":"park_plus:bird_house"},{"predicate":{"custom_model_data":10149},"model":"park_plus:fence"},{"predicate":{"custom_model_data":10150},"model":"park_plus:light_wooden_pallet"},{"predicate":{"custom_model_data":10151},"model":"park_plus:wooden_pallet"},{"predicate":{"custom_model_data":10152},"model":"park_plus:wooden_ground_planks"},{"predicate":{"custom_model_data":10153},"model":"park_plus:lantern_box"},{"predicate":{"custom_model_data":10154},"model":"party"},{"predicate":{"custom_model_data":10155},"model":"party_bg"},{"predicate":{"custom_model_data":10156},"model":"quest"},{"predicate":{"custom_model_data":10157},"model":"quest_bg"},{"predicate":{"custom_model_data":10158},"model":"discord"},{"predicate":{"custom_model_data":10159},"model":"discord_bg"},{"predicate":{"custom_model_data":10160},"model":"youtube"},{"predicate":{"custom_model_data":10161},"model":"youtube_bg"},{"predicate":{"custom_model_data":10162},"model":"friend"},{"predicate":{"custom_model_data":10163},"model":"friend_bg"},{"predicate":{"custom_model_data":10164},"model":"book"},{"predicate":{"custom_model_data":10165},"model":"book_bg"},{"predicate":{"custom_model_data":10167},"model":"crown_bg"},{"predicate":{"custom_model_data":10168},"model":"hat"},{"predicate":{"custom_model_data":10169},"model":"hat_bg"},{"predicate":{"custom_model_data":10170},"model":"home"},{"predicate":{"custom_model_data":10171},"model":"home_bg"},{"predicate":{"custom_model_data":10172},"model":"settings"},{"predicate":{"custom_model_data":10173},"model":"settings_bg"},{"predicate":{"custom_model_data":10174},"model":"medal"},{"predicate":{"custom_model_data":10175},"model":"medal_bg"},{"predicate":{"custom_model_data":10176},"model":"x"},{"predicate":{"custom_model_data":10177},"model":"x_bg"},{"predicate":{"custom_model_data":10178},"model":"instagram"},{"predicate":{"custom_model_data":10179},"model":"instagram_bg"},{"predicate":{"custom_model_data":10180},"model":"gamepad"},{"predicate":{"custom_model_data":10181},"model":"gamepad_bg"},{"predicate":{"custom_model_data":10182},"model":"twitch"},{"predicate":{"custom_model_data":10183},"model":"twitch_bg"},{"predicate":{"custom_model_data":10184},"model":"demofurniture:demoreverse"},{"predicate":{"custom_model_data":10185},"model":"demofurniture:crown"},{"predicate":{"custom_model_data":10186},"model":"demofurniture:demo"},{"predicate":{"custom_model_data":10236},"model":"demofurniture:karts/rouge"},{"predicate":{"custom_model_data":10239},"model":"demofurniture:cactous"},{"predicate":{"custom_model_data":10240},"model":"demofurniture:club/platine"},{"predicate":{"custom_model_data":10241},"model":"demofurniture:club/piano"},{"predicate":{"custom_model_data":10242},"model":"demofurniture:club/electar"},{"predicate":{"custom_model_data":10243},"model":"demolive"},{"predicate":{"custom_model_data":10244},"model":"demoreach"},{"predicate":{"custom_model_data":10245},"model":"demoscale"},{"predicate":{"custom_model_data":10246},"model":"demofurniture:mistere"},{"predicate":{"custom_model_data":10247},"model":"demofurniture:tripleshot"},{"predicate":{"custom_model_data":10248},"model":"demofurniture:multiplier"},{"predicate":{"custom_model_data":10249},"model":"demofurniture:npc"},{"predicate":{"custom_model_data":10250},"model":"demofurniture:karts/vaati"},{"predicate":{"custom_model_data":10251},"model":"sonic"},{"predicate":{"custom_model_data":14000},"model":"demoishidden"},{"predicate":{"custom_model_data":14001},"model":"lobbies"},{"predicate":{"custom_model_data":14002},"model":"neuil"},{"predicate":{"custom_model_data":20400},"model":"demofurniture:ballons/cactous"},{"predicate":{"custom_model_data":20401},"model":"demofurniture:ballons/demo"},{"predicate":{"custom_model_data":20402},"model":"demofurniture:ballons/minecube"},{"predicate":{"custom_model_data":200350},"model":"pack1_ruby"},{"predicate":{"custom_model_data":200351},"model":"pack1_topaz"},{"predicate":{"custom_model_data":200352},"model":"pack1_aquamarine"},{"predicate":{"custom_model_data":200353},"model":"pack1_raw_silver"},{"predicate":{"custom_model_data":200354},"model":"pack1_silver_ingot"},{"predicate":{"custom_model_data":200355},"model":"pack1_ring"},{"predicate":{"custom_model_data":200356},"model":"pack1_emerald_ring"},{"predicate":{"custom_model_data":200357},"model":"pack1_ruby_ring"},{"predicate":{"custom_model_data":200358},"model":"pack1_topaz_ring"},{"predicate":{"custom_model_data":200359},"model":"pack1_aquamarine_ring"},{"predicate":{"custom_model_data":200360},"model":"pack1_raw_lithium"},{"predicate":{"custom_model_data":200361},"model":"pack1_lithium_ingot"},{"predicate":{"custom_model_data":200362},"model":"pack1_can1"},{"predicate":{"custom_model_data":200363},"model":"pack1_can2"},{"predicate":{"custom_model_data":200364},"model":"pack1_battery1"},{"predicate":{"custom_model_data":200365},"model":"pack1_battery2"},{"predicate":{"custom_model_data":200366},"model":"pack1_thunder_element"},{"predicate":{"custom_model_data":200367},"model":"pack1_fire_element"},{"predicate":{"custom_model_data":200368},"model":"pack1_water_element"},{"predicate":{"custom_model_data":200369},"model":"pack1_thunder_staff"},{"predicate":{"custom_model_data":200370},"model":"pack1_fire_staff"},{"predicate":{"custom_model_data":200371},"model":"pack1_water_staff"},{"predicate":{"custom_model_data":200372},"model":"pack1_thunder_book"},{"predicate":{"custom_model_data":200373},"model":"pack1_fire_book"},{"predicate":{"custom_model_data":200374},"model":"pack1_water_book"},{"predicate":{"custom_model_data":200375},"model":"pack1_thunder_rune"},{"predicate":{"custom_model_data":200376},"model":"pack1_fire_rune"},{"predicate":{"custom_model_data":200377},"model":"pack1_water_rune"},{"predicate":{"custom_model_data":200378},"model":"pack1_scroll1"},{"predicate":{"custom_model_data":200379},"model":"pack1_scroll2"},{"predicate":{"custom_model_data":200380},"model":"pack1_scroll3"},{"predicate":{"custom_model_data":200381},"model":"pack1_scroll4"},{"predicate":{"custom_model_data":200382},"model":"pack1_band"},{"predicate":{"custom_model_data":200383},"model":"pack1_bandage"},{"predicate":{"custom_model_data":200384},"model":"pack1_aid_kit"},{"predicate":{"custom_model_data":200385},"model":"pack1_syringe"},{"predicate":{"custom_model_data":200386},"model":"pack1_potion1"},{"predicate":{"custom_model_data":200387},"model":"pack1_potion2"},{"predicate":{"custom_model_data":200388},"model":"pack1_potion3"},{"predicate":{"custom_model_data":200389},"model":"pack1_potion4"},{"predicate":{"custom_model_data":200390},"model":"pack1_potion5"},{"predicate":{"custom_model_data":200391},"model":"pack1_potion6"},{"predicate":{"custom_model_data":200392},"model":"pack1_bolak"},{"predicate":{"custom_model_data":200393},"model":"pack1_flatfish"},{"predicate":{"custom_model_data":200394},"model":"pack1_mullet"},{"predicate":{"custom_model_data":200395},"model":"pack1_squid"},{"predicate":{"custom_model_data":200396},"model":"pack1_yellowtail"},{"predicate":{"custom_model_data":200397},"model":"pack1_eel"},{"predicate":{"custom_model_data":200398},"model":"pack1_raw_bolak"},{"predicate":{"custom_model_data":200399},"model":"pack1_raw_flatfish"},{"predicate":{"custom_model_data":200400},"model":"pack1_raw_mullet"},{"predicate":{"custom_model_data":200401},"model":"pack1_raw_squid"},{"predicate":{"custom_model_data":200402},"model":"pack1_raw_yellowtail"},{"predicate":{"custom_model_data":200403},"model":"pack1_raw_eel"},{"predicate":{"custom_model_data":200404},"model":"pack1_red_flower"},{"predicate":{"custom_model_data":200405},"model":"pack1_orange_flower"},{"predicate":{"custom_model_data":200406},"model":"pack1_yellow_flower"},{"predicate":{"custom_model_data":200407},"model":"pack1_green_flower"},{"predicate":{"custom_model_data":200408},"model":"pack1_blue_flower"},{"predicate":{"custom_model_data":200409},"model":"pack1_purple_flower"},{"predicate":{"custom_model_data":200410},"model":"pack1_red_petal"},{"predicate":{"custom_model_data":200411},"model":"pack1_orange_petal"},{"predicate":{"custom_model_data":200412},"model":"pack1_yellow_petal"},{"predicate":{"custom_model_data":200413},"model":"pack1_green_petal"},{"predicate":{"custom_model_data":200414},"model":"pack1_blue_petal"},{"predicate":{"custom_model_data":200415},"model":"pack1_purple_petal"}]}