{"providers":[{"type":"bitmap","file":"democraft:space_split.png","height":13,"ascent":10,"chars":["ꡀ","ꡁ","ꡂ","ꡃ","ꡄ","ꡅ","ꡆ","ꡇ","ꡈ","ꡉ","ꡐ","ꡑ","ꡒ","ꡓ"]},{"type":"bitmap","file":"democraft:space_split.png","height":-3,"ascent":-32768,"chars":["ꈂ"]},{"type":"bitmap","file":"democraft:space_split.png","height":9,"ascent":-32768,"chars":["ꈅ"]},{"type":"bitmap","file":"democraft:space_split.png","height":-32,"ascent":-32768,"chars":["ꈃ"]},{"type":"bitmap","file":"democraft:space_split.png","height":-50,"ascent":-32768,"chars":["ꈆ"]},{"type":"bitmap","file":"democraft:space_split.png","height":-180,"ascent":-32768,"chars":[""]},{"type":"bitmap","file":"democraft:space_split.png","height":53,"ascent":12,"chars":[""]},{"type":"bitmap","file":"democraft:space_split.png","height":1024,"ascent":-32768,"chars":[""]},{"type":"bitmap","file":"democraft:realm_logo.png","height":120,"ascent":40,"chars":["섏섐","섑섒"]},{"type":"bitmap","file":"democraft:realm_logo.png","height":80,"ascent":32,"chars":["셚셙","션셗"]},{"type":"bitmap","file":"democraft:icon/ruby.png","height":10,"ascent":8,"chars":[""]},{"type":"bitmap","file":"democraft:icon/topaze.png","height":10,"ascent":8,"chars":[""]},{"type":"bitmap","file":"democraft:icon/ambre.png","height":10,"ascent":8,"chars":[""]},{"type":"bitmap","file":"democraft:icon/jade.png","height":10,"ascent":8,"chars":[""]},{"type":"bitmap","file":"democraft:icon/saphir.png","height":10,"ascent":8,"chars":[""]},{"type":"bitmap","file":"democraft:icon/spinelle.png","height":10,"ascent":8,"chars":[""]},{"type":"bitmap","file":"democraft:icon/coin.png","ascent":7,"chars":[""]},{"type":"bitmap","file":"democraft:icon/game.png","height":10,"ascent":8,"chars":[""]},{"type":"bitmap","file":"democraft:icon/clock.png","height":10,"ascent":8,"chars":[""]},{"type":"bitmap","file":"democraft:icon/pin.png","height":10,"ascent":8,"chars":[""]},{"type":"bitmap","file":"democraft:icon/globe.png","height":10,"ascent":8,"chars":[""]},{"type":"bitmap","file":"democraft:icon/compass.png","height":10,"ascent":8,"chars":[""]},{"type":"bitmap","file":"democraft:space_split.png","height":10,"ascent":8,"chars":["ꈄ"]},{"type":"bitmap","file":"democraft:pixel.png","height":-3,"ascent":-2000,"chars":["七"]},{"type":"bitmap","file":"democraft:space_split.png","height":-50,"ascent":-32768,"chars":[""]},{"type":"bitmap","file":"demogui:survie/reward_4.png","height":256,"ascent":32,"chars":["ꐗ"]},{"type":"bitmap","file":"demoicons:eco/spinelle.png","ascent":5,"chars":["者"]},{"type":"bitmap","file":"demogui:6_gui.png","height":256,"ascent":32,"chars":[""]},{"type":"bitmap","file":"demoicons:game/blue_gift.png","ascent":8,"chars":[""]},{"type":"bitmap","file":"demoicons:icones/knife.png","ascent":8,"chars":[""]},{"type":"bitmap","file":"demoicons:icones/bloc.png","ascent":8,"chars":[""]},{"type":"bitmap","file":"emojis:green_heart.png","height":10,"ascent":8,"chars":[""]},{"type":"bitmap","file":"demoicons:icones/bloc.png","ascent":4,"chars":[""]},{"type":"bitmap","file":"demoicons:icones/magic_hat.png","ascent":8,"chars":[""]},{"type":"bitmap","file":"demoicons:game/lime_gift.png","ascent":8,"chars":[""]},{"type":"bitmap","file":"demoicons:game/yellow_skull.png","ascent":8,"chars":[""]},{"type":"bitmap","file":"demoicons:icones/telescope.png","ascent":8,"chars":[""]},{"type":"bitmap","file":"demoicons:game/purple_block.png","ascent":8,"chars":[""]},{"type":"bitmap","file":"demoicons:icones/handbag.png","ascent":4,"chars":["瀢"]},{"type":"bitmap","file":"demoicons:icones/handbag.png","ascent":8,"chars":[""]},{"type":"bitmap","file":"demoicons:icones/timer.png","ascent":8,"chars":[""]},{"type":"bitmap","file":"demogui:phone/mondes.png","height":256,"ascent":32,"chars":[""]},{"type":"bitmap","file":"demoicons:icones/egg.png","ascent":8,"chars":[""]},{"type":"bitmap","file":"demogrades:new/media.png","ascent":7,"chars":[""]},{"type":"bitmap","file":"demoicons:icones/question.png","ascent":8,"chars":[""]},{"type":"bitmap","file":"emojis:broken_heart.png","height":10,"ascent":8,"chars":[""]},{"type":"bitmap","file":"emojis:joy_2.png","height":10,"ascent":8,"chars":[""]},{"type":"bitmap","file":"emojis:gg.png","height":10,"ascent":8,"chars":[""]},{"type":"bitmap","file":"emojis:stunned.png","height":10,"ascent":8,"chars":[""]},{"type":"bitmap","file":"emojis:smiling.png","height":10,"ascent":8,"chars":[""]},{"type":"bitmap","file":"demoicons:icones/rose.png","ascent":8,"chars":[""]},{"type":"bitmap","file":"emojis:pull_tongue.png","height":10,"ascent":8,"chars":[""]},{"type":"bitmap","file":"demoicons:icones/first.png","ascent":4,"chars":[""]},{"type":"bitmap","file":"demogui:1_gui.png","height":256,"ascent":32,"chars":[""]},{"type":"bitmap","file":"demoicons:icones/rose.png","ascent":4,"chars":["瀶"]},{"type":"bitmap","file":"demoicons:icones/lelapin.png","ascent":4,"chars":["瀩"]},{"type":"bitmap","file":"demoicons:icones/cherry.png","ascent":4,"chars":[""]},{"type":"bitmap","file":"emojis:fachero.png","height":10,"ascent":8,"chars":[""]},{"type":"bitmap","file":"demoicons:icones/sword.png","ascent":8,"chars":[""]},{"type":"bitmap","file":"demoicons:icones/rainbow.png","ascent":8,"chars":[""]},{"type":"bitmap","file":"demoicons:icones/alien.png","ascent":8,"chars":[""]},{"type":"bitmap","file":"demogui:6_chest.png","height":256,"ascent":32,"chars":[""]},{"type":"bitmap","file":"emojis:angel.png","height":10,"ascent":8,"chars":[""]},{"type":"bitmap","file":"demogui:lobby/pvp.png","height":256,"ascent":32,"chars":[""]},{"type":"bitmap","file":"demoicons:icones/quest.png","ascent":4,"chars":["瀱"]},{"type":"bitmap","file":"demoicons:icones/gift.png","ascent":8,"chars":[""]},{"type":"bitmap","file":"demogrades:new/demo_fer.png","ascent":7,"chars":[""]},{"type":"bitmap","file":"demoicons:icones/xmas.png","ascent":4,"chars":["瀿"]},{"type":"bitmap","file":"demoicons:icones/rainbow_hearth.png","ascent":4,"chars":["瀵"]},{"type":"bitmap","file":"emojis:scream.png","height":10,"ascent":8,"chars":[""]},{"type":"bitmap","file":"demogui:3_gui.png","height":256,"ascent":32,"chars":[""]},{"type":"bitmap","file":"demoicons:icones/rainbow.png","ascent":4,"chars":["瀳"]},{"type":"bitmap","file":"demogrades:serveur/triche.png","ascent":7,"chars":[""]},{"type":"bitmap","file":"demogrades:new/ami.png","ascent":7,"chars":[""]},{"type":"bitmap","file":"demoicons:icones/rainbow_hearth.png","ascent":8,"chars":[""]},{"type":"bitmap","file":"emojis:demon.png","height":10,"ascent":8,"chars":[""]},{"type":"bitmap","file":"emojis:nausea.png","height":10,"ascent":8,"chars":[""]},{"type":"bitmap","file":"demoicons:icones/baloons.png","ascent":4,"chars":[""]},{"type":"bitmap","file":"emojis:sad.png","height":10,"ascent":8,"chars":[""]},{"type":"bitmap","file":"demoicons:game/black_head.png","ascent":8,"chars":[""]},{"type":"bitmap","file":"demoicons:game/green_head.png","ascent":8,"chars":[""]},{"type":"bitmap","file":"demoicons:icones/duels.png","ascent":8,"chars":[""]},{"type":"bitmap","file":"demogrades:new/demo_diamant.png","ascent":7,"chars":[""]},{"type":"bitmap","file":"demoicons:icones/task.png","ascent":4,"chars":["瀹"]},{"type":"bitmap","file":"demoicons:icones/moon.png","ascent":8,"chars":[""]},{"type":"bitmap","file":"demoicons:icones/demo_cup.png","ascent":8,"chars":[""]},{"type":"bitmap","file":"demoicons:icones/flame.png","ascent":8,"chars":[""]},{"type":"bitmap","file":"demoicons:icones/lelapin.png","ascent":8,"chars":[""]},{"type":"bitmap","file":"demoicons:game/green_skull.png","ascent":8,"chars":[""]},{"type":"bitmap","file":"demoicons:icones/beer.png","ascent":8,"chars":[""]},{"type":"bitmap","file":"emojis:gif.png","height":10,"ascent":8,"chars":[""]},{"type":"bitmap","file":"demoicons:icones/grass.png","ascent":8,"chars":[""]},{"type":"bitmap","file":"demoicons:icones/boat.png","ascent":4,"chars":[""]},{"type":"bitmap","file":"emojis:yellow_heart.png","height":10,"ascent":8,"chars":[""]},{"type":"bitmap","file":"demoicons:game/purple_gift.png","ascent":8,"chars":[""]},{"type":"bitmap","file":"demoicons:icones/duck.png","ascent":4,"chars":[""]},{"type":"bitmap","file":"demogui:4_chest.png","height":256,"ascent":32,"chars":[""]},{"type":"bitmap","file":"demoicons:game/orange_head.png","ascent":8,"chars":[""]},{"type":"bitmap","file":"demoicons:icones/task_done.png","ascent":8,"chars":[""]},{"type":"bitmap","file":"demoicons:game/cyan_skull.png","ascent":8,"chars":[""]},{"type":"bitmap","file":"demogui:titles/faction.png","ascent":8,"chars":[""]},{"type":"bitmap","file":"demogui:survie/reward_3.png","height":256,"ascent":32,"chars":[""]},{"type":"bitmap","file":"demoicons:icones/computer.png","ascent":8,"chars":[""]},{"type":"bitmap","file":"demoicons:icones/popper.png","ascent":8,"chars":[""]},{"type":"bitmap","file":"emojis:eyes_hearts.png","height":10,"ascent":8,"chars":[""]},{"type":"bitmap","file":"demogui:phone/jeux.png","height":256,"ascent":32,"chars":[""]},{"type":"bitmap","file":"demoicons:icones/grass.png","ascent":4,"chars":[""]},{"type":"bitmap","file":"demoicons:icones/valentine.png","ascent":4,"chars":["瀾"]},{"type":"bitmap","file":"demoicons:icones/crown.png","ascent":4,"chars":[""]},{"type":"bitmap","file":"demoicons:icones/diamond.png","ascent":8,"chars":[""]},{"type":"bitmap","file":"emojis:dislike.png","height":10,"ascent":8,"chars":[""]},{"type":"bitmap","file":"demogui:survie/reward_4.png","height":256,"ascent":32,"chars":[""]},{"type":"bitmap","file":"demogui:4_gui.png","height":256,"ascent":32,"chars":[""]},{"type":"bitmap","file":"demoicons:icones/crown.png","ascent":8,"chars":[""]},{"type":"bitmap","file":"emojis:heart.png","height":10,"ascent":8,"chars":[""]},{"type":"bitmap","file":"demogrades:staff/staff.png","ascent":7,"chars":[""]},{"type":"bitmap","file":"demoicons:icones/amogus.png","ascent":4,"chars":[""]},{"type":"bitmap","file":"demoicons:game/yellow_gift.png","ascent":8,"chars":[""]},{"type":"bitmap","file":"demoicons:game/pink_skull.png","ascent":8,"chars":[""]},{"type":"bitmap","file":"demoicons:game/red_block.png","ascent":8,"chars":[""]},{"type":"bitmap","file":"demoicons:icones/storm.png","ascent":4,"chars":["瀷"]},{"type":"bitmap","file":"demoicons:icones/mule.png","ascent":8,"chars":[""]},{"type":"bitmap","file":"emojis:confused_2.png","height":10,"ascent":8,"chars":[""]},{"type":"bitmap","file":"demogui:ender_chest.png","height":256,"ascent":32,"chars":[""]},{"type":"bitmap","file":"demoicons:game/orange_block.png","ascent":8,"chars":[""]},{"type":"bitmap","file":"required/exit_icon.png","ascent":8,"chars":["ꐏ"]},{"type":"bitmap","file":"demoicons:logo/bedrock.png","ascent":7,"chars":[""]},{"type":"bitmap","file":"demoicons:icones/help_ring.png","ascent":4,"chars":["瀤"]},{"type":"bitmap","file":"demoicons:icones/party_hat.png","ascent":8,"chars":[""]},{"type":"bitmap","file":"demoicons:game/red_gift.png","ascent":8,"chars":[""]},{"type":"bitmap","file":"emojis:sneeze.png","height":10,"ascent":8,"chars":[""]},{"type":"bitmap","file":"demoicons:icones/bronze_cup.png","ascent":8,"chars":[""]},{"type":"bitmap","file":"demoicons:icones/books.png","ascent":4,"chars":[""]},{"type":"bitmap","file":"demoicons:icones/books.png","ascent":8,"chars":[""]},{"type":"bitmap","file":"demoicons:icones/iron_cup.png","ascent":8,"chars":[""]},{"type":"bitmap","file":"emojis:vomit.png","height":10,"ascent":8,"chars":[""]},{"type":"bitmap","file":"emojis:eyes.png","height":10,"ascent":8,"chars":[""]},{"type":"bitmap","file":"demoicons:game/blue_skull.png","ascent":8,"chars":[""]},{"type":"bitmap","file":"demoicons:icones/storm.png","ascent":8,"chars":[""]},{"type":"bitmap","file":"demoicons:demo/xl.png","ascent":8,"chars":[""]},{"type":"bitmap","file":"demoicons:demo/xl.png","height":15,"ascent":10,"chars":[""]},{"type":"bitmap","file":"demoicons:icones/computer.png","ascent":4,"chars":[""]},{"type":"bitmap","file":"demoicons:demo/xl.png","height":15,"ascent":8,"chars":[""]},{"type":"bitmap","file":"demogui:3_chest.png","height":256,"ascent":32,"chars":[""]},{"type":"bitmap","file":"demoicons:icones/question.png","ascent":4,"chars":["瀲"]},{"type":"bitmap","file":"demoicons:game/orange_skull.png","ascent":8,"chars":[""]},{"type":"bitmap","file":"demogrades:staff/radio.png","ascent":7,"chars":[""]},{"type":"bitmap","file":"demogrades:staff/dev.png","ascent":7,"chars":[""]},{"type":"bitmap","file":"demoicons:game/pink_block.png","ascent":8,"chars":[""]},{"type":"bitmap","file":"demoicons:game/black_gift.png","ascent":8,"chars":[""]},{"type":"bitmap","file":"demoquests:demoimg.png","height":52,"ascent":12,"chars":[""]},{"type":"bitmap","file":"demoicons:icones/home.png","ascent":8,"chars":[""]},{"type":"bitmap","file":"demoicons:icones/duck.png","ascent":8,"chars":[""]},{"type":"bitmap","file":"demoicons:icones/ghost.png","ascent":4,"chars":[""]},{"type":"bitmap","file":"demoicons:icones/cactus.png","ascent":8,"chars":[""]},{"type":"bitmap","file":"demoicons:icones/ghost.png","ascent":8,"chars":[""]},{"type":"bitmap","file":"demoicons:icones/hamburger.png","ascent":4,"chars":[""]},{"type":"bitmap","file":"demogrades:staff/mod.png","ascent":7,"chars":[""]},{"type":"bitmap","file":"demoicons:icones/duels.png","ascent":4,"chars":[""]},{"type":"bitmap","file":"emojis:nerd.png","height":10,"ascent":8,"chars":[""]},{"type":"bitmap","file":"demoicons:icones/pallete.png","ascent":4,"chars":["瀭"]},{"type":"bitmap","file":"demoicons:icones/flame.png","ascent":4,"chars":[""]},{"type":"bitmap","file":"demoicons:icones/dog.png","ascent":4,"chars":[""]},{"type":"bitmap","file":"demoicons:icones/creeper.png","ascent":8,"chars":[""]},{"type":"bitmap","file":"emojis:amongus.png","height":10,"ascent":8,"chars":[""]},{"type":"bitmap","file":"demoicons:game/yellow_block.png","ascent":8,"chars":[""]},{"type":"bitmap","file":"demogui:phone/home.png","height":256,"ascent":32,"chars":[""]},{"type":"bitmap","file":"demoquests:demoimg.png","height":52,"ascent":12,"chars":[""]},{"type":"bitmap","file":"demoicons:icones/first.png","ascent":8,"chars":[""]},{"type":"bitmap","file":"demoicons:game/purple_skull.png","ascent":8,"chars":[""]},{"type":"bitmap","file":"demogui:2_gui.png","height":256,"ascent":32,"chars":[""]},{"type":"bitmap","file":"demoicons:icones/bronze_cup.png","ascent":4,"chars":[""]},{"type":"bitmap","file":"demoicons:icones/timer.png","ascent":4,"chars":["瀽"]},{"type":"bitmap","file":"demoicons:eco/topaze.png","ascent":5,"chars":["耆"]},{"type":"bitmap","file":"demoicons:game/green_gift.png","ascent":8,"chars":[""]},{"type":"bitmap","file":"demoicons:icones/help.png","ascent":4,"chars":["瀣"]},{"type":"bitmap","file":"emojis:cry.png","height":10,"ascent":8,"chars":[""]},{"type":"bitmap","file":"demoicons:icones/alien.png","ascent":4,"chars":[""]},{"type":"bitmap","file":"demoicons:eco/coin.png","ascent":3,"chars":["耀"]},{"type":"bitmap","file":"demoicons:icones/pallete.png","ascent":8,"chars":[""]},{"type":"bitmap","file":"demoicons:icones/clap.png","ascent":4,"chars":[""]},{"type":"bitmap","file":"demoicons:icones/demo_cup.png","ascent":4,"chars":[""]},{"type":"bitmap","file":"demogrades:staff/vaati.png","ascent":7,"chars":[""]},{"type":"bitmap","file":"demoicons:icones/quest.png","ascent":8,"chars":[""]},{"type":"bitmap","file":"demogui:2_chest.png","height":256,"ascent":32,"chars":[""]},{"type":"bitmap","file":"demoicons:icones/clap.png","ascent":8,"chars":[""]},{"type":"bitmap","file":"demoicons:icones/golden_cup.png","ascent":8,"chars":[""]},{"type":"bitmap","file":"demoicons:icones/help.png","ascent":8,"chars":[""]},{"type":"bitmap","file":"demoicons:icones/amogus.png","ascent":8,"chars":[""]},{"type":"bitmap","file":"emojis:to_sigh.png","height":10,"ascent":8,"chars":[""]},{"type":"bitmap","file":"demoicons:icones/creeper.png","ascent":4,"chars":[""]},{"type":"bitmap","file":"demogrades:serveur/discord.png","ascent":7,"chars":[""]},{"type":"bitmap","file":"demoicons:icones/telescope.png","ascent":4,"chars":["瀼"]},{"type":"bitmap","file":"demogrades:new/demo_or.png","ascent":7,"chars":[""]},{"type":"bitmap","file":"demoicons:game/black_block.png","ascent":8,"chars":[""]},{"type":"bitmap","file":"demoicons:icones/rainbow_cup.png","ascent":8,"chars":[""]},{"type":"bitmap","file":"demogui:titles/vide.png","ascent":8,"chars":[""]},{"type":"bitmap","file":"emojis:contagious.png","height":10,"ascent":8,"chars":[""]},{"type":"bitmap","file":"demoicons:icones/disco.png","ascent":8,"chars":[""]},{"type":"bitmap","file":"demoicons:icones/arcade.png","ascent":8,"chars":[""]},{"type":"bitmap","file":"demoicons:icones/dog.png","ascent":8,"chars":[""]},{"type":"bitmap","file":"demoicons:icones/bin.png","ascent":4,"chars":[""]},{"type":"bitmap","file":"demoicons:icones/sword.png","ascent":4,"chars":["瀸"]},{"type":"bitmap","file":"demoicons:icones/knife.png","ascent":4,"chars":["瀨"]},{"type":"bitmap","file":"demoicons:eco/ruby.png","ascent":5,"chars":["考"]},{"type":"bitmap","file":"demoicons:game/blue_head.png","ascent":8,"chars":[""]},{"type":"bitmap","file":"emojis:frozen.png","height":10,"ascent":8,"chars":[""]},{"type":"bitmap","file":"demoicons:icones/bed.png","ascent":8,"chars":[""]},{"type":"bitmap","file":"demoicons:icones/info.png","ascent":4,"chars":["瀦"]},{"type":"bitmap","file":"demogui:1_chest.png","height":256,"ascent":32,"chars":[""]},{"type":"bitmap","file":"demoicons:icones/panda.png","ascent":8,"chars":[""]},{"type":"bitmap","file":"demoicons:eco/saphir.png","ascent":5,"chars":["耄"]},{"type":"bitmap","file":"demoicons:icones/home.png","ascent":4,"chars":["瀥"]},{"type":"bitmap","file":"demoicons:game/lime_head.png","ascent":8,"chars":[""]},{"type":"bitmap","file":"demoicons:icones/camera.png","ascent":8,"chars":[""]},{"type":"bitmap","file":"demogui:survie/rtp.png","height":256,"ascent":32,"chars":["ꐐ"]},{"type":"bitmap","file":"emojis:purple_heart.png","height":10,"ascent":8,"chars":[""]},{"type":"bitmap","file":"demogrades:staff/build.png","ascent":7,"chars":[""]},{"type":"bitmap","file":"demogrades:new/og_joueur.png","ascent":7,"chars":[""]},{"type":"bitmap","file":"demoicons:game/blue_block.png","ascent":8,"chars":[""]},{"type":"bitmap","file":"demoicons:icones/popper.png","ascent":4,"chars":["瀰"]},{"type":"bitmap","file":"demoicons:game/red_skull.png","ascent":8,"chars":[""]},{"type":"bitmap","file":"demogui:survie/help.png","height":256,"ascent":32,"chars":[""]},{"type":"bitmap","file":"emojis:angry.png","height":10,"ascent":8,"chars":[""]},{"type":"bitmap","file":"demoicons:icones/panda.png","ascent":4,"chars":["瀮"]},{"type":"bitmap","file":"emojis:wink.png","height":10,"ascent":8,"chars":[""]},{"type":"bitmap","file":"demoicons:game/pink_head.png","ascent":8,"chars":[""]},{"type":"bitmap","file":"demogrades:new/admin.png","ascent":7,"chars":[""]},{"type":"bitmap","file":"demoicons:icones/boat.png","ascent":8,"chars":[""]},{"type":"bitmap","file":"emojis:without_expresion.png","height":10,"ascent":8,"chars":[""]},{"type":"bitmap","file":"demoicons:game/white_head.png","ascent":8,"chars":[""]},{"type":"bitmap","file":"emojis:concerned.png","height":10,"ascent":8,"chars":[""]},{"type":"bitmap","file":"demoicons:icones/bed.png","ascent":4,"chars":[""]},{"type":"bitmap","file":"demoicons:icones/chest.png","ascent":4,"chars":[""]},{"type":"bitmap","file":"demogui:lobby/bedwars.png","height":256,"ascent":32,"chars":[""]},{"type":"bitmap","file":"demoicons:icones/diamond.png","ascent":4,"chars":[""]},{"type":"bitmap","file":"demoicons:icones/cactus.png","ascent":4,"chars":[""]},{"type":"bitmap","file":"emojis:joy.png","height":10,"ascent":8,"chars":[""]},{"type":"bitmap","file":"emojis:blue_heart.png","height":10,"ascent":8,"chars":[""]},{"type":"bitmap","file":"demoicons:icones/disco.png","ascent":4,"chars":[""]},{"type":"bitmap","file":"demoicons:icones/chest.png","ascent":8,"chars":[""]},{"type":"bitmap","file":"emojis:sad_2.png","height":10,"ascent":8,"chars":[""]},{"type":"bitmap","file":"emojis:skull.png","height":10,"ascent":8,"chars":[""]},{"type":"bitmap","file":"demogrades:new/joueur.png","ascent":7,"chars":[""]},{"type":"bitmap","file":"demoicons:icones/task_done.png","ascent":4,"chars":["瀺"]},{"type":"bitmap","file":"demoicons:icones/party_hat.png","ascent":4,"chars":["瀯"]},{"type":"bitmap","file":"demoicons:game/black_skull.png","ascent":8,"chars":[""]},{"type":"bitmap","file":"demoicons:icones/magic_hat.png","ascent":4,"chars":["瀫"]},{"type":"bitmap","file":"demoicons:icones/arcade.png","ascent":4,"chars":[""]},{"type":"bitmap","file":"demogrades:new/demo_boost.png","ascent":7,"chars":[""]},{"type":"bitmap","file":"demoicons:game/red_head.png","ascent":8,"chars":[""]},{"type":"bitmap","file":"demoicons:game/lime_block.png","ascent":8,"chars":[""]},{"type":"bitmap","file":"demoicons:icones/mule.png","ascent":4,"chars":["瀪"]},{"type":"bitmap","file":"emojis:confused.png","height":10,"ascent":8,"chars":[""]},{"type":"bitmap","file":"demoicons:game/cyan_head.png","ascent":8,"chars":[""]},{"type":"bitmap","file":"demoicons:game/cyan_block.png","ascent":8,"chars":[""]},{"type":"bitmap","file":"demoicons:game/cyan_gift.png","ascent":8,"chars":[""]},{"type":"bitmap","file":"demoicons:eco/jade.png","ascent":5,"chars":["耂"]},{"type":"bitmap","file":"demoicons:icones/xmas.png","ascent":8,"chars":[""]},{"type":"bitmap","file":"demoicons:icones/rainbow_cup.png","ascent":4,"chars":["瀴"]},{"type":"bitmap","file":"demoicons:icones/valentine.png","ascent":8,"chars":[""]},{"type":"bitmap","file":"demoicons:game/green_block.png","ascent":8,"chars":[""]},{"type":"bitmap","file":"emojis:elegant.png","height":10,"ascent":8,"chars":[""]},{"type":"bitmap","file":"demogrades:staff/cm.png","ascent":7,"chars":[""]},{"type":"bitmap","file":"demogui:5_gui.png","height":256,"ascent":32,"chars":[""]},{"type":"bitmap","file":"demoicons:icones/baloons.png","ascent":8,"chars":[""]},{"type":"bitmap","file":"demoicons:game/white_block.png","ascent":8,"chars":[""]},{"type":"bitmap","file":"demoicons:icones/cherry.png","ascent":8,"chars":[""]},{"type":"bitmap","file":"demoicons:icones/golden_cup.png","ascent":4,"chars":[""]},{"type":"bitmap","file":"demoicons:icones/brick.png","ascent":8,"chars":[""]},{"type":"bitmap","file":"demoicons:icones/brick.png","ascent":4,"chars":[""]},{"type":"bitmap","file":"demoicons:icones/hamburger.png","ascent":8,"chars":[""]},{"type":"bitmap","file":"demoicons:icones/egg.png","ascent":4,"chars":[""]},{"type":"bitmap","file":"demoicons:game/yellow_head.png","ascent":8,"chars":[""]},{"type":"bitmap","file":"emojis:fascinated.png","height":10,"ascent":8,"chars":[""]},{"type":"bitmap","file":"demoicons:icones/gift.png","ascent":4,"chars":[""]},{"type":"bitmap","file":"demogrades:new/demo_cuivre.png","ascent":7,"chars":[""]},{"type":"bitmap","file":"demoicons:logo/java.png","ascent":7,"chars":[""]},{"type":"bitmap","file":"demoicons:icones/info.png","ascent":8,"chars":[""]},{"type":"bitmap","file":"demoicons:icones/help_ring.png","ascent":8,"chars":[""]},{"type":"bitmap","file":"demoicons:game/pink_gift.png","ascent":8,"chars":[""]},{"type":"bitmap","file":"demogui:5_chest.png","height":256,"ascent":32,"chars":[""]},{"type":"bitmap","file":"demoicons:icones/task.png","ascent":8,"chars":[""]},{"type":"bitmap","file":"demoicons:icones/star.png","ascent":4,"chars":["瀻"]},{"type":"bitmap","file":"demoicons:icones/moon.png","ascent":4,"chars":["瀬"]},{"type":"bitmap","file":"demoicons:game/white_gift.png","ascent":8,"chars":[""]},{"type":"bitmap","file":"demoicons:icones/iron_cup.png","ascent":4,"chars":["瀧"]},{"type":"bitmap","file":"demoicons:icones/camera.png","ascent":4,"chars":[""]},{"type":"bitmap","file":"demoicons:game/white_skull.png","ascent":8,"chars":[""]},{"type":"bitmap","file":"emojis:like.png","height":10,"ascent":8,"chars":[""]},{"type":"bitmap","file":"demoicons:eco/ambre.png","ascent":5,"chars":["老"]},{"type":"bitmap","file":"demoicons:icones/beer.png","ascent":4,"chars":[""]},{"type":"bitmap","file":"demoicons:game/lime_skull.png","ascent":8,"chars":[""]},{"type":"bitmap","file":"demoicons:game/purple_head.png","ascent":8,"chars":[""]},{"type":"bitmap","file":"demogrades:serveur/serveur.png","ascent":7,"chars":[""]},{"type":"bitmap","file":"demoicons:game/orange_gift.png","ascent":8,"chars":[""]},{"type":"bitmap","file":"demogrades:new/super.png","ascent":7,"chars":[""]},{"type":"reference","id":"nexo:shift"}]}