{"parent":"item/handheld","display":{"head":{"rotation":[0.0,0.0,-45.0],"translation":[0.0,-4.5,-6.5]}},"textures":{"layer0":"item/bone"},"overrides":[{"predicate":{"custom_model_data":10034},"model":"black_terracotta_bricks"},{"predicate":{"custom_model_data":10035},"model":"black_terracotta_shingles"},{"predicate":{"custom_model_data":10036},"model":"blue_terracotta_bricks"},{"predicate":{"custom_model_data":10037},"model":"blue_terracotta_shingles"},{"predicate":{"custom_model_data":10038},"model":"brown_terracotta_bricks"},{"predicate":{"custom_model_data":10039},"model":"brown_terracotta_shingles"},{"predicate":{"custom_model_data":10040},"model":"cyan_terracotta_bricks"},{"predicate":{"custom_model_data":10041},"model":"cyan_terracotta_shingles"},{"predicate":{"custom_model_data":10042},"model":"gray_terracotta_bricks"},{"predicate":{"custom_model_data":10043},"model":"gray_terracotta_shingles"},{"predicate":{"custom_model_data":10044},"model":"green_terracotta_bricks"},{"predicate":{"custom_model_data":10045},"model":"green_terracotta_shingles"},{"predicate":{"custom_model_data":10046},"model":"light_blue_terracotta_bricks"},{"predicate":{"custom_model_data":10047},"model":"light_blue_terracotta_shingles"},{"predicate":{"custom_model_data":10048},"model":"light_gray_terracotta_bricks"},{"predicate":{"custom_model_data":10049},"model":"light_gray_terracotta_shingles"},{"predicate":{"custom_model_data":10050},"model":"lime_terracotta_bricks"},{"predicate":{"custom_model_data":10051},"model":"lime_terracotta_shingles"},{"predicate":{"custom_model_data":10052},"model":"magenta_terracotta_bricks"},{"predicate":{"custom_model_data":10053},"model":"magenta_terracotta_shingles"},{"predicate":{"custom_model_data":10054},"model":"orange_terracotta_bricks"},{"predicate":{"custom_model_data":10055},"model":"orange_terracotta_shingles"},{"predicate":{"custom_model_data":10056},"model":"pink_terracotta_bricks"},{"predicate":{"custom_model_data":10057},"model":"pink_terracotta_shingles"},{"predicate":{"custom_model_data":10058},"model":"purple_terracotta_bricks"},{"predicate":{"custom_model_data":10059},"model":"purple_terracotta_shingles"},{"predicate":{"custom_model_data":10060},"model":"red_terracotta_bricks"},{"predicate":{"custom_model_data":10061},"model":"red_terracotta_shingles"},{"predicate":{"custom_model_data":10062},"model":"terracotta_bricks"},{"predicate":{"custom_model_data":10063},"model":"terracotta_shingles"},{"predicate":{"custom_model_data":10064},"model":"white_terracotta_bricks"},{"predicate":{"custom_model_data":10065},"model":"white_terracotta_shingles"},{"predicate":{"custom_model_data":10066},"model":"yellow_terracotta_bricks"},{"predicate":{"custom_model_data":10067},"model":"yellow_terracotta_shingles"},{"predicate":{"custom_model_data":10068},"model":"black_terracotta_wall"},{"predicate":{"custom_model_data":10069},"model":"blue_terracotta_wall"},{"predicate":{"custom_model_data":10070},"model":"brown_terracotta_wall"},{"predicate":{"custom_model_data":10071},"model":"cyan_terracotta_wall"},{"predicate":{"custom_model_data":10072},"model":"gray_terracotta_wall"},{"predicate":{"custom_model_data":10073},"model":"green_terracotta_wall"},{"predicate":{"custom_model_data":10074},"model":"light_blue_terracotta_wall"},{"predicate":{"custom_model_data":10075},"model":"light_gray_terracotta_wall"},{"predicate":{"custom_model_data":10076},"model":"lime_terracotta_wall"},{"predicate":{"custom_model_data":10077},"model":"magenta_terracotta_wall"},{"predicate":{"custom_model_data":10078},"model":"orange_terracotta_wall"},{"predicate":{"custom_model_data":10079},"model":"pink_terracotta_wall"},{"predicate":{"custom_model_data":10080},"model":"purple_terracotta_wall"},{"predicate":{"custom_model_data":10081},"model":"red_terracotta_wall"},{"predicate":{"custom_model_data":10082},"model":"terracotta_wall"},{"predicate":{"custom_model_data":10083},"model":"white_terracotta_wall"},{"predicate":{"custom_model_data":10084},"model":"yellow_terracotta_wall"}]}