{"display":{"thirdperson_righthand":{"rotation":[0.0,90.0,0.0],"translation":[0.0,7.0,2.25],"scale":[0.75,0.75,0.75]},"thirdperson_lefthand":{"rotation":[0.0,-90.0,0.0],"translation":[0.0,7.0,2.25],"scale":[0.75,0.75,0.75]},"firstperson_righthand":{"rotation":[0.0,90.0,0.0],"translation":[0.0,3.5,0.5],"scale":[0.65,0.65,0.65]},"firstperson_lefthand":{"rotation":[0.0,-90.0,0.0],"translation":[0.0,3.5,0.5],"scale":[0.65,0.65,0.65]},"ground":{"translation":[0.0,8.75,0.0],"scale":[0.7,0.7,0.7]},"gui":{"rotation":[0.0,180.0,-45.0],"translation":[0.0,-0.75,0.0],"scale":[0.6,0.6,0.6]},"fixed":{"rotation":[0.0,0.0,-45.0],"scale":[0.7,0.7,0.7]}},"elements":[{"from":[7.0,-8.0,7.0],"to":[9.0,2.0,9.0],"faces":{"north":{"uv":[11.0,0.0,12.0,5.0],"texture":"#0"},"east":{"uv":[11.0,0.0,12.0,5.0],"texture":"#0"},"south":{"uv":[11.0,0.0,12.0,5.0],"texture":"#0"},"west":{"uv":[11.0,0.0,12.0,5.0],"texture":"#0"},"up":{"uv":[4.5,14.0,3.5,13.0],"texture":"#0"},"down":{"uv":[5.5,13.0,4.5,14.0],"texture":"#0"}}},{"from":[6.999,-10.001,6.999],"to":[10.001,-6.999,9.001],"rotation":{"origin":[8.0,-8.0,8.0],"axis":"z","angle":-45.0},"faces":{"north":{"uv":[12.5,5.0,11.0,6.5],"texture":"#0"},"east":{"uv":[11.0,12.0,12.0,13.5],"texture":"#0"},"south":{"uv":[11.0,5.0,12.5,6.5],"texture":"#0"},"west":{"uv":[12.0,12.0,13.0,13.5],"texture":"#0"},"up":{"uv":[14.0,6.0,12.5,5.0],"texture":"#0"},"down":{"uv":[14.0,6.0,12.5,7.0],"texture":"#0"}}},{"from":[6.999,-0.001,6.999],"to":[10.001,3.001,9.001],"rotation":{"origin":[8.0,2.0,8.0],"axis":"z","angle":-45.0},"faces":{"north":{"uv":[11.0,8.0,12.5,9.5],"texture":"#0"},"east":{"uv":[12.5,8.5,13.5,10.0],"texture":"#0"},"south":{"uv":[11.0,8.0,12.5,9.5],"texture":"#0"},"west":{"uv":[12.5,8.5,13.5,10.0],"texture":"#0"},"up":{"uv":[14.0,11.0,12.5,10.0],"texture":"#0"},"down":{"uv":[14.0,10.0,12.5,11.0],"texture":"#0"}}},{"from":[8.5,0.0,7.0],"to":[12.5,2.0,9.0],"rotation":{"origin":[9.5,1.0,8.0],"axis":"z","angle":-22.5},"faces":{"north":{"uv":[4.0,12.0,2.0,13.0],"texture":"#0"},"east":{"uv":[14.0,12.0,13.0,13.0],"texture":"#0"},"south":{"uv":[12.0,2.0,14.0,3.0],"texture":"#0"},"west":{"uv":[6.5,13.0,7.5,14.0],"texture":"#0"},"up":{"uv":[12.0,4.0,14.0,3.0],"texture":"#0"},"down":{"uv":[4.0,12.0,6.0,13.0],"texture":"#0"}}},{"from":[3.5,0.0,7.0],"to":[7.5,2.0,9.0],"rotation":{"origin":[6.75,1.0,8.0],"axis":"z","angle":22.5},"faces":{"north":{"uv":[2.0,12.0,4.0,13.0],"texture":"#0"},"east":{"uv":[13.0,11.0,14.0,12.0],"texture":"#0"},"south":{"uv":[12.0,2.0,14.0,3.0],"texture":"#0"},"west":{"uv":[13.0,12.0,14.0,13.0],"texture":"#0"},"up":{"uv":[14.0,4.0,12.0,3.0],"texture":"#0"},"down":{"uv":[6.0,12.0,4.0,13.0],"texture":"#0"}}},{"from":[7.0,0.25,6.5],"to":[9.0,2.25,9.5],"rotation":{"origin":[8.0,1.25,9.0],"axis":"z","angle":-45.0},"faces":{"north":{"uv":[2.5,13.0,3.5,14.0],"texture":"#0"},"east":{"uv":[12.0,4.0,13.5,5.0],"texture":"#0"},"south":{"uv":[3.5,13.0,2.5,14.0],"texture":"#0"},"west":{"uv":[12.5,7.0,14.0,8.0],"texture":"#0"},"up":{"uv":[9.5,13.5,8.5,12.0],"texture":"#0"},"down":{"uv":[9.5,12.0,8.5,13.5],"texture":"#0"}}},{"from":[1.998,-0.002,7.998],"to":[15.002,29.002,8.002],"rotation":{"origin":[9.0,12.0,8.0],"axis":"y","angle":0.0},"faces":{"north":{"uv":[0.0,0.0,5.0,12.0],"texture":"#0"},"east":{"uv":[0.0,0.0,0.0,12.0],"texture":"#0"},"south":{"uv":[5.0,0.0,0.0,12.0],"texture":"#0"},"west":{"uv":[0.0,0.0,0.0,12.0],"texture":"#0"},"up":{"uv":[5.0,0.0,0.0,0.0],"texture":"#0"},"down":{"uv":[5.0,0.0,0.0,0.0],"texture":"#0"}}}],"textures":{"particle":"blade_pack/bedrock_blade","0":"blade_pack/bedrock_blade"}}