{"display":{"thirdperson_righthand":{"rotation":[0.0,-90.0,0.0],"translation":[0.0,7.5,1.0],"scale":[0.7,0.7,0.7]},"thirdperson_lefthand":{"rotation":[0.0,90.0,0.0],"translation":[0.0,7.5,1.0],"scale":[0.7,0.7,0.7]},"firstperson_righthand":{"rotation":[0.0,-95.0,0.0],"translation":[0.0,4.25,0.0],"scale":[0.7,0.7,0.7]},"firstperson_lefthand":{"rotation":[0.0,95.0,0.0],"translation":[0.0,4.25,0.0],"scale":[0.7,0.7,0.7]},"ground":{"translation":[0.0,8.25,0.0],"scale":[0.6,0.6,0.6]},"gui":{"rotation":[0.0,0.0,45.0],"translation":[-2.25,1.0,0.0],"scale":[0.6,0.6,0.6]},"fixed":{"rotation":[0.0,0.0,-45.0],"translation":[1.0,1.0,0.0],"scale":[0.7,0.7,0.7]}},"elements":[{"from":[7.0,-10.0,7.0],"to":[9.0,-1.0,9.0],"faces":{"north":{"uv":[0.0,9.5,1.0,14.0],"texture":"#1"},"east":{"uv":[0.0,9.5,1.0,14.0],"texture":"#1"},"south":{"uv":[1.0,9.5,0.0,14.0],"texture":"#1"},"west":{"uv":[0.0,9.5,1.0,14.0],"texture":"#1"},"up":{"uv":[7.0,12.5,6.0,11.5],"texture":"#1"},"down":{"uv":[7.0,11.5,6.0,12.5],"texture":"#1"}}},{"from":[4.999,-1.001,6.999],"to":[11.001,1.001,9.001],"rotation":{"origin":[9.0,4.0,8.0],"axis":"y","angle":0.0},"faces":{"north":{"uv":[4.0,9.5,7.0,10.5],"texture":"#1"},"east":{"uv":[12.0,12.0,13.0,13.0],"texture":"#1"},"south":{"uv":[7.0,9.5,4.0,10.5],"texture":"#1"},"west":{"uv":[12.5,2.0,13.5,3.0],"texture":"#1"},"up":{"uv":[14.0,1.0,11.0,0.0],"texture":"#1"},"down":{"uv":[14.0,1.0,11.0,2.0],"texture":"#1"}}},{"from":[6.998,-12.002,6.998],"to":[10.002,-8.998,9.002],"rotation":{"origin":[8.0,-11.0,8.0],"axis":"z","angle":45.0},"faces":{"north":{"uv":[11.0,2.0,12.5,3.5],"texture":"#1"},"east":{"uv":[7.0,9.5,8.0,11.0],"texture":"#1"},"south":{"uv":[12.5,2.0,11.0,3.5],"texture":"#1"},"west":{"uv":[7.0,9.5,8.0,11.0],"texture":"#1"},"up":{"uv":[11.0,13.0,9.5,12.0],"texture":"#1"},"down":{"uv":[11.0,12.0,9.5,13.0],"texture":"#1"}}},{"from":[1.25,-0.5,7.0],"to":[5.25,1.5,9.0],"rotation":{"origin":[4.0,0.0,8.0],"axis":"z","angle":-22.5},"faces":{"north":{"uv":[11.0,5.0,13.0,6.0],"texture":"#1"},"east":{"uv":[12.5,3.0,13.5,4.0],"texture":"#1"},"south":{"uv":[13.0,5.0,11.0,6.0],"texture":"#1"},"west":{"uv":[4.0,12.5,5.0,13.5],"texture":"#1"},"up":{"uv":[13.0,8.0,11.0,7.0],"texture":"#1"},"down":{"uv":[11.0,7.0,9.0,8.0],"texture":"#1"}}},{"from":[10.40265,-0.42574,7.0],"to":[14.40265,1.57426,9.0],"rotation":{"origin":[12.40265,0.57426,8.0],"axis":"z","angle":22.5},"faces":{"north":{"uv":[11.0,9.0,13.0,10.0],"texture":"#1"},"east":{"uv":[12.5,4.0,13.5,5.0],"texture":"#1"},"south":{"uv":[13.0,9.0,11.0,10.0],"texture":"#1"},"west":{"uv":[5.0,12.5,6.0,13.5],"texture":"#1"},"up":{"uv":[13.0,8.0,11.0,7.0],"texture":"#1"},"down":{"uv":[11.0,7.0,9.0,8.0],"texture":"#1"}}},{"from":[6.5,-8.0,6.5],"to":[9.5,-7.0,9.5],"rotation":{"origin":[7.0,-8.0,7.0],"axis":"y","angle":0.0},"faces":{"north":{"uv":[4.0,3.0,5.5,3.5],"texture":"#1"},"east":{"uv":[4.0,3.0,5.5,3.5],"texture":"#1"},"south":{"uv":[4.0,3.0,5.5,3.5],"texture":"#1"},"west":{"uv":[4.0,3.0,5.5,3.5],"texture":"#1"},"up":{"uv":[4.0,3.5,5.5,5.0],"texture":"#1"},"down":{"uv":[4.0,3.5,5.5,5.0],"texture":"#1"}}},{"from":[6.5,-2.0,6.5],"to":[9.5,-1.0,9.5],"rotation":{"origin":[7.0,-2.0,7.0],"axis":"y","angle":0.0},"faces":{"north":{"uv":[4.0,3.0,5.5,3.5],"texture":"#1"},"east":{"uv":[4.0,3.0,5.5,3.5],"texture":"#1"},"south":{"uv":[4.0,3.0,5.5,3.5],"texture":"#1"},"west":{"uv":[4.0,3.0,5.5,3.5],"texture":"#1"},"up":{"uv":[4.0,3.5,5.5,5.0],"texture":"#1"},"down":{"uv":[4.0,3.5,5.5,5.0],"texture":"#1"}}},{"from":[4.0,0.0,7.5],"to":[12.0,19.0,8.5],"rotation":{"origin":[0.0,0.0,0.5],"axis":"y","angle":0.0},"faces":{"north":{"uv":[4.0,0.0,0.0,9.5],"texture":"#1"},"east":{"uv":[0.0,0.0,0.5,9.5],"texture":"#1"},"south":{"uv":[0.0,0.0,4.0,9.5],"texture":"#1"},"west":{"uv":[0.0,0.0,0.5,9.5],"texture":"#1"},"up":{"uv":[4.0,0.0,0.0,0.0],"texture":"#1"},"down":{"uv":[4.0,0.0,0.0,0.0],"texture":"#1"}}},{"from":[7.248,16.998,7.497],"to":[13.002,22.752,8.501],"rotation":{"origin":[8.0,22.0,7.501],"axis":"z","angle":-45.0},"faces":{"north":{"uv":[11.0,0.0,8.0,3.0],"texture":"#1"},"east":{"uv":[8.0,0.0,8.5,3.0],"texture":"#1"},"south":{"uv":[8.0,0.0,11.0,3.0],"texture":"#1"},"west":{"uv":[8.0,0.0,8.5,3.0],"texture":"#1"},"up":{"uv":[8.0,0.0,11.0,0.5],"texture":"#1"},"down":{"uv":[11.0,3.0,8.0,3.0],"texture":"#1"}}}],"textures":{"1":"blade_pack/flame_blade"}}