{"parent":"block/cube_all","textures":{"all":"block/stone"},"overrides":[{"predicate":{"custom_model_data":200420},"model":"silver_ore"},{"predicate":{"custom_model_data":200421},"model":"deepslate_silver_ore"},{"predicate":{"custom_model_data":200422},"model":"lithium_ore"},{"predicate":{"custom_model_data":200423},"model":"deepslate_lithium_ore"},{"predicate":{"custom_model_data":200425},"model":"deepslate_ruby_ore"},{"predicate":{"custom_model_data":200427},"model":"deepslate_topaz_ore"},{"predicate":{"custom_model_data":200429},"model":"deepslate_aquamarine_ore"}]}