{"model":{"type":"range_dispatch","property":"custom_model_data","entries":[{"threshold":1000.0,"model":{"type":"model","model":"bacon","tints":[]}},{"threshold":1001.0,"model":{"type":"model","model":"burger","tints":[]}},{"threshold":1002.0,"model":{"type":"model","model":"cheese","tints":[]}},{"threshold":1003.0,"model":{"type":"model","model":"chickenwing","tints":[]}},{"threshold":1004.0,"model":{"type":"model","model":"chips","tints":[]}},{"threshold":1005.0,"model":{"type":"model","model":"chocolate","tints":[]}},{"threshold":1006.0,"model":{"type":"model","model":"chocolatecake","tints":[]}}],"fallback":{"type":"model","model":"item/apple","tints":[]}}}