{"model":{"type":"range_dispatch","property":"custom_model_data","entries":[{"threshold":10034.0,"model":{"type":"model","model":"black_terracotta_bricks","tints":[]}},{"threshold":10035.0,"model":{"type":"model","model":"black_terracotta_shingles","tints":[]}},{"threshold":10036.0,"model":{"type":"model","model":"blue_terracotta_bricks","tints":[]}},{"threshold":10037.0,"model":{"type":"model","model":"blue_terracotta_shingles","tints":[]}},{"threshold":10038.0,"model":{"type":"model","model":"brown_terracotta_bricks","tints":[]}},{"threshold":10039.0,"model":{"type":"model","model":"brown_terracotta_shingles","tints":[]}},{"threshold":10040.0,"model":{"type":"model","model":"cyan_terracotta_bricks","tints":[]}},{"threshold":10041.0,"model":{"type":"model","model":"cyan_terracotta_shingles","tints":[]}},{"threshold":10042.0,"model":{"type":"model","model":"gray_terracotta_bricks","tints":[]}},{"threshold":10043.0,"model":{"type":"model","model":"gray_terracotta_shingles","tints":[]}},{"threshold":10044.0,"model":{"type":"model","model":"green_terracotta_bricks","tints":[]}},{"threshold":10045.0,"model":{"type":"model","model":"green_terracotta_shingles","tints":[]}},{"threshold":10046.0,"model":{"type":"model","model":"light_blue_terracotta_bricks","tints":[]}},{"threshold":10047.0,"model":{"type":"model","model":"light_blue_terracotta_shingles","tints":[]}},{"threshold":10048.0,"model":{"type":"model","model":"light_gray_terracotta_bricks","tints":[]}},{"threshold":10049.0,"model":{"type":"model","model":"light_gray_terracotta_shingles","tints":[]}},{"threshold":10050.0,"model":{"type":"model","model":"lime_terracotta_bricks","tints":[]}},{"threshold":10051.0,"model":{"type":"model","model":"lime_terracotta_shingles","tints":[]}},{"threshold":10052.0,"model":{"type":"model","model":"magenta_terracotta_bricks","tints":[]}},{"threshold":10053.0,"model":{"type":"model","model":"magenta_terracotta_shingles","tints":[]}},{"threshold":10054.0,"model":{"type":"model","model":"orange_terracotta_bricks","tints":[]}},{"threshold":10055.0,"model":{"type":"model","model":"orange_terracotta_shingles","tints":[]}},{"threshold":10056.0,"model":{"type":"model","model":"pink_terracotta_bricks","tints":[]}},{"threshold":10057.0,"model":{"type":"model","model":"pink_terracotta_shingles","tints":[]}},{"threshold":10058.0,"model":{"type":"model","model":"purple_terracotta_bricks","tints":[]}},{"threshold":10059.0,"model":{"type":"model","model":"purple_terracotta_shingles","tints":[]}},{"threshold":10060.0,"model":{"type":"model","model":"red_terracotta_bricks","tints":[]}},{"threshold":10061.0,"model":{"type":"model","model":"red_terracotta_shingles","tints":[]}},{"threshold":10062.0,"model":{"type":"model","model":"terracotta_bricks","tints":[]}},{"threshold":10063.0,"model":{"type":"model","model":"terracotta_shingles","tints":[]}},{"threshold":10064.0,"model":{"type":"model","model":"white_terracotta_bricks","tints":[]}},{"threshold":10065.0,"model":{"type":"model","model":"white_terracotta_shingles","tints":[]}},{"threshold":10066.0,"model":{"type":"model","model":"yellow_terracotta_bricks","tints":[]}},{"threshold":10067.0,"model":{"type":"model","model":"yellow_terracotta_shingles","tints":[]}},{"threshold":10068.0,"model":{"type":"model","model":"black_terracotta_wall","tints":[]}},{"threshold":10069.0,"model":{"type":"model","model":"blue_terracotta_wall","tints":[]}},{"threshold":10070.0,"model":{"type":"model","model":"brown_terracotta_wall","tints":[]}},{"threshold":10071.0,"model":{"type":"model","model":"cyan_terracotta_wall","tints":[]}},{"threshold":10072.0,"model":{"type":"model","model":"gray_terracotta_wall","tints":[]}},{"threshold":10073.0,"model":{"type":"model","model":"green_terracotta_wall","tints":[]}},{"threshold":10074.0,"model":{"type":"model","model":"light_blue_terracotta_wall","tints":[]}},{"threshold":10075.0,"model":{"type":"model","model":"light_gray_terracotta_wall","tints":[]}},{"threshold":10076.0,"model":{"type":"model","model":"lime_terracotta_wall","tints":[]}},{"threshold":10077.0,"model":{"type":"model","model":"magenta_terracotta_wall","tints":[]}},{"threshold":10078.0,"model":{"type":"model","model":"orange_terracotta_wall","tints":[]}},{"threshold":10079.0,"model":{"type":"model","model":"pink_terracotta_wall","tints":[]}},{"threshold":10080.0,"model":{"type":"model","model":"purple_terracotta_wall","tints":[]}},{"threshold":10081.0,"model":{"type":"model","model":"red_terracotta_wall","tints":[]}},{"threshold":10082.0,"model":{"type":"model","model":"terracotta_wall","tints":[]}},{"threshold":10083.0,"model":{"type":"model","model":"white_terracotta_wall","tints":[]}},{"threshold":10084.0,"model":{"type":"model","model":"yellow_terracotta_wall","tints":[]}}],"fallback":{"type":"model","model":"item/bone","tints":[]}}}