{"model":{"type":"range_dispatch","property":"custom_model_data","entries":[{"threshold":2000.0,"model":{"type":"model","model":"diamond_backstabber","tints":[]}},{"threshold":2001.0,"model":{"type":"model","model":"diamond_battlestaff","tints":[]}},{"threshold":2002.0,"model":{"type":"model","model":"diamond_soul_knife","tints":[]}},{"threshold":2003.0,"model":{"type":"model","model":"diamond_spatula","tints":[]}},{"threshold":2004.0,"model":{"type":"model","model":"diamond_tempest_knife","tints":[]}}],"fallback":{"type":"model","model":"item/diamond_sword","tints":[]}}}