{"model":{"type":"range_dispatch","property":"custom_model_data","entries":[{"threshold":2000.0,"model":{"type":"model","model":"golden_backstabber","tints":[]}},{"threshold":2001.0,"model":{"type":"model","model":"golden_battlestaff","tints":[]}},{"threshold":2002.0,"model":{"type":"model","model":"golden_soul_knife","tints":[]}},{"threshold":2003.0,"model":{"type":"model","model":"golden_spatula","tints":[]}},{"threshold":2004.0,"model":{"type":"model","model":"golden_tempest_knife","tints":[]}},{"threshold":200350.0,"model":{"type":"model","model":"pack1_lithium_sword","tints":[]}}],"fallback":{"type":"model","model":"item/golden_sword","tints":[]}}}