{"model":{"type":"range_dispatch","property":"custom_model_data","entries":[{"threshold":1000.0,"model":{"type":"model","model":"lapis_lazuli_sword","tints":[]}},{"threshold":2000.0,"model":{"type":"model","model":"iron_backstabber","tints":[]}},{"threshold":2001.0,"model":{"type":"model","model":"iron_battlestaff","tints":[]}},{"threshold":2002.0,"model":{"type":"model","model":"iron_soul_knife","tints":[]}},{"threshold":2003.0,"model":{"type":"model","model":"iron_spatula","tints":[]}},{"threshold":2004.0,"model":{"type":"model","model":"iron_tempest_knife","tints":[]}},{"threshold":200350.0,"model":{"type":"model","model":"pack1_silver_sword","tints":[]}}],"fallback":{"type":"model","model":"item/iron_sword","tints":[]}}}