{"model":{"type":"range_dispatch","property":"custom_model_data","entries":[{"threshold":1000.0,"model":{"type":"model","model":"lapis_boots","tints":[]}}],"fallback":{"type":"select","property":"trim_material","cases":[{"when":"minecraft:quartz","model":{"type":"model","model":"item/leather_boots_quartz_trim","tints":[{"type":"dye","default":-6265536}]}},{"when":"minecraft:iron","model":{"type":"model","model":"item/leather_boots_iron_trim","tints":[{"type":"dye","default":-6265536}]}},{"when":"minecraft:netherite","model":{"type":"model","model":"item/leather_boots_netherite_trim","tints":[{"type":"dye","default":-6265536}]}},{"when":"minecraft:redstone","model":{"type":"model","model":"item/leather_boots_redstone_trim","tints":[{"type":"dye","default":-6265536}]}},{"when":"minecraft:copper","model":{"type":"model","model":"item/leather_boots_copper_trim","tints":[{"type":"dye","default":-6265536}]}},{"when":"minecraft:gold","model":{"type":"model","model":"item/leather_boots_gold_trim","tints":[{"type":"dye","default":-6265536}]}},{"when":"minecraft:emerald","model":{"type":"model","model":"item/leather_boots_emerald_trim","tints":[{"type":"dye","default":-6265536}]}},{"when":"minecraft:diamond","model":{"type":"model","model":"item/leather_boots_diamond_trim","tints":[{"type":"dye","default":-6265536}]}},{"when":"minecraft:lapis","model":{"type":"model","model":"item/leather_boots_lapis_trim","tints":[{"type":"dye","default":-6265536}]}},{"when":"minecraft:amethyst","model":{"type":"model","model":"item/leather_boots_amethyst_trim","tints":[{"type":"dye","default":-6265536}]}},{"when":"minecraft:resin","model":{"type":"model","model":"item/leather_boots_resin_trim","tints":[{"type":"dye","default":-6265536}]}}],"fallback":{"type":"model","model":"item/leather_boots","tints":[{"type":"dye","default":-6265536}]}}}}