{"model":{"type":"range_dispatch","property":"custom_model_data","entries":[{"threshold":1000.0,"model":{"type":"model","model":"blade_pack/flame_blade","tints":[]}},{"threshold":1001.0,"model":{"type":"model","model":"blade_pack/void_blade","tints":[]}},{"threshold":1002.0,"model":{"type":"model","model":"blade_pack/ice_blade","tints":[]}},{"threshold":1003.0,"model":{"type":"model","model":"blade_pack/aqua_blade","tints":[]}},{"threshold":1004.0,"model":{"type":"model","model":"blade_pack/bedrock_blade","tints":[]}},{"threshold":2000.0,"model":{"type":"model","model":"netherite_backstabber","tints":[]}},{"threshold":2001.0,"model":{"type":"model","model":"netherite_battlestaff","tints":[]}},{"threshold":2002.0,"model":{"type":"model","model":"netherite_soul_knife","tints":[]}},{"threshold":2003.0,"model":{"type":"model","model":"netherite_spatula","tints":[]}},{"threshold":2004.0,"model":{"type":"model","model":"netherite_tempest_knife","tints":[]}}],"fallback":{"type":"model","model":"item/netherite_sword","tints":[]}}}