{"model":{"type":"range_dispatch","property":"custom_model_data","entries":[{"threshold":1000.0,"model":{"type":"model","model":"demoicons_crown","tints":[]}},{"threshold":1033.0,"model":{"type":"model","model":"arrowright","tints":[]}},{"threshold":1034.0,"model":{"type":"model","model":"bookdark","tints":[]}},{"threshold":1035.0,"model":{"type":"model","model":"check","tints":[]}},{"threshold":1036.0,"model":{"type":"model","model":"chest","tints":[]}},{"threshold":1037.0,"model":{"type":"model","model":"chestdark","tints":[]}},{"threshold":1038.0,"model":{"type":"model","model":"chestfull","tints":[]}},{"threshold":1039.0,"model":{"type":"model","model":"chestopen","tints":[]}},{"threshold":1040.0,"model":{"type":"model","model":"expressdelivery","tints":[]}},{"threshold":1044.0,"model":{"type":"model","model":"levelgreen","tints":[]}},{"threshold":1045.0,"model":{"type":"model","model":"levellocked","tints":[]}},{"threshold":1046.0,"model":{"type":"model","model":"levelred","tints":[]}},{"threshold":1047.0,"model":{"type":"model","model":"levelyellow","tints":[]}},{"threshold":1048.0,"model":{"type":"model","model":"lightningdelivery","tints":[]}},{"threshold":1049.0,"model":{"type":"model","model":"minus","tints":[]}},{"threshold":1050.0,"model":{"type":"model","model":"plus","tints":[]}},{"threshold":1051.0,"model":{"type":"model","model":"rewardclosedone","tints":[]}},{"threshold":1052.0,"model":{"type":"model","model":"rewardclosedthree","tints":[]}},{"threshold":1053.0,"model":{"type":"model","model":"rewardclosedtwo","tints":[]}},{"threshold":1054.0,"model":{"type":"model","model":"rewarddone","tints":[]}},{"threshold":1055.0,"model":{"type":"model","model":"rewardthree","tints":[]}},{"threshold":1056.0,"model":{"type":"model","model":"rewardtwo","tints":[]}},{"threshold":1057.0,"model":{"type":"model","model":"rules","tints":[]}},{"threshold":1058.0,"model":{"type":"model","model":"set","tints":[]}},{"threshold":1059.0,"model":{"type":"model","model":"standarddelivery","tints":[]}},{"threshold":1234.0,"model":{"type":"model","model":"the_demophone","tints":[]}},{"threshold":2033.0,"model":{"type":"model","model":"arrowleft","tints":[]}},{"threshold":3033.0,"model":{"type":"model","model":"arrowup","tints":[]}},{"threshold":10009.0,"model":{"type":"model","model":"acacia_lantern","tints":[]}},{"threshold":10010.0,"model":{"type":"model","model":"andesite_bricks","tints":[]}},{"threshold":10011.0,"model":{"type":"model","model":"bamboo_lantern","tints":[]}},{"threshold":10012.0,"model":{"type":"model","model":"birch_lantern","tints":[]}},{"threshold":10013.0,"model":{"type":"model","model":"carved_birch_planks","tints":[]}},{"threshold":10014.0,"model":{"type":"model","model":"carved_cherry_planks","tints":[]}},{"threshold":10015.0,"model":{"type":"model","model":"carved_crimson_planks","tints":[]}},{"threshold":10016.0,"model":{"type":"model","model":"carved_dark_oak_planks","tints":[]}},{"threshold":10017.0,"model":{"type":"model","model":"carved_jungle_planks","tints":[]}},{"threshold":10018.0,"model":{"type":"model","model":"carved_mangrove_planks","tints":[]}},{"threshold":10019.0,"model":{"type":"model","model":"carved_oak_planks","tints":[]}},{"threshold":10020.0,"model":{"type":"model","model":"carved_warped_planks","tints":[]}},{"threshold":10021.0,"model":{"type":"model","model":"cherry_lantern","tints":[]}},{"threshold":10022.0,"model":{"type":"model","model":"chiseled_andesite","tints":[]}},{"threshold":10023.0,"model":{"type":"model","model":"chiseled_diorite","tints":[]}},{"threshold":10024.0,"model":{"type":"model","model":"chiseled_granite","tints":[]}},{"threshold":10025.0,"model":{"type":"model","model":"chiseled_diamond","tints":[]}},{"threshold":10026.0,"model":{"type":"model","model":"chiseled_emerald","tints":[]}},{"threshold":10027.0,"model":{"type":"model","model":"chiseled_gold","tints":[]}},{"threshold":10028.0,"model":{"type":"model","model":"chiseled_iron","tints":[]}},{"threshold":10029.0,"model":{"type":"model","model":"chiseled_lapis","tints":[]}},{"threshold":10030.0,"model":{"type":"model","model":"chiseled_mud","tints":[]}},{"threshold":10031.0,"model":{"type":"model","model":"chiseled_netherite","tints":[]}},{"threshold":10032.0,"model":{"type":"model","model":"chiseled_packed_ice_bricks","tints":[]}},{"threshold":10033.0,"model":{"type":"model","model":"chiseled_red_nether_bricks","tints":[]}},{"threshold":10034.0,"model":{"type":"model","model":"chiseled_redstone","tints":[]}},{"threshold":10035.0,"model":{"type":"model","model":"chiseled_soul_bricks","tints":[]}},{"threshold":10036.0,"model":{"type":"model","model":"chiseled_stone","tints":[]}},{"threshold":10037.0,"model":{"type":"model","model":"copper_bricks","tints":[]}},{"threshold":10038.0,"model":{"type":"model","model":"crimson_lantern","tints":[]}},{"threshold":10039.0,"model":{"type":"model","model":"dark_oak_lantern","tints":[]}},{"threshold":10040.0,"model":{"type":"model","model":"diamond_bricks","tints":[]}},{"threshold":10041.0,"model":{"type":"model","model":"diorite_bricks","tints":[]}},{"threshold":10042.0,"model":{"type":"model","model":"emerald_bricks","tints":[]}},{"threshold":10043.0,"model":{"type":"model","model":"exposed_copper_bricks","tints":[]}},{"threshold":10044.0,"model":{"type":"model","model":"gold_bricks","tints":[]}},{"threshold":10045.0,"model":{"type":"model","model":"granite_bricks","tints":[]}},{"threshold":10046.0,"model":{"type":"model","model":"iron_bricks","tints":[]}},{"threshold":10047.0,"model":{"type":"model","model":"jungle_lantern","tints":[]}},{"threshold":10048.0,"model":{"type":"model","model":"lapis_bricks","tints":[]}},{"threshold":10049.0,"model":{"type":"model","model":"mangrove_lantern","tints":[]}},{"threshold":10050.0,"model":{"type":"model","model":"molten_scoria_bricks","tints":[]}},{"threshold":10051.0,"model":{"type":"model","model":"molten_scoria","tints":[]}},{"threshold":10052.0,"model":{"type":"model","model":"netherite_bricks","tints":[]}},{"threshold":10053.0,"model":{"type":"model","model":"oak_lantern","tints":[]}},{"threshold":10054.0,"model":{"type":"model","model":"oxidized_copper_bricks","tints":[]}},{"threshold":10055.0,"model":{"type":"model","model":"packed_dirt","tints":[]}},{"threshold":10056.0,"model":{"type":"model","model":"packed_ice_bricks","tints":[]}},{"threshold":10057.0,"model":{"type":"model","model":"polished_mud","tints":[]}},{"threshold":10058.0,"model":{"type":"model","model":"polished_packed_ice","tints":[]}},{"threshold":10059.0,"model":{"type":"model","model":"redstone_bricks","tints":[]}},{"threshold":10060.0,"model":{"type":"model","model":"scoria_bricks","tints":[]}},{"threshold":10061.0,"model":{"type":"model","model":"scoria","tints":[]}},{"threshold":10062.0,"model":{"type":"model","model":"soul_bricks","tints":[]}},{"threshold":10063.0,"model":{"type":"model","model":"spruce_lantern","tints":[]}},{"threshold":10064.0,"model":{"type":"model","model":"spruce_planks_carved","tints":[]}},{"threshold":10065.0,"model":{"type":"model","model":"thatch","tints":[]}},{"threshold":10066.0,"model":{"type":"model","model":"warped_lantern","tints":[]}},{"threshold":10067.0,"model":{"type":"model","model":"weathered_copper_bricks","tints":[]}},{"threshold":10124.0,"model":{"type":"model","model":"funaradio:standing_micro","tints":[]}},{"threshold":10125.0,"model":{"type":"model","model":"park_plus:bench","tints":[]}},{"threshold":10126.0,"model":{"type":"model","model":"park_plus:box","tints":[]}},{"threshold":10127.0,"model":{"type":"model","model":"park_plus:box_construction","tints":[]}},{"threshold":10128.0,"model":{"type":"model","model":"park_plus:under_construction","tints":[]}},{"threshold":10129.0,"model":{"type":"model","model":"park_plus:little_box","tints":[]}},{"threshold":10130.0,"model":{"type":"model","model":"park_plus:concret_pot_plant","tints":[]}},{"threshold":10131.0,"model":{"type":"model","model":"park_plus:wooden_flower_pot","tints":[]}},{"threshold":10132.0,"model":{"type":"model","model":"park_plus:log_bench","tints":[]}},{"threshold":10133.0,"model":{"type":"model","model":"park_plus:picnic_table","tints":[]}},{"threshold":10134.0,"model":{"type":"model","model":"park_plus:picnic_table_nappe","tints":[]}},{"threshold":10135.0,"model":{"type":"model","model":"park_plus:stele_1","tints":[]}},{"threshold":10136.0,"model":{"type":"model","model":"park_plus:stele_2","tints":[]}},{"threshold":10137.0,"model":{"type":"model","model":"park_plus:stele_3","tints":[]}},{"threshold":10138.0,"model":{"type":"model","model":"park_plus:stele_4","tints":[]}},{"threshold":10139.0,"model":{"type":"model","model":"park_plus:stele_5","tints":[]}},{"threshold":10140.0,"model":{"type":"model","model":"park_plus:street_lamp","tints":[]}},{"threshold":10141.0,"model":{"type":"model","model":"park_plus:street_lamp_double","tints":[]}},{"threshold":10142.0,"model":{"type":"model","model":"park_plus:street_lamp_quadruple","tints":[]}},{"threshold":10143.0,"model":{"type":"model","model":"park_plus:street_lamp_upper","tints":[]}},{"threshold":10144.0,"model":{"type":"model","model":"park_plus:street_lamp_upper_double","tints":[]}},{"threshold":10145.0,"model":{"type":"model","model":"park_plus:street_lamp_upper_quadruple","tints":[]}},{"threshold":10146.0,"model":{"type":"model","model":"park_plus:street_lamp_upper_triple","tints":[]}},{"threshold":10147.0,"model":{"type":"model","model":"park_plus:swing","tints":[]}},{"threshold":10148.0,"model":{"type":"model","model":"park_plus:bird_house","tints":[]}},{"threshold":10149.0,"model":{"type":"model","model":"park_plus:fence","tints":[]}},{"threshold":10150.0,"model":{"type":"model","model":"park_plus:light_wooden_pallet","tints":[]}},{"threshold":10151.0,"model":{"type":"model","model":"park_plus:wooden_pallet","tints":[]}},{"threshold":10152.0,"model":{"type":"model","model":"park_plus:wooden_ground_planks","tints":[]}},{"threshold":10153.0,"model":{"type":"model","model":"park_plus:lantern_box","tints":[]}},{"threshold":10154.0,"model":{"type":"model","model":"party","tints":[]}},{"threshold":10155.0,"model":{"type":"model","model":"party_bg","tints":[]}},{"threshold":10156.0,"model":{"type":"model","model":"quest","tints":[]}},{"threshold":10157.0,"model":{"type":"model","model":"quest_bg","tints":[]}},{"threshold":10158.0,"model":{"type":"model","model":"discord","tints":[]}},{"threshold":10159.0,"model":{"type":"model","model":"discord_bg","tints":[]}},{"threshold":10160.0,"model":{"type":"model","model":"youtube","tints":[]}},{"threshold":10161.0,"model":{"type":"model","model":"youtube_bg","tints":[]}},{"threshold":10162.0,"model":{"type":"model","model":"friend","tints":[]}},{"threshold":10163.0,"model":{"type":"model","model":"friend_bg","tints":[]}},{"threshold":10164.0,"model":{"type":"model","model":"book","tints":[]}},{"threshold":10165.0,"model":{"type":"model","model":"book_bg","tints":[]}},{"threshold":10167.0,"model":{"type":"model","model":"crown_bg","tints":[]}},{"threshold":10168.0,"model":{"type":"model","model":"hat","tints":[]}},{"threshold":10169.0,"model":{"type":"model","model":"hat_bg","tints":[]}},{"threshold":10170.0,"model":{"type":"model","model":"home","tints":[]}},{"threshold":10171.0,"model":{"type":"model","model":"home_bg","tints":[]}},{"threshold":10172.0,"model":{"type":"model","model":"settings","tints":[]}},{"threshold":10173.0,"model":{"type":"model","model":"settings_bg","tints":[]}},{"threshold":10174.0,"model":{"type":"model","model":"medal","tints":[]}},{"threshold":10175.0,"model":{"type":"model","model":"medal_bg","tints":[]}},{"threshold":10176.0,"model":{"type":"model","model":"x","tints":[]}},{"threshold":10177.0,"model":{"type":"model","model":"x_bg","tints":[]}},{"threshold":10178.0,"model":{"type":"model","model":"instagram","tints":[]}},{"threshold":10179.0,"model":{"type":"model","model":"instagram_bg","tints":[]}},{"threshold":10180.0,"model":{"type":"model","model":"gamepad","tints":[]}},{"threshold":10181.0,"model":{"type":"model","model":"gamepad_bg","tints":[]}},{"threshold":10182.0,"model":{"type":"model","model":"twitch","tints":[]}},{"threshold":10183.0,"model":{"type":"model","model":"twitch_bg","tints":[]}},{"threshold":10184.0,"model":{"type":"model","model":"demofurniture:demoreverse","tints":[]}},{"threshold":10185.0,"model":{"type":"model","model":"demofurniture:crown","tints":[]}},{"threshold":10186.0,"model":{"type":"model","model":"demofurniture:demo","tints":[]}},{"threshold":10236.0,"model":{"type":"model","model":"demofurniture:karts/rouge","tints":[]}},{"threshold":10239.0,"model":{"type":"model","model":"demofurniture:cactous","tints":[]}},{"threshold":10240.0,"model":{"type":"model","model":"demofurniture:club/platine","tints":[]}},{"threshold":10241.0,"model":{"type":"model","model":"demofurniture:club/piano","tints":[]}},{"threshold":10242.0,"model":{"type":"model","model":"demofurniture:club/electar","tints":[]}},{"threshold":10243.0,"model":{"type":"model","model":"demolive","tints":[]}},{"threshold":10244.0,"model":{"type":"model","model":"demoreach","tints":[]}},{"threshold":10245.0,"model":{"type":"model","model":"demoscale","tints":[]}},{"threshold":10246.0,"model":{"type":"model","model":"demofurniture:mistere","tints":[]}},{"threshold":10247.0,"model":{"type":"model","model":"demofurniture:tripleshot","tints":[]}},{"threshold":10248.0,"model":{"type":"model","model":"demofurniture:multiplier","tints":[]}},{"threshold":10249.0,"model":{"type":"model","model":"demofurniture:npc","tints":[]}},{"threshold":10250.0,"model":{"type":"model","model":"demofurniture:karts/vaati","tints":[]}},{"threshold":10251.0,"model":{"type":"model","model":"sonic","tints":[]}},{"threshold":14000.0,"model":{"type":"model","model":"demoishidden","tints":[]}},{"threshold":14001.0,"model":{"type":"model","model":"lobbies","tints":[]}},{"threshold":14002.0,"model":{"type":"model","model":"neuil","tints":[]}},{"threshold":20400.0,"model":{"type":"model","model":"demofurniture:ballons/cactous","tints":[]}},{"threshold":20401.0,"model":{"type":"model","model":"demofurniture:ballons/demo","tints":[]}},{"threshold":20402.0,"model":{"type":"model","model":"demofurniture:ballons/minecube","tints":[]}},{"threshold":200350.0,"model":{"type":"model","model":"pack1_ruby","tints":[]}},{"threshold":200351.0,"model":{"type":"model","model":"pack1_topaz","tints":[]}},{"threshold":200352.0,"model":{"type":"model","model":"pack1_aquamarine","tints":[]}},{"threshold":200353.0,"model":{"type":"model","model":"pack1_raw_silver","tints":[]}},{"threshold":200354.0,"model":{"type":"model","model":"pack1_silver_ingot","tints":[]}},{"threshold":200355.0,"model":{"type":"model","model":"pack1_ring","tints":[]}},{"threshold":200356.0,"model":{"type":"model","model":"pack1_emerald_ring","tints":[]}},{"threshold":200357.0,"model":{"type":"model","model":"pack1_ruby_ring","tints":[]}},{"threshold":200358.0,"model":{"type":"model","model":"pack1_topaz_ring","tints":[]}},{"threshold":200359.0,"model":{"type":"model","model":"pack1_aquamarine_ring","tints":[]}},{"threshold":200360.0,"model":{"type":"model","model":"pack1_raw_lithium","tints":[]}},{"threshold":200361.0,"model":{"type":"model","model":"pack1_lithium_ingot","tints":[]}},{"threshold":200362.0,"model":{"type":"model","model":"pack1_can1","tints":[]}},{"threshold":200363.0,"model":{"type":"model","model":"pack1_can2","tints":[]}},{"threshold":200364.0,"model":{"type":"model","model":"pack1_battery1","tints":[]}},{"threshold":200365.0,"model":{"type":"model","model":"pack1_battery2","tints":[]}},{"threshold":200366.0,"model":{"type":"model","model":"pack1_thunder_element","tints":[]}},{"threshold":200367.0,"model":{"type":"model","model":"pack1_fire_element","tints":[]}},{"threshold":200368.0,"model":{"type":"model","model":"pack1_water_element","tints":[]}},{"threshold":200369.0,"model":{"type":"model","model":"pack1_thunder_staff","tints":[]}},{"threshold":200370.0,"model":{"type":"model","model":"pack1_fire_staff","tints":[]}},{"threshold":200371.0,"model":{"type":"model","model":"pack1_water_staff","tints":[]}},{"threshold":200372.0,"model":{"type":"model","model":"pack1_thunder_book","tints":[]}},{"threshold":200373.0,"model":{"type":"model","model":"pack1_fire_book","tints":[]}},{"threshold":200374.0,"model":{"type":"model","model":"pack1_water_book","tints":[]}},{"threshold":200375.0,"model":{"type":"model","model":"pack1_thunder_rune","tints":[]}},{"threshold":200376.0,"model":{"type":"model","model":"pack1_fire_rune","tints":[]}},{"threshold":200377.0,"model":{"type":"model","model":"pack1_water_rune","tints":[]}},{"threshold":200378.0,"model":{"type":"model","model":"pack1_scroll1","tints":[]}},{"threshold":200379.0,"model":{"type":"model","model":"pack1_scroll2","tints":[]}},{"threshold":200380.0,"model":{"type":"model","model":"pack1_scroll3","tints":[]}},{"threshold":200381.0,"model":{"type":"model","model":"pack1_scroll4","tints":[]}},{"threshold":200382.0,"model":{"type":"model","model":"pack1_band","tints":[]}},{"threshold":200383.0,"model":{"type":"model","model":"pack1_bandage","tints":[]}},{"threshold":200384.0,"model":{"type":"model","model":"pack1_aid_kit","tints":[]}},{"threshold":200385.0,"model":{"type":"model","model":"pack1_syringe","tints":[]}},{"threshold":200386.0,"model":{"type":"model","model":"pack1_potion1","tints":[]}},{"threshold":200387.0,"model":{"type":"model","model":"pack1_potion2","tints":[]}},{"threshold":200388.0,"model":{"type":"model","model":"pack1_potion3","tints":[]}},{"threshold":200389.0,"model":{"type":"model","model":"pack1_potion4","tints":[]}},{"threshold":200390.0,"model":{"type":"model","model":"pack1_potion5","tints":[]}},{"threshold":200391.0,"model":{"type":"model","model":"pack1_potion6","tints":[]}},{"threshold":200392.0,"model":{"type":"model","model":"pack1_bolak","tints":[]}},{"threshold":200393.0,"model":{"type":"model","model":"pack1_flatfish","tints":[]}},{"threshold":200394.0,"model":{"type":"model","model":"pack1_mullet","tints":[]}},{"threshold":200395.0,"model":{"type":"model","model":"pack1_squid","tints":[]}},{"threshold":200396.0,"model":{"type":"model","model":"pack1_yellowtail","tints":[]}},{"threshold":200397.0,"model":{"type":"model","model":"pack1_eel","tints":[]}},{"threshold":200398.0,"model":{"type":"model","model":"pack1_raw_bolak","tints":[]}},{"threshold":200399.0,"model":{"type":"model","model":"pack1_raw_flatfish","tints":[]}},{"threshold":200400.0,"model":{"type":"model","model":"pack1_raw_mullet","tints":[]}},{"threshold":200401.0,"model":{"type":"model","model":"pack1_raw_squid","tints":[]}},{"threshold":200402.0,"model":{"type":"model","model":"pack1_raw_yellowtail","tints":[]}},{"threshold":200403.0,"model":{"type":"model","model":"pack1_raw_eel","tints":[]}},{"threshold":200404.0,"model":{"type":"model","model":"pack1_red_flower","tints":[]}},{"threshold":200405.0,"model":{"type":"model","model":"pack1_orange_flower","tints":[]}},{"threshold":200406.0,"model":{"type":"model","model":"pack1_yellow_flower","tints":[]}},{"threshold":200407.0,"model":{"type":"model","model":"pack1_green_flower","tints":[]}},{"threshold":200408.0,"model":{"type":"model","model":"pack1_blue_flower","tints":[]}},{"threshold":200409.0,"model":{"type":"model","model":"pack1_purple_flower","tints":[]}},{"threshold":200410.0,"model":{"type":"model","model":"pack1_red_petal","tints":[]}},{"threshold":200411.0,"model":{"type":"model","model":"pack1_orange_petal","tints":[]}},{"threshold":200412.0,"model":{"type":"model","model":"pack1_yellow_petal","tints":[]}},{"threshold":200413.0,"model":{"type":"model","model":"pack1_green_petal","tints":[]}},{"threshold":200414.0,"model":{"type":"model","model":"pack1_blue_petal","tints":[]}},{"threshold":200415.0,"model":{"type":"model","model":"pack1_purple_petal","tints":[]}}],"fallback":{"type":"model","model":"item/paper","tints":[]}}}