{"model":{"type":"range_dispatch","property":"custom_model_data","entries":[{"threshold":1000.0,"model":{"type":"model","model":"applejuice","tints":[{"type":"potion","default":-13083194}]}},{"threshold":1001.0,"model":{"type":"model","model":"beer","tints":[{"type":"potion","default":-13083194}]}},{"threshold":1002.0,"model":{"type":"model","model":"cola","tints":[{"type":"potion","default":-13083194}]}}],"fallback":{"type":"model","model":"item/potion","tints":[{"type":"potion","default":-13083194}]}}}