{"model":{"type":"range_dispatch","property":"custom_model_data","entries":[{"threshold":200420.0,"model":{"type":"model","model":"silver_ore","tints":[]}},{"threshold":200421.0,"model":{"type":"model","model":"deepslate_silver_ore","tints":[]}},{"threshold":200422.0,"model":{"type":"model","model":"lithium_ore","tints":[]}},{"threshold":200423.0,"model":{"type":"model","model":"deepslate_lithium_ore","tints":[]}},{"threshold":200425.0,"model":{"type":"model","model":"deepslate_ruby_ore","tints":[]}},{"threshold":200427.0,"model":{"type":"model","model":"deepslate_topaz_ore","tints":[]}},{"threshold":200429.0,"model":{"type":"model","model":"deepslate_aquamarine_ore","tints":[]}}],"fallback":{"type":"model","model":"block/stone","tints":[]}}}