{"model":{"type":"range_dispatch","property":"custom_model_data","entries":[{"threshold":2000.0,"model":{"type":"model","model":"stone_backstabber","tints":[]}},{"threshold":2001.0,"model":{"type":"model","model":"stone_battlestaff","tints":[]}},{"threshold":2002.0,"model":{"type":"model","model":"stone_soul_knife","tints":[]}},{"threshold":2003.0,"model":{"type":"model","model":"stone_spatula","tints":[]}},{"threshold":2004.0,"model":{"type":"model","model":"stone_tempest_knife","tints":[]}}],"fallback":{"type":"model","model":"item/stone_sword","tints":[]}}}