{"display":{"thirdperson_righthand":{"translation":[0.0,4.75,2.75]},"head":{"translation":[0.0,-35.0,0.0]}},"elements":[{"from":[7.0,1.0,7.0],"to":[9.0,5.0,9.0],"rotation":{"origin":[7.0,1.0,7.0],"axis":"y","angle":0.0},"faces":{"north":{"uv":[1.5,6.0,2.5,8.0],"texture":"#0"},"east":{"uv":[6.0,1.5,7.0,3.5],"texture":"#0"},"south":{"uv":[6.0,3.5,7.0,5.5],"texture":"#0"},"west":{"uv":[6.0,5.5,7.0,7.5],"texture":"#0"},"up":{"uv":[8.5,1.0,7.5,0.0],"texture":"#0"},"down":{"uv":[8.5,3.0,7.5,4.0],"texture":"#0"}}},{"from":[5.0,0.0,5.0],"to":[11.0,1.0,11.0],"rotation":{"origin":[5.0,0.0,5.0],"axis":"y","angle":0.0},"faces":{"north":{"uv":[7.0,1.5,10.0,2.0],"texture":"#0"},"east":{"uv":[7.0,2.0,10.0,2.5],"texture":"#0"},"south":{"uv":[2.5,7.0,5.5,7.5],"texture":"#0"},"west":{"uv":[7.0,2.5,10.0,3.0],"texture":"#0"},"up":{"uv":[3.0,3.0,0.0,0.0],"texture":"#0"},"down":{"uv":[3.0,3.0,0.0,6.0],"texture":"#0"}}},{"from":[5.5,2.5,7.5],"to":[6.5,8.5,8.5],"rotation":{"origin":[5.0,2.0,7.0],"axis":"y","angle":0.0},"faces":{"north":{"uv":[7.0,3.0,7.5,6.0],"texture":"#0"},"east":{"uv":[5.5,7.0,6.0,10.0],"texture":"#0"},"south":{"uv":[7.0,6.0,7.5,9.0],"texture":"#0"},"west":{"uv":[0.0,7.5,0.5,10.5],"texture":"#0"},"up":{"uv":[3.0,6.5,2.5,6.0],"texture":"#0"},"down":{"uv":[3.0,6.5,2.5,7.0],"texture":"#0"}}},{"from":[6.5,2.5,7.5],"to":[9.5,3.5,8.5],"rotation":{"origin":[6.0,3.0,6.0],"axis":"y","angle":0.0},"faces":{"north":{"uv":[7.5,1.0,9.0,1.5],"texture":"#0"},"east":{"uv":[5.0,7.5,5.5,8.0],"texture":"#0"},"south":{"uv":[3.5,7.5,5.0,8.0],"texture":"#0"},"west":{"uv":[7.5,5.0,8.0,5.5],"texture":"#0"},"up":{"uv":[9.0,4.5,7.5,4.0],"texture":"#0"},"down":{"uv":[9.0,4.5,7.5,5.0],"texture":"#0"}}},{"from":[9.5,2.5,7.5],"to":[10.5,8.5,8.5],"rotation":{"origin":[9.0,2.0,7.0],"axis":"y","angle":0.0},"faces":{"north":{"uv":[0.5,7.5,1.0,10.5],"texture":"#0"},"east":{"uv":[1.0,7.5,1.5,10.5],"texture":"#0"},"south":{"uv":[2.5,7.5,3.0,10.5],"texture":"#0"},"west":{"uv":[3.0,7.5,3.5,10.5],"texture":"#0"},"up":{"uv":[8.0,6.0,7.5,5.5],"texture":"#0"},"down":{"uv":[6.5,7.5,6.0,8.0],"texture":"#0"}}},{"from":[6.5,6.0,7.0],"to":[9.5,13.0,10.0],"rotation":{"origin":[7.0,6.0,7.0],"axis":"x","angle":-22.5},"faces":{"north":{"uv":[3.0,0.0,4.5,3.5],"texture":"#0"},"east":{"uv":[3.0,3.5,4.5,7.0],"texture":"#0"},"south":{"uv":[4.5,0.0,6.0,3.5],"texture":"#0"},"west":{"uv":[4.5,3.5,6.0,7.0],"texture":"#0"},"up":{"uv":[1.5,7.5,0.0,6.0],"texture":"#0"},"down":{"uv":[7.5,0.0,6.0,1.5],"texture":"#0"}}}],"textures":{"particle":"funaradio:micro_fix","0":"funaradio:micro_fix"}}