{"display":{"thirdperson_righthand":{"translation":[0.0,5.75,1.5],"scale":[0.7,0.7,0.7]},"thirdperson_lefthand":{"translation":[0.0,5.75,1.5],"scale":[0.71,0.7,0.7]},"firstperson_righthand":{"translation":[0.0,4.0,0.0],"scale":[0.7,0.7,0.7]},"firstperson_lefthand":{"translation":[0.0,4.0,0.0],"scale":[0.7,0.7,0.7]},"ground":{"translation":[0.0,8.5,0.0],"scale":[0.7,0.7,0.7]},"gui":{"rotation":[-90.0,45.0,90.0],"translation":[0.0,1.25,0.0],"scale":[0.6,0.6,0.6]},"fixed":{"rotation":[-90.0,-45.0,-90.0],"scale":[0.7,0.7,0.69]}},"elements":[{"from":[7.0,-10.0,7.0],"to":[9.0,1.0,9.0],"faces":{"north":{"uv":[4.0,6.75,4.5,9.5],"texture":"#0"},"east":{"uv":[4.0,6.75,4.5,9.5],"texture":"#0"},"south":{"uv":[4.0,6.75,4.5,9.5],"texture":"#0"},"west":{"uv":[4.0,6.75,4.5,9.5],"texture":"#0"},"up":{"uv":[7.5,1.5,7.0,1.0],"texture":"#0"},"down":{"uv":[7.5,1.5,7.0,2.0],"texture":"#0"}}},{"from":[6.0,-9.0,6.0],"to":[10.0,-8.0,10.0],"faces":{"north":{"uv":[7.0,2.0,8.0,2.25],"texture":"#0"},"east":{"uv":[7.0,2.0,8.0,2.25],"texture":"#0"},"south":{"uv":[7.0,2.0,8.0,2.25],"texture":"#0"},"west":{"uv":[7.0,2.0,8.0,2.25],"texture":"#0"},"up":{"uv":[1.25,8.0,0.25,7.0],"texture":"#0"},"down":{"uv":[2.75,7.0,1.75,8.0],"texture":"#0"}}},{"from":[5.0,1.0,5.0],"to":[11.0,2.0,11.0],"faces":{"north":{"uv":[7.0,0.75,8.5,1.0],"texture":"#0"},"east":{"uv":[7.0,0.75,8.5,1.0],"texture":"#0"},"south":{"uv":[7.0,0.75,8.5,1.0],"texture":"#0"},"west":{"uv":[7.0,0.75,8.5,1.0],"texture":"#0"},"up":{"uv":[1.5,8.25,0.0,6.75],"texture":"#0"},"down":{"uv":[3.0,6.75,1.5,8.25],"texture":"#0"}}},{"from":[8.0,2.0,1.0],"to":[8.0,29.0,15.0],"faces":{"north":{"uv":[0.0,0.0,0.0,6.75],"texture":"#0"},"east":{"uv":[3.5,0.0,7.0,6.75],"texture":"#0"},"south":{"uv":[0.0,0.0,0.0,6.75],"texture":"#0"},"west":{"uv":[7.0,0.0,3.5,6.75],"texture":"#0"},"up":{"uv":[0.0,3.5,0.0,0.0],"texture":"#0"},"down":{"uv":[0.0,0.0,0.0,3.5],"texture":"#0"}}}],"textures":{"particle":"blade_pack/aqua_blade","0":"blade_pack/aqua_blade"}}