{"display":{"thirdperson_righthand":{"rotation":[0.0,180.0,0.0],"translation":[0.0,12.75,1.0],"scale":[0.85,0.85,0.85]},"thirdperson_lefthand":{"rotation":[0.0,180.0,0.0]},"firstperson_righthand":{"rotation":[0.0,180.0,0.0],"translation":[0.0,6.25,0.0],"scale":[0.5,0.5,0.6]},"firstperson_lefthand":{"rotation":[0.0,180.0,0.0],"translation":[0.0,6.25,0.0],"scale":[0.5,0.5,0.6]},"ground":{"translation":[0.0,7.5,0.0],"scale":[0.5,0.5,0.5]},"gui":{"rotation":[90.0,-45.0,90.0],"translation":[-0.25,0.25,0.0],"scale":[0.45,0.45,0.45]},"fixed":{"rotation":[-90.0,-45.0,-90.0],"translation":[0.5,1.0,0.0],"scale":[0.5,0.5,0.5]}},"elements":[{"from":[7.0,-16.0,6.0],"to":[9.0,-12.0,10.0],"rotation":{"origin":[8.0,-14.0,8.0],"axis":"x","angle":45.0},"faces":{"north":{"uv":[3.5,7.75,4.5,8.25],"texture":"#0","rotation":270},"east":{"uv":[8.5,5.25,7.5,4.25],"texture":"#0","rotation":180},"south":{"uv":[3.5,7.75,4.5,8.25],"texture":"#0","rotation":90},"west":{"uv":[8.5,4.25,7.5,5.25],"texture":"#0"},"up":{"uv":[3.5,7.75,4.5,8.25],"texture":"#0","rotation":90},"down":{"uv":[3.5,7.75,4.5,8.25],"texture":"#0","rotation":90}}},{"from":[7.001,-14.999,7.001],"to":[8.999,-5.001,8.999],"rotation":{"origin":[0.0,-18.0,0.0],"axis":"y","angle":0.0},"faces":{"north":{"uv":[7.0,3.25,7.5,6.5],"texture":"#0"},"east":{"uv":[7.0,3.25,7.5,6.5],"texture":"#0"},"south":{"uv":[7.0,3.25,7.5,6.5],"texture":"#0"},"west":{"uv":[7.0,3.25,7.5,6.5],"texture":"#0"},"up":{"uv":[3.5,8.75,3.0,8.25],"texture":"#0"},"down":{"uv":[4.0,8.25,3.5,8.75],"texture":"#0"}}},{"from":[6.999,-5.001,4.999],"to":[9.001,-2.999,11.001],"rotation":{"origin":[7.0,-5.0,7.0],"axis":"y","angle":0.0},"faces":{"north":{"uv":[4.0,8.25,4.5,8.75],"texture":"#0"},"east":{"uv":[7.5,5.75,9.0,6.25],"texture":"#0"},"south":{"uv":[4.5,8.25,5.0,8.75],"texture":"#0"},"west":{"uv":[9.0,5.75,7.5,6.25],"texture":"#0"},"up":{"uv":[8.0,7.75,7.5,6.25],"texture":"#0"},"down":{"uv":[0.5,7.75,0.0,9.25],"texture":"#0"}}},{"from":[7.001,-5.499,3.001],"to":[8.999,-3.501,5.999],"rotation":{"origin":[8.0,-4.5,5.0],"axis":"x","angle":-45.0},"faces":{"north":{"uv":[8.5,1.0,9.0,1.5],"texture":"#0"},"east":{"uv":[8.0,6.75,8.75,7.25],"texture":"#0"},"south":{"uv":[5.5,8.25,6.0,8.75],"texture":"#0"},"west":{"uv":[8.75,6.75,8.0,7.25],"texture":"#0"},"up":{"uv":[8.5,8.0,8.0,7.25],"texture":"#0"},"down":{"uv":[8.5,8.0,8.0,8.75],"texture":"#0"}}},{"from":[7.001,-5.499,10.001],"to":[8.999,-3.501,12.999],"rotation":{"origin":[8.0,-4.5,11.0],"axis":"x","angle":45.0},"faces":{"north":{"uv":[6.0,8.25,6.5,8.75],"texture":"#0"},"east":{"uv":[1.25,8.25,2.0,8.75],"texture":"#0"},"south":{"uv":[8.5,1.0,9.0,1.5],"texture":"#0"},"west":{"uv":[2.0,8.25,1.25,8.75],"texture":"#0"},"up":{"uv":[2.5,9.0,2.0,8.25],"texture":"#0"},"down":{"uv":[3.0,8.25,2.5,9.0],"texture":"#0"}}},{"from":[7.003,-6.747,4.753],"to":[8.997,-4.753,8.747],"rotation":{"origin":[8.0,-5.75,4.75],"axis":"x","angle":22.5},"faces":{"north":{"uv":[8.5,1.5,9.0,2.0],"texture":"#0"},"east":{"uv":[5.5,7.75,6.5,8.25],"texture":"#0"},"south":{"uv":[8.5,2.0,9.0,2.5],"texture":"#0"},"west":{"uv":[6.5,7.75,5.5,8.25],"texture":"#0"},"up":{"uv":[7.0,8.75,6.5,7.75],"texture":"#0"},"down":{"uv":[8.5,1.75,8.0,2.75],"texture":"#0"}}},{"from":[7.002,-6.748,7.252],"to":[8.998,-4.752,11.248],"rotation":{"origin":[8.0,-5.75,11.25],"axis":"x","angle":-22.5},"faces":{"north":{"uv":[8.5,2.5,9.0,3.0],"texture":"#0"},"east":{"uv":[8.0,0.5,9.0,1.0],"texture":"#0"},"south":{"uv":[8.5,3.0,9.0,3.5],"texture":"#0"},"west":{"uv":[9.0,0.5,8.0,1.0],"texture":"#0"},"up":{"uv":[8.5,2.0,8.0,1.0],"texture":"#0"},"down":{"uv":[8.5,2.0,8.0,3.0],"texture":"#0"}}},{"from":[8.0,-3.0,1.0],"to":[8.0,30.0,15.0],"rotation":{"origin":[7.0,-3.0,7.0],"axis":"y","angle":0.0},"faces":{"north":{"uv":[0.0,0.0,0.0,7.75],"texture":"#0"},"east":{"uv":[16.0,0.0,12.0,7.75],"texture":"#0"},"south":{"uv":[0.0,0.0,0.0,7.75],"texture":"#0"},"west":{"uv":[12.0,0.0,16.0,7.75],"texture":"#0"},"up":{"uv":[0.0,3.5,0.0,0.0],"texture":"#0"},"down":{"uv":[0.0,0.0,0.0,3.5],"texture":"#0"}}}],"textures":{"particle":"blade_pack/ice_blade","0":"blade_pack/ice_blade"}}