{"display":{"thirdperson_righthand":{"rotation":[0.0,180.0,0.0],"translation":[0.0,9.25,1.25]},"thirdperson_lefthand":{"rotation":[0.0,180.0,0.0],"translation":[0.0,8.5,1.0]},"firstperson_righthand":{"rotation":[0.0,180.0,0.0],"translation":[0.0,7.25,0.0]},"firstperson_lefthand":{"rotation":[0.0,180.0,0.0],"translation":[0.0,7.25,0.0]},"ground":{"translation":[0.0,11.75,0.0]},"gui":{"rotation":[-90.0,42.5,90.0],"translation":[-1.25,2.5,0.0],"scale":[1.0,0.73,0.73]},"head":{"rotation":[64.0,0.0,0.0],"translation":[1.75,7.0,-5.25]},"fixed":{"rotation":[90.0,39.75,-90.0],"translation":[2.0,2.0,0.0],"scale":[1.0,0.85,0.85]}},"elements":[{"from":[7.0,-6.0,7.0],"to":[9.0,0.0,9.0],"faces":{"north":{"uv":[6.0,4.0,7.0,7.0],"texture":"#0"},"east":{"uv":[6.0,4.0,7.0,7.0],"texture":"#0"},"south":{"uv":[6.0,4.0,7.0,7.0],"texture":"#0"},"west":{"uv":[6.0,4.0,7.0,7.0],"texture":"#0"},"up":{"uv":[8.0,3.0,7.0,2.0],"texture":"#0"},"down":{"uv":[8.0,3.0,7.0,4.0],"texture":"#0"}}},{"from":[5.5,0.0,5.5],"to":[10.5,1.0,10.5],"faces":{"north":{"uv":[7.0,0.0,9.5,0.5],"texture":"#0"},"east":{"uv":[7.0,0.5,9.5,1.0],"texture":"#0"},"south":{"uv":[7.0,1.0,9.5,1.5],"texture":"#0"},"west":{"uv":[7.0,1.5,9.5,2.0],"texture":"#0"},"up":{"uv":[2.5,6.5,0.0,4.0],"texture":"#0"},"down":{"uv":[5.0,4.0,2.5,6.5],"texture":"#0"}}},{"from":[6.5,-7.0,6.5],"to":[9.5,-6.0,9.5],"faces":{"north":{"uv":[7.0,4.0,8.5,4.5],"texture":"#0"},"east":{"uv":[7.0,4.5,8.5,5.0],"texture":"#0"},"south":{"uv":[5.0,7.0,6.5,7.5],"texture":"#0"},"west":{"uv":[7.0,5.0,8.5,5.5],"texture":"#0"},"up":{"uv":[3.5,8.0,2.0,6.5],"texture":"#0"},"down":{"uv":[5.0,6.5,3.5,8.0],"texture":"#0"}}},{"from":[8.0,-7.0,8.0],"to":[8.0,1.0,15.0],"faces":{"north":{"uv":[0.0,0.0,0.0,4.0],"texture":"#0"},"east":{"uv":[3.5,0.0,0.0,4.0],"texture":"#0"},"south":{"uv":[0.0,0.0,0.0,4.0],"texture":"#0"},"west":{"uv":[0.0,0.0,3.5,4.0],"texture":"#0"},"up":{"uv":[0.0,3.5,0.0,0.0],"texture":"#0"},"down":{"uv":[0.0,0.0,0.0,3.5],"texture":"#0"}}},{"from":[8.0,1.0,4.0],"to":[8.0,18.0,12.0],"rotation":{"origin":[8.0,9.5,8.0],"axis":"y","angle":0.0},"faces":{"north":{"uv":[0.0,0.0,0.0,8.5],"texture":"#1"},"east":{"uv":[0.0,0.0,4.0,8.5],"texture":"#1"},"south":{"uv":[0.0,0.0,0.0,8.5],"texture":"#1"},"west":{"uv":[4.0,0.0,0.0,8.5],"texture":"#1"},"up":{"uv":[0.0,4.0,0.0,0.0],"texture":"#1"},"down":{"uv":[0.0,0.0,0.0,4.0],"texture":"#1"}}}],"textures":{"particle":"blade_pack/void_blade_handle","0":"blade_pack/void_blade_handle","1":"blade_pack/void_blade"}}