{"display":{"thirdperson_righthand":{"rotation":[60.0,-160.0,0.0],"translation":[2.5,3.25,0.25],"scale":[0.22109,0.22109,0.22109]},"thirdperson_lefthand":{"rotation":[60.0,-160.0,0.0],"translation":[2.5,3.25,0.25],"scale":[0.22109,0.22109,0.22109]},"firstperson_righthand":{"rotation":[0.0,-40.0,6.0],"translation":[1.25,1.0,0.0],"scale":[0.10899,0.10899,0.10899]},"firstperson_lefthand":{"rotation":[0.0,-40.0,6.0],"translation":[3.25,1.0,0.0],"scale":[0.10899,0.10899,0.10899]},"ground":{"translation":[-2.25,1.5,0.0],"scale":[0.35,0.35,0.35]},"gui":{"rotation":[30.0,-40.0,0.0],"translation":[-2.75,0.5,0.0],"scale":[0.41094,0.41094,0.41094]},"head":{"translation":[0.0,-30.4,0.0],"scale":[1.6,1.6,1.6]},"fixed":{"rotation":[-90.0,-180.0,0.0],"translation":[0.0,0.0,-15.0],"scale":[2.0,2.0,2.0]}},"elements":[{"from":[0.0,0.0,0.0],"to":[3.0,19.0,3.0],"faces":{"north":{"uv":[7.5,6.25,8.25,11.0],"texture":"#3"},"east":{"uv":[6.5,7.5,7.25,12.25],"texture":"#3"},"south":{"uv":[0.0,8.25,0.75,13.0],"texture":"#3"},"west":{"uv":[0.75,8.25,1.5,13.0],"texture":"#3"},"up":{"uv":[10.5,11.0,9.75,10.25],"texture":"#3"},"down":{"uv":[12.0,11.0,11.25,11.75],"texture":"#3"}}},{"from":[3.0,10.5,0.0],"to":[29.0,13.5,3.0],"faces":{"north":{"uv":[7.5,0.0,14.0,0.75],"texture":"#3"},"east":{"uv":[11.5,7.75,12.25,8.5],"texture":"#3"},"south":{"uv":[7.5,0.0,14.0,0.75],"texture":"#3"},"west":{"uv":[11.5,8.5,12.25,9.25],"texture":"#3"},"up":{"uv":[14.0,1.5,7.5,0.75],"texture":"#3"},"down":{"uv":[14.0,4.5,7.5,3.75],"texture":"#3"}}},{"from":[3.0,15.1,0.0],"to":[29.0,18.1,3.0],"faces":{"north":{"uv":[7.5,0.0,14.0,0.75],"texture":"#3"},"east":{"uv":[11.25,11.75,12.0,12.5],"texture":"#3"},"south":{"uv":[7.5,3.0,14.0,3.75],"texture":"#3"},"west":{"uv":[12.0,9.25,12.75,10.0],"texture":"#3"},"up":{"uv":[14.0,4.5,7.5,3.75],"texture":"#3"},"down":{"uv":[14.0,4.5,7.5,3.75],"texture":"#3"}}},{"from":[1.0,6.0,0.1],"to":[31.0,8.0,15.1],"faces":{"north":{"uv":[7.5,5.25,15.0,5.75],"texture":"#3"},"east":{"uv":[8.25,9.25,12.0,9.75],"texture":"#3"},"south":{"uv":[7.5,5.75,15.0,6.25],"texture":"#3"},"west":{"uv":[8.25,9.75,12.0,10.25],"texture":"#3"},"up":{"uv":[7.5,3.75,0.0,0.0],"texture":"#3"},"down":{"uv":[7.5,3.75,0.0,7.5],"texture":"#3"}}},{"from":[0.0,0.0,13.0],"to":[2.0,10.0,16.0],"faces":{"north":{"uv":[10.75,10.25,11.25,12.75],"texture":"#3"},"east":{"uv":[8.25,10.25,9.0,12.75],"texture":"#3"},"south":{"uv":[7.25,11.0,7.75,13.5],"texture":"#3"},"west":{"uv":[9.0,10.25,9.75,12.75],"texture":"#3"},"up":{"uv":[6.5,13.0,6.0,12.25],"texture":"#3"},"down":{"uv":[12.75,6.25,12.25,7.0],"texture":"#3"}}},{"from":[0.0,10.0,3.0],"to":[2.0,13.0,16.0],"faces":{"north":{"uv":[12.0,10.75,12.5,11.5],"texture":"#3"},"east":{"uv":[8.25,7.75,11.5,8.5],"texture":"#3"},"south":{"uv":[12.0,11.5,12.5,12.25],"texture":"#3"},"west":{"uv":[8.25,8.5,11.5,9.25],"texture":"#3"},"up":{"uv":[10.75,13.5,10.25,10.25],"texture":"#3"},"down":{"uv":[5.0,10.75,4.5,14.0],"texture":"#3"}}},{"from":[30.0,10.0,3.0],"to":[32.0,13.0,16.0],"rotation":{"origin":[16.0,0.0,0.0],"axis":"z","angle":0.0},"faces":{"north":{"uv":[12.5,10.75,12.0,11.5],"texture":"#3"},"east":{"uv":[11.5,8.5,8.25,9.25],"texture":"#3"},"south":{"uv":[12.5,11.5,12.0,12.25],"texture":"#3"},"west":{"uv":[11.5,7.75,8.25,8.5],"texture":"#3"},"up":{"uv":[10.25,13.5,10.75,10.25],"texture":"#3"},"down":{"uv":[4.5,10.75,5.0,14.0],"texture":"#3"}}},{"from":[30.0,0.0,13.0],"to":[32.0,10.0,16.0],"rotation":{"origin":[16.0,0.0,0.0],"axis":"y","angle":0.0},"faces":{"north":{"uv":[11.25,10.25,10.75,12.75],"texture":"#3"},"east":{"uv":[9.75,10.25,9.0,12.75],"texture":"#3"},"south":{"uv":[7.75,11.0,7.25,13.5],"texture":"#3"},"west":{"uv":[9.0,10.25,8.25,12.75],"texture":"#3"},"up":{"uv":[6.0,13.0,6.5,12.25],"texture":"#3"},"down":{"uv":[12.25,6.25,12.75,7.0],"texture":"#3"}}},{"from":[29.0,0.0,0.0],"to":[32.0,19.0,3.0],"rotation":{"origin":[16.0,0.0,0.0],"axis":"y","angle":0.0},"faces":{"north":{"uv":[8.25,6.25,7.5,11.0],"texture":"#3"},"east":{"uv":[1.5,8.25,0.75,13.0],"texture":"#3"},"south":{"uv":[0.75,8.25,0.0,13.0],"texture":"#3"},"west":{"uv":[7.25,7.5,6.5,12.25],"texture":"#3"},"up":{"uv":[10.5,11.0,11.25,10.25],"texture":"#3"},"down":{"uv":[11.25,11.0,12.0,11.75],"texture":"#3"}}}],"textures":{"3":"park_plus:bench"}}