{"display":{"thirdperson_righthand":{"rotation":[60.0,-160.0,0.0],"translation":[0.0,1.75,1.0],"scale":[0.35586,0.35586,0.35586]},"thirdperson_lefthand":{"rotation":[60.0,-160.0,0.0],"translation":[0.0,1.75,1.0],"scale":[0.35586,0.35586,0.35586]},"firstperson_righthand":{"rotation":[0.0,-73.0,6.0],"translation":[3.25,1.5,0.0],"scale":[0.19492,0.19492,0.19492]},"firstperson_lefthand":{"rotation":[0.0,-73.0,6.0],"translation":[2.5,2.0,0.0],"scale":[0.19492,0.19492,0.19492]},"ground":{"translation":[0.0,1.5,0.0],"scale":[0.35,0.35,0.35]},"gui":{"rotation":[30.25,-39.0,0.0],"translation":[0.0,0.25,0.0],"scale":[0.69415,0.69415,0.69415]},"head":{"translation":[0.0,-30.4,0.0],"scale":[1.6,1.6,1.6]},"fixed":{"rotation":[-90.0,-180.0,0.0],"translation":[0.0,0.0,-15.0],"scale":[2.0,2.0,2.0]}},"elements":[{"from":[2.0,0.0,2.0],"to":[4.0,9.0,14.0],"rotation":{"origin":[8.0,8.0,14.5],"axis":"z","angle":0.0},"faces":{"north":{"uv":[9.5,1.0,10.0,3.25],"texture":"#0"},"east":{"uv":[0.0,4.5,3.0,6.75],"texture":"#0"},"south":{"uv":[9.5,1.0,10.0,3.25],"texture":"#0"},"west":{"uv":[3.0,4.5,6.0,6.75],"texture":"#0"},"up":{"uv":[1.5,12.0,1.0,9.0],"texture":"#0"},"down":{"uv":[9.5,1.0,9.0,4.0],"texture":"#0"}}},{"from":[7.0,3.0,0.0],"to":[9.0,5.0,4.0],"rotation":{"origin":[8.0,8.0,14.5],"axis":"z","angle":0.0},"faces":{"north":{"uv":[9.5,1.5,10.0,2.0],"texture":"#0"},"east":{"uv":[0.0,5.0,1.0,5.5],"texture":"#0"},"south":{"uv":[9.5,1.5,10.0,2.0],"texture":"#0"},"west":{"uv":[3.0,5.0,4.0,5.5],"texture":"#0"},"up":{"uv":[1.5,10.5,1.0,9.5],"texture":"#0"},"down":{"uv":[9.5,1.5,9.0,2.5],"texture":"#0"}}},{"from":[7.0,3.0,13.0],"to":[9.0,5.0,17.0],"rotation":{"origin":[8.0,8.0,14.5],"axis":"z","angle":0.0},"faces":{"north":{"uv":[9.5,1.5,10.0,2.0],"texture":"#0"},"east":{"uv":[0.0,5.0,1.0,5.5],"texture":"#0"},"south":{"uv":[9.5,1.5,10.0,2.0],"texture":"#0"},"west":{"uv":[3.0,5.0,4.0,5.5],"texture":"#0"},"up":{"uv":[1.5,10.5,1.0,9.5],"texture":"#0"},"down":{"uv":[9.5,1.5,9.0,2.5],"texture":"#0"}}},{"from":[2.3,2.7,1.0],"to":[4.3,11.7,15.0],"rotation":{"origin":[8.0,8.0,14.5],"axis":"z","angle":-45.0},"faces":{"north":{"uv":[2.5,9.0,3.0,11.25],"texture":"#0"},"east":{"uv":[0.0,2.25,3.5,4.5],"texture":"#0"},"south":{"uv":[2.5,9.0,3.0,11.25],"texture":"#0"},"west":{"uv":[0.0,2.25,3.5,4.5],"texture":"#0"},"up":{"uv":[8.5,11.25,8.0,7.75],"texture":"#0"},"down":{"uv":[9.0,7.75,8.5,11.25],"texture":"#0"}}},{"from":[11.7,2.7,1.0],"to":[13.7,11.7,15.0],"rotation":{"origin":[8.0,8.0,14.5],"axis":"z","angle":45.0},"faces":{"north":{"uv":[3.0,9.0,2.5,11.25],"texture":"#0"},"east":{"uv":[3.5,2.25,0.0,4.5],"texture":"#0"},"south":{"uv":[3.0,9.0,2.5,11.25],"texture":"#0"},"west":{"uv":[3.5,2.25,0.0,4.5],"texture":"#0"},"up":{"uv":[8.0,11.25,8.5,7.75],"texture":"#0"},"down":{"uv":[8.5,7.75,9.0,11.25],"texture":"#0"}}},{"from":[12.0,0.0,2.0],"to":[14.0,9.0,14.0],"rotation":{"origin":[8.0,8.0,14.5],"axis":"z","angle":0.0},"faces":{"north":{"uv":[10.0,1.0,9.5,3.25],"texture":"#0"},"east":{"uv":[6.0,4.5,3.0,6.75],"texture":"#0"},"south":{"uv":[10.0,1.0,9.5,3.25],"texture":"#0"},"west":{"uv":[3.0,4.5,0.0,6.75],"texture":"#0"},"up":{"uv":[1.0,12.0,1.5,9.0],"texture":"#0"},"down":{"uv":[9.0,1.0,9.5,4.0],"texture":"#0"}}},{"from":[11.7,11.7,0.0],"to":[13.7,13.7,16.0],"rotation":{"origin":[8.0,8.0,14.5],"axis":"z","angle":45.0},"faces":{"north":{"uv":[6.5,10.25,7.0,10.75],"texture":"#0"},"east":{"uv":[1.5,5.75,1.0,1.75],"texture":"#0","rotation":90},"south":{"uv":[6.5,10.25,7.0,10.75],"texture":"#0"},"west":{"uv":[7.0,0.5,11.0,1.0],"texture":"#0"},"up":{"uv":[1.5,5.75,1.0,1.75],"texture":"#0"},"down":{"uv":[8.0,6.75,7.5,10.75],"texture":"#0"}}},{"from":[4.0,0.0,2.0],"to":[12.0,2.0,14.0],"rotation":{"origin":[8.0,8.0,14.5],"axis":"z","angle":0.0},"faces":{"north":{"uv":[9.0,5.0,11.0,5.5],"texture":"#0"},"east":{"uv":[7.0,4.0,10.0,4.5],"texture":"#0"},"south":{"uv":[9.0,5.0,11.0,5.5],"texture":"#0"},"west":{"uv":[9.0,4.5,12.0,5.0],"texture":"#0"},"up":{"uv":[5.0,9.75,3.0,6.75],"texture":"#0"},"down":{"uv":[5.0,9.75,3.0,6.75],"texture":"#0"}}},{"from":[4.0,2.0,3.0],"to":[12.0,6.0,5.0],"rotation":{"origin":[8.0,8.0,14.5],"axis":"z","angle":0.0},"faces":{"north":{"uv":[7.0,3.0,9.0,4.0],"texture":"#0"},"east":{"uv":[11.5,5.0,12.0,6.0],"texture":"#0"},"south":{"uv":[8.0,6.75,10.0,7.75],"texture":"#0"},"west":{"uv":[9.5,11.5,10.0,12.5],"texture":"#0"},"up":{"uv":[12.0,8.0,10.0,7.5],"texture":"#0"},"down":{"uv":[12.0,8.0,10.0,8.5],"texture":"#0"}}},{"from":[4.0,6.0,3.0],"to":[7.0,10.0,5.0],"rotation":{"origin":[8.0,8.0,14.5],"axis":"z","angle":0.0},"faces":{"north":{"uv":[10.5,10.5,11.25,11.5],"texture":"#0"},"east":{"uv":[11.25,11.0,11.75,12.0],"texture":"#0"},"south":{"uv":[6.5,10.75,7.25,11.75],"texture":"#0"},"west":{"uv":[11.5,0.0,12.0,1.0],"texture":"#0"},"up":{"uv":[12.5,11.5,11.75,11.0],"texture":"#0"},"down":{"uv":[12.5,11.5,11.75,12.0],"texture":"#0"}}},{"from":[9.0,6.0,3.0],"to":[12.0,10.0,5.0],"rotation":{"origin":[8.0,8.0,14.5],"axis":"z","angle":0.0},"faces":{"north":{"uv":[5.75,10.25,6.5,11.25],"texture":"#0"},"east":{"uv":[2.5,11.25,3.0,12.25],"texture":"#0"},"south":{"uv":[9.75,10.5,10.5,11.5],"texture":"#0"},"west":{"uv":[6.0,11.25,6.5,12.25],"texture":"#0"},"up":{"uv":[8.0,12.25,7.25,11.75],"texture":"#0"},"down":{"uv":[8.75,11.75,8.0,12.25],"texture":"#0"}}},{"from":[4.0,10.0,3.0],"to":[12.0,12.0,5.0],"rotation":{"origin":[8.0,8.0,14.5],"axis":"z","angle":0.0},"faces":{"north":{"uv":[10.0,2.5,12.0,3.0],"texture":"#0"},"east":{"uv":[2.0,12.0,2.5,12.5],"texture":"#0"},"south":{"uv":[10.0,3.75,12.0,4.25],"texture":"#0"},"west":{"uv":[12.0,2.0,12.5,2.5],"texture":"#0"},"up":{"uv":[12.0,7.0,10.0,6.5],"texture":"#0"},"down":{"uv":[12.0,7.0,10.0,7.5],"texture":"#0"}}},{"from":[6.0,12.0,3.0],"to":[10.0,14.0,5.0],"rotation":{"origin":[8.0,8.0,14.5],"axis":"z","angle":0.0},"faces":{"north":{"uv":[11.25,9.0,12.25,9.5],"texture":"#0"},"east":{"uv":[1.5,12.0,2.0,12.5],"texture":"#0"},"south":{"uv":[11.25,9.5,12.25,10.0],"texture":"#0"},"west":{"uv":[12.0,1.5,12.5,2.0],"texture":"#0"},"up":{"uv":[12.25,10.5,11.25,10.0],"texture":"#0"},"down":{"uv":[12.25,10.5,11.25,11.0],"texture":"#0"}}},{"from":[4.0,10.0,11.0],"to":[12.0,12.0,13.0],"rotation":{"origin":[8.0,8.0,1.5],"axis":"z","angle":0.0},"faces":{"north":{"uv":[12.0,3.75,10.0,4.25],"texture":"#0"},"east":{"uv":[2.5,12.0,2.0,12.5],"texture":"#0"},"south":{"uv":[12.0,2.5,10.0,3.0],"texture":"#0"},"west":{"uv":[12.5,2.0,12.0,2.5],"texture":"#0"},"up":{"uv":[12.0,6.5,10.0,7.0],"texture":"#0"},"down":{"uv":[12.0,7.5,10.0,7.0],"texture":"#0"}}},{"from":[6.0,12.0,11.0],"to":[10.0,14.0,13.0],"rotation":{"origin":[8.0,8.0,1.5],"axis":"z","angle":0.0},"faces":{"north":{"uv":[12.25,9.5,11.25,10.0],"texture":"#0"},"east":{"uv":[2.0,12.0,1.5,12.5],"texture":"#0"},"south":{"uv":[12.25,9.0,11.25,9.5],"texture":"#0"},"west":{"uv":[12.5,1.5,12.0,2.0],"texture":"#0"},"up":{"uv":[12.25,10.0,11.25,10.5],"texture":"#0"},"down":{"uv":[12.25,11.0,11.25,10.5],"texture":"#0"}}},{"from":[4.0,6.0,11.0],"to":[7.0,10.0,13.0],"rotation":{"origin":[8.0,8.0,1.5],"axis":"z","angle":0.0},"faces":{"north":{"uv":[7.25,10.75,6.5,11.75],"texture":"#0"},"east":{"uv":[11.75,11.0,11.25,12.0],"texture":"#0"},"south":{"uv":[11.25,10.5,10.5,11.5],"texture":"#0"},"west":{"uv":[12.0,0.0,11.5,1.0],"texture":"#0"},"up":{"uv":[12.5,11.0,11.75,11.5],"texture":"#0"},"down":{"uv":[12.5,12.0,11.75,11.5],"texture":"#0"}}},{"from":[9.0,6.0,11.0],"to":[12.0,10.0,13.0],"rotation":{"origin":[8.0,8.0,1.5],"axis":"z","angle":0.0},"faces":{"north":{"uv":[10.5,10.5,9.75,11.5],"texture":"#0"},"east":{"uv":[3.0,11.25,2.5,12.25],"texture":"#0"},"south":{"uv":[6.5,10.25,5.75,11.25],"texture":"#0"},"west":{"uv":[6.5,11.25,6.0,12.25],"texture":"#0"},"up":{"uv":[8.0,11.75,7.25,12.25],"texture":"#0"},"down":{"uv":[8.75,12.25,8.0,11.75],"texture":"#0"}}},{"from":[4.0,2.0,11.0],"to":[12.0,6.0,13.0],"rotation":{"origin":[8.0,8.0,1.5],"axis":"z","angle":0.0},"faces":{"north":{"uv":[10.0,6.75,8.0,7.75],"texture":"#0"},"east":{"uv":[12.0,5.0,11.5,6.0],"texture":"#0"},"south":{"uv":[9.0,3.0,7.0,4.0],"texture":"#0"},"west":{"uv":[10.0,11.5,9.5,12.5],"texture":"#0"},"up":{"uv":[12.0,7.5,10.0,8.0],"texture":"#0"},"down":{"uv":[12.0,8.5,10.0,8.0],"texture":"#0"}}}],"textures":{"particle":"park_plus:bird_house","0":"park_plus:bird_house"}}