{"display":{"thirdperson_righthand":{"rotation":[60.0,-160.0,0.0],"translation":[0.0,0.75,0.25],"scale":[0.35586,0.35586,0.35586]},"thirdperson_lefthand":{"rotation":[60.0,-160.0,0.0],"translation":[0.0,0.75,0.25],"scale":[0.35586,0.35586,0.35586]},"firstperson_righthand":{"rotation":[0.0,-73.0,6.0],"translation":[3.25,0.5,0.0],"scale":[0.19492,0.19492,0.19492]},"firstperson_lefthand":{"rotation":[0.0,-73.0,6.0],"translation":[3.25,0.5,0.0],"scale":[0.19492,0.19492,0.19492]},"ground":{"translation":[0.0,1.5,0.0],"scale":[0.35,0.35,0.35]},"gui":{"rotation":[30.0,-40.0,0.0],"translation":[0.5,-0.25,0.0],"scale":[0.52227,0.52227,0.52227]},"head":{"translation":[0.0,-30.4,0.0],"scale":[1.6,1.6,1.6]},"fixed":{"rotation":[-90.0,-180.0,0.0],"translation":[0.0,0.0,-15.0],"scale":[2.0,2.0,2.0]}},"elements":[{"from":[0.0,0.0,0.0],"to":[16.0,16.0,16.0],"rotation":{"origin":[2.6,-4.0,22.0],"axis":"y","angle":0.0},"faces":{"north":{"uv":[0.0,0.0,4.0,4.0],"texture":"#3"},"east":{"uv":[0.0,4.0,4.0,8.0],"texture":"#3"},"south":{"uv":[4.0,0.0,8.0,4.0],"texture":"#3"},"west":{"uv":[4.0,4.0,8.0,8.0],"texture":"#3"},"up":{"uv":[4.0,12.0,0.0,8.0],"texture":"#3"},"down":{"uv":[12.0,0.0,8.0,4.0],"texture":"#3"}}}],"textures":{"3":"park_plus:box"}}