{"display":{"thirdperson_righthand":{"rotation":[60.0,-160.0,0.0],"translation":[0.0,2.25,0.25],"scale":[0.35586,0.35586,0.35586]},"thirdperson_lefthand":{"rotation":[60.0,-160.0,0.0],"translation":[0.0,2.25,0.25],"scale":[0.35586,0.35586,0.35586]},"firstperson_righthand":{"rotation":[0.0,-73.0,6.0],"translation":[3.25,0.5,0.0],"scale":[0.19492,0.19492,0.19492]},"firstperson_lefthand":{"rotation":[0.0,-73.0,6.0],"translation":[3.25,0.5,0.0],"scale":[0.19492,0.19492,0.19492]},"ground":{"translation":[0.0,1.5,0.0],"scale":[0.35,0.35,0.35]},"gui":{"rotation":[30.0,-40.0,0.0],"translation":[0.25,-2.0,0.0],"scale":[0.41484,0.41484,0.41484]},"head":{"translation":[0.0,-30.4,0.0],"scale":[1.6,1.6,1.6]},"fixed":{"rotation":[-90.0,-180.0,0.0],"translation":[0.0,0.0,-15.0],"scale":[2.0,2.0,2.0]}},"elements":[{"from":[0.0,0.0,12.0],"to":[16.0,13.0,16.0],"faces":{"north":{"uv":[4.25,4.0,6.25,5.625],"texture":"#3"},"east":{"uv":[0.0,7.625,0.5,9.25],"texture":"#3"},"south":{"uv":[4.25,5.625,6.25,7.25],"texture":"#3"},"west":{"uv":[0.5,7.625,0.0,9.25],"texture":"#3"},"up":{"uv":[8.0,7.75,6.0,7.25],"texture":"#3"},"down":{"uv":[9.25,6.25,7.25,6.75],"texture":"#3"}}},{"from":[0.0,0.0,0.0],"to":[16.0,13.0,4.0],"faces":{"north":{"uv":[4.25,5.625,6.25,7.25],"texture":"#3"},"east":{"uv":[1.0,7.625,1.5,9.25],"texture":"#3"},"south":{"uv":[2.0,6.0,4.0,7.625],"texture":"#3"},"west":{"uv":[0.0,7.625,0.5,9.25],"texture":"#3"},"up":{"uv":[9.25,7.25,7.25,6.75],"texture":"#3"},"down":{"uv":[9.375,0.0,7.375,0.5],"texture":"#3"}}},{"from":[12.0,0.0,4.0],"to":[16.0,13.0,12.0],"faces":{"north":{"uv":[2.0,7.625,2.5,9.25],"texture":"#3"},"east":{"uv":[6.25,4.0,7.25,5.625],"texture":"#3"},"south":{"uv":[2.5,7.625,3.0,9.25],"texture":"#3"},"west":{"uv":[6.25,5.625,7.25,7.25],"texture":"#3"},"up":{"uv":[6.5,8.75,6.0,7.75],"texture":"#3"},"down":{"uv":[7.0,7.75,6.5,8.75],"texture":"#3"}}},{"from":[4.0,0.0,4.0],"to":[12.0,12.0,12.0],"faces":{"north":{"uv":[7.25,3.25,8.25,4.75],"texture":"#3"},"east":{"uv":[4.0,7.25,5.0,8.75],"texture":"#3"},"south":{"uv":[7.25,4.75,8.25,6.25],"texture":"#3"},"west":{"uv":[5.0,7.25,6.0,8.75],"texture":"#3"},"up":{"uv":[8.375,1.5,7.375,0.5],"texture":"#3"},"down":{"uv":[8.375,1.5,7.375,2.5],"texture":"#3"}}},{"from":[7.5,12.0,-0.5],"to":[7.5,28.0,16.5],"rotation":{"origin":[7.5,19.0,8.0],"axis":"y","angle":0.0},"faces":{"north":{"uv":[0.0,0.0,0.0,2.0],"texture":"#3"},"east":{"uv":[0.0,0.0,2.125,2.0],"texture":"#3"},"south":{"uv":[0.0,0.0,0.0,2.0],"texture":"#3"},"west":{"uv":[0.0,2.0,2.125,4.0],"texture":"#3"},"up":{"uv":[0.0,2.125,0.0,0.0],"texture":"#3"},"down":{"uv":[0.0,0.0,0.0,2.125],"texture":"#3"}}},{"from":[-1.0,12.0,8.0],"to":[16.0,28.0,8.0],"rotation":{"origin":[7.5,20.0,8.0],"axis":"y","angle":0.0},"faces":{"north":{"uv":[2.125,0.0,4.25,2.0],"texture":"#3"},"east":{"uv":[0.0,0.0,0.0,2.0],"texture":"#3"},"south":{"uv":[2.125,2.0,4.25,4.0],"texture":"#3"},"west":{"uv":[0.0,0.0,0.0,2.0],"texture":"#3"},"up":{"uv":[2.125,0.0,0.0,0.0],"texture":"#3"},"down":{"uv":[2.125,0.0,0.0,0.0],"texture":"#3"}}},{"from":[7.5,16.0,-0.5],"to":[7.5,32.0,16.5],"rotation":{"origin":[7.5,24.0,8.0],"axis":"y","angle":-45.0},"faces":{"north":{"uv":[0.0,0.0,0.0,2.0],"texture":"#3"},"east":{"uv":[0.0,4.0,2.125,6.0],"texture":"#3"},"south":{"uv":[0.0,0.0,0.0,2.0],"texture":"#3"},"west":{"uv":[2.125,4.0,4.25,6.0],"texture":"#3"},"up":{"uv":[0.0,2.125,0.0,0.0],"texture":"#3"},"down":{"uv":[0.0,0.0,0.0,2.125],"texture":"#3"}}},{"from":[7.5,16.0,-0.5],"to":[7.5,32.0,16.5],"rotation":{"origin":[7.5,24.0,8.0],"axis":"y","angle":45.0},"faces":{"north":{"uv":[0.0,0.0,0.0,2.0],"texture":"#3"},"east":{"uv":[4.25,0.0,6.375,2.0],"texture":"#3"},"south":{"uv":[0.0,0.0,0.0,2.0],"texture":"#3"},"west":{"uv":[4.25,2.0,6.375,4.0],"texture":"#3"},"up":{"uv":[0.0,2.125,0.0,0.0],"texture":"#3"},"down":{"uv":[0.0,0.0,0.0,2.125],"texture":"#3"}}},{"from":[0.0,0.0,4.0],"to":[4.0,13.0,12.0],"faces":{"north":{"uv":[3.0,7.625,3.5,9.25],"texture":"#3"},"east":{"uv":[6.375,0.0,7.375,1.625],"texture":"#3"},"south":{"uv":[3.5,7.625,4.0,9.25],"texture":"#3"},"west":{"uv":[6.25,4.0,7.25,5.625],"texture":"#3"},"up":{"uv":[7.5,8.75,7.0,7.75],"texture":"#3"},"down":{"uv":[8.0,7.75,7.5,8.75],"texture":"#3"}}}],"textures":{"3":"park_plus:concret_pot_plant"}}