{"display":{"thirdperson_righthand":{"rotation":[60.0,-160.0,0.0],"translation":[0.0,0.5,0.25],"scale":[0.35586,0.35586,0.35586]},"thirdperson_lefthand":{"rotation":[60.0,-160.0,0.0],"translation":[0.0,0.25,0.5],"scale":[0.35586,0.35586,0.35586]},"firstperson_righthand":{"rotation":[0.0,-73.0,6.0],"translation":[3.25,1.5,0.0],"scale":[0.19492,0.19492,0.19492]},"firstperson_lefthand":{"rotation":[0.0,-73.0,6.0],"translation":[3.25,0.5,0.0],"scale":[0.19492,0.19492,0.19492]},"ground":{"translation":[0.0,1.5,0.0],"scale":[0.35,0.35,0.35]},"gui":{"rotation":[17.5,31.25,0.0],"translation":[0.0,0.5,0.0],"scale":[0.70196,0.70196,0.70196]},"head":{"translation":[0.0,-30.4,0.0],"scale":[1.6,1.6,1.6]},"fixed":{"rotation":[-90.0,-180.0,0.0],"translation":[0.0,0.0,-15.0],"scale":[2.0,2.0,2.0]}},"elements":[{"from":[0.0,10.0,9.0],"to":[16.0,14.0,11.0],"rotation":{"origin":[9.0,8.5,8.0],"axis":"y","angle":0.0},"faces":{"north":{"uv":[4.0,2.0,8.0,3.0],"texture":"#2"},"east":{"uv":[8.75,6.0,9.25,7.0],"texture":"#2"},"south":{"uv":[4.0,1.0,8.0,2.0],"texture":"#2"},"west":{"uv":[8.75,7.0,9.25,8.0],"texture":"#2"},"up":{"uv":[8.75,8.0,8.25,4.0],"texture":"#2","rotation":90},"down":{"uv":[8.75,8.0,8.25,12.0],"texture":"#2","rotation":270}}},{"from":[0.0,0.0,7.0],"to":[3.0,16.0,9.0],"rotation":{"origin":[9.0,8.5,8.0],"axis":"y","angle":0.0},"faces":{"north":{"uv":[5.5,3.0,6.25,7.0],"texture":"#2"},"east":{"uv":[7.75,7.0,8.25,11.0],"texture":"#2"},"south":{"uv":[3.0,5.0,3.75,9.0],"texture":"#2"},"west":{"uv":[8.25,0.0,8.75,4.0],"texture":"#2"},"up":{"uv":[2.5,9.75,2.0,9.0],"texture":"#2","rotation":90},"down":{"uv":[3.0,9.0,2.5,9.75],"texture":"#2","rotation":270}}},{"from":[13.0,0.0,7.0],"to":[16.0,16.0,9.0],"rotation":{"origin":[9.0,8.5,8.0],"axis":"y","angle":0.0},"faces":{"north":{"uv":[2.25,5.0,3.0,9.0],"texture":"#2"},"east":{"uv":[7.25,7.0,7.75,11.0],"texture":"#2"},"south":{"uv":[1.5,5.0,2.25,9.0],"texture":"#2"},"west":{"uv":[7.75,3.0,8.25,7.0],"texture":"#2"},"up":{"uv":[1.5,9.75,1.0,9.0],"texture":"#2","rotation":90},"down":{"uv":[2.0,9.0,1.5,9.75],"texture":"#2","rotation":270}}},{"from":[0.0,3.0,9.0],"to":[16.0,7.0,11.0],"rotation":{"origin":[9.0,8.5,8.0],"axis":"y","angle":0.0},"faces":{"north":{"uv":[4.0,0.0,8.0,1.0],"texture":"#2"},"east":{"uv":[8.75,4.0,9.25,5.0],"texture":"#2"},"south":{"uv":[0.0,4.0,4.0,5.0],"texture":"#2"},"west":{"uv":[8.75,5.0,9.25,6.0],"texture":"#2"},"up":{"uv":[7.25,11.0,6.75,7.0],"texture":"#2","rotation":90},"down":{"uv":[7.75,3.0,7.25,7.0],"texture":"#2","rotation":270}}}],"textures":{"2":"park_plus:fence"}}