{"display":{"thirdperson_righthand":{"rotation":[60.0,-160.0,0.0],"translation":[0.0,1.75,1.0],"scale":[0.35586,0.35586,0.35586]},"thirdperson_lefthand":{"rotation":[60.0,-160.0,0.0],"translation":[0.0,1.75,1.0],"scale":[0.35586,0.35586,0.35586]},"firstperson_righthand":{"rotation":[0.0,-73.0,6.0],"translation":[3.25,1.5,0.0],"scale":[0.19492,0.19492,0.19492]},"firstperson_lefthand":{"rotation":[0.0,-73.0,6.0],"translation":[2.5,2.0,0.0],"scale":[0.19492,0.19492,0.19492]},"ground":{"translation":[0.0,1.5,0.0],"scale":[0.35,0.35,0.35]},"gui":{"rotation":[30.25,-39.0,0.0],"translation":[0.0,1.0,0.0],"scale":[0.80743,0.80743,0.80743]},"head":{"translation":[0.0,-30.4,0.0],"scale":[1.6,1.6,1.6]},"fixed":{"rotation":[-90.0,-180.0,0.0],"translation":[0.0,0.0,-15.0],"scale":[2.0,2.0,2.0]}},"elements":[{"from":[3.0,0.0,3.0],"to":[5.0,1.0,13.0],"rotation":{"origin":[8.0,8.0,14.5],"axis":"z","angle":0.0},"faces":{"north":{"uv":[0.0,8.75,0.5,9.0],"texture":"#3"},"east":{"uv":[7.5,5.25,10.0,5.5],"texture":"#3"},"south":{"uv":[0.5,8.75,1.0,9.0],"texture":"#3"},"west":{"uv":[7.5,5.25,10.0,5.5],"texture":"#3"},"up":{"uv":[0.5,6.75,0.0,4.25],"texture":"#3"},"down":{"uv":[0.5,4.25,0.0,6.75],"texture":"#3"}}},{"from":[5.0,0.0,3.0],"to":[11.0,1.0,13.0],"rotation":{"origin":[8.0,8.0,14.5],"axis":"z","angle":0.0},"faces":{"north":{"uv":[7.5,6.5,9.0,6.75],"texture":"#3"},"east":{"uv":[7.5,6.25,10.0,6.5],"texture":"#3"},"south":{"uv":[7.5,6.75,9.0,7.0],"texture":"#3"},"west":{"uv":[7.5,6.25,10.0,6.5],"texture":"#3"},"up":{"uv":[1.5,2.5,0.0,0.0],"texture":"#3"},"down":{"uv":[1.5,0.0,0.0,2.5],"texture":"#3"}}},{"from":[11.0,0.0,3.0],"to":[13.0,1.0,13.0],"rotation":{"origin":[8.0,8.0,14.5],"axis":"z","angle":0.0},"faces":{"north":{"uv":[1.0,8.75,1.5,9.0],"texture":"#3"},"east":{"uv":[7.5,5.75,10.0,6.0],"texture":"#3"},"south":{"uv":[1.5,8.75,2.0,9.0],"texture":"#3"},"west":{"uv":[7.5,5.75,10.0,6.0],"texture":"#3"},"up":{"uv":[1.5,6.75,1.0,4.25],"texture":"#3"},"down":{"uv":[1.5,4.25,1.0,6.75],"texture":"#3"}}},{"from":[5.0,9.0,11.0],"to":[11.0,10.0,13.0],"rotation":{"origin":[8.0,8.0,14.5],"axis":"z","angle":0.0},"faces":{"north":{"uv":[1.5,8.0,3.0,8.25],"texture":"#3"},"east":{"uv":[8.75,3.75,9.25,4.0],"texture":"#3"},"south":{"uv":[3.0,8.0,4.5,8.25],"texture":"#3"},"west":{"uv":[8.75,3.75,9.25,4.0],"texture":"#3"},"up":{"uv":[4.5,7.25,3.0,6.75],"texture":"#3"},"down":{"uv":[9.0,0.5,7.5,1.0],"texture":"#3"}}},{"from":[5.0,12.0,11.0],"to":[11.0,13.0,13.0],"rotation":{"origin":[8.0,11.5,12.0],"axis":"z","angle":-45.0},"faces":{"north":{"uv":[6.0,8.25,7.5,8.5],"texture":"#3"},"east":{"uv":[0.0,9.0,0.5,9.25],"texture":"#3"},"south":{"uv":[7.5,8.25,9.0,8.5],"texture":"#3"},"west":{"uv":[9.0,0.5,9.5,0.75],"texture":"#3"},"up":{"uv":[8.0,7.5,6.5,7.0],"texture":"#3"},"down":{"uv":[1.5,6.75,0.0,7.25],"texture":"#3"}}},{"from":[5.0,12.0,10.8],"to":[11.0,13.0,12.8],"rotation":{"origin":[8.0,11.5,12.0],"axis":"z","angle":45.0},"faces":{"north":{"uv":[0.0,8.25,1.5,8.5],"texture":"#3"},"east":{"uv":[8.5,0.75,9.0,1.0],"texture":"#3"},"south":{"uv":[8.5,0.25,10.0,0.5],"texture":"#3"},"west":{"uv":[1.0,9.0,1.5,9.25],"texture":"#3"},"up":{"uv":[4.5,7.75,3.0,7.25],"texture":"#3"},"down":{"uv":[4.5,7.25,3.0,7.75],"texture":"#3"}}},{"from":[5.0,12.0,2.9],"to":[11.0,13.0,4.9],"rotation":{"origin":[8.0,11.5,4.1],"axis":"z","angle":45.0},"faces":{"north":{"uv":[6.75,2.0,8.25,2.25],"texture":"#3"},"east":{"uv":[1.5,8.75,2.0,9.0],"texture":"#3"},"south":{"uv":[6.75,2.25,8.25,2.5],"texture":"#3"},"west":{"uv":[9.0,1.25,9.5,1.5],"texture":"#3"},"up":{"uv":[7.75,2.5,6.25,2.0],"texture":"#3"},"down":{"uv":[9.0,4.0,7.5,4.5],"texture":"#3"}}},{"from":[5.0,12.0,3.1],"to":[11.0,13.0,5.1],"rotation":{"origin":[8.0,11.5,4.1],"axis":"z","angle":-45.0},"faces":{"north":{"uv":[8.5,0.25,10.0,0.5],"texture":"#3"},"east":{"uv":[9.0,1.25,9.5,1.5],"texture":"#3"},"south":{"uv":[1.5,8.5,3.0,8.75],"texture":"#3"},"west":{"uv":[9.0,1.25,9.5,1.5],"texture":"#3"},"up":{"uv":[9.0,1.0,7.5,0.5],"texture":"#3"},"down":{"uv":[9.0,0.5,7.5,1.0],"texture":"#3"}}},{"from":[5.0,9.0,3.0],"to":[11.0,10.0,5.0],"rotation":{"origin":[8.0,8.0,14.5],"axis":"z","angle":0.0},"faces":{"north":{"uv":[7.25,7.75,8.75,8.0],"texture":"#3"},"east":{"uv":[8.75,3.25,9.25,3.5],"texture":"#3"},"south":{"uv":[0.0,8.0,1.5,8.25],"texture":"#3"},"west":{"uv":[8.75,3.25,9.25,3.5],"texture":"#3"},"up":{"uv":[1.5,7.25,0.0,6.75],"texture":"#3"},"down":{"uv":[1.5,6.75,0.0,7.25],"texture":"#3"}}},{"from":[11.0,9.0,5.0],"to":[13.0,10.0,11.0],"rotation":{"origin":[8.0,8.0,14.5],"axis":"z","angle":0.0},"faces":{"north":{"uv":[8.75,2.5,9.25,2.75],"texture":"#3"},"east":{"uv":[3.0,7.75,4.5,8.0],"texture":"#3"},"south":{"uv":[8.75,2.75,9.25,3.0],"texture":"#3"},"west":{"uv":[3.0,7.75,4.5,8.0],"texture":"#3"},"up":{"uv":[7.0,5.5,6.5,4.0],"texture":"#3"},"down":{"uv":[7.0,4.0,6.5,5.5],"texture":"#3"}}},{"from":[11.0,1.0,3.0],"to":[13.0,11.0,5.0],"rotation":{"origin":[8.0,8.0,14.5],"axis":"z","angle":0.0},"faces":{"north":{"uv":[2.0,4.25,2.5,6.75],"texture":"#3"},"east":{"uv":[3.0,4.25,3.5,6.75],"texture":"#3"},"south":{"uv":[3.0,4.25,3.5,6.75],"texture":"#3"},"west":{"uv":[3.5,4.25,4.0,6.75],"texture":"#3"},"up":{"uv":[3.5,9.0,3.0,8.5],"texture":"#3"},"down":{"uv":[3.5,8.5,3.0,9.0],"texture":"#3"}}},{"from":[11.0,1.0,11.0],"to":[13.0,11.0,13.0],"rotation":{"origin":[8.0,8.0,14.5],"axis":"z","angle":0.0},"faces":{"north":{"uv":[4.0,4.25,4.5,6.75],"texture":"#3"},"east":{"uv":[4.0,4.25,4.5,6.75],"texture":"#3"},"south":{"uv":[5.0,0.0,5.5,2.5],"texture":"#3"},"west":{"uv":[5.0,2.5,5.5,5.0],"texture":"#3"},"up":{"uv":[4.5,9.0,4.0,8.5],"texture":"#3"},"down":{"uv":[4.5,8.5,4.0,9.0],"texture":"#3"}}},{"from":[3.0,1.0,11.0],"to":[5.0,11.0,13.0],"rotation":{"origin":[8.0,8.0,14.5],"axis":"z","angle":0.0},"faces":{"north":{"uv":[6.0,0.0,6.5,2.5],"texture":"#3"},"east":{"uv":[5.5,2.5,6.0,5.0],"texture":"#3"},"south":{"uv":[6.0,5.0,6.5,7.5],"texture":"#3"},"west":{"uv":[6.5,0.0,7.0,2.5],"texture":"#3"},"up":{"uv":[6.5,9.0,6.0,8.5],"texture":"#3"},"down":{"uv":[6.5,8.5,6.0,9.0],"texture":"#3"}}},{"from":[3.0,1.0,3.0],"to":[5.0,11.0,5.0],"rotation":{"origin":[8.0,8.0,14.5],"axis":"z","angle":0.0},"faces":{"north":{"uv":[5.0,5.0,5.5,7.5],"texture":"#3"},"east":{"uv":[5.0,0.0,5.5,2.5],"texture":"#3"},"south":{"uv":[5.5,2.5,6.0,5.0],"texture":"#3"},"west":{"uv":[5.5,5.0,6.0,7.5],"texture":"#3"},"up":{"uv":[5.5,9.0,5.0,8.5],"texture":"#3"},"down":{"uv":[5.5,8.5,5.0,9.0],"texture":"#3"}}},{"from":[3.0,9.0,5.0],"to":[5.0,10.0,11.0],"rotation":{"origin":[8.0,8.0,14.5],"axis":"z","angle":0.0},"faces":{"north":{"uv":[2.0,8.75,2.5,9.0],"texture":"#3"},"east":{"uv":[7.25,7.25,8.75,7.5],"texture":"#3"},"south":{"uv":[2.5,8.75,3.0,9.0],"texture":"#3"},"west":{"uv":[0.0,7.75,1.5,8.0],"texture":"#3"},"up":{"uv":[4.75,1.5,4.25,0.0],"texture":"#3"},"down":{"uv":[6.75,1.0,6.25,2.5],"texture":"#3"}}},{"from":[7.2,12.2,5.0],"to":[8.2,14.2,11.0],"rotation":{"origin":[4.0,9.5,8.0],"axis":"z","angle":0.0},"faces":{"north":{"uv":[2.0,9.0,2.25,9.5],"texture":"#3"},"east":{"uv":[7.5,4.5,9.0,5.0],"texture":"#3"},"south":{"uv":[2.25,9.0,2.5,9.5],"texture":"#3"},"west":{"uv":[5.0,7.5,6.5,8.0],"texture":"#3"},"up":{"uv":[5.0,1.5,4.75,0.0],"texture":"#3"},"down":{"uv":[8.75,2.5,8.5,4.0],"texture":"#3"}}},{"from":[3.0,3.0,5.0],"to":[5.0,4.0,11.0],"rotation":{"origin":[8.0,8.0,14.5],"axis":"z","angle":0.0},"faces":{"north":{"uv":[8.5,8.75,9.0,9.0],"texture":"#3"},"east":{"uv":[3.0,8.0,4.5,8.25],"texture":"#3"},"south":{"uv":[0.0,9.0,0.5,9.25],"texture":"#3"},"west":{"uv":[4.5,8.25,6.0,8.5],"texture":"#3"},"up":{"uv":[7.5,5.5,7.0,4.0],"texture":"#3"},"down":{"uv":[7.0,4.0,6.5,5.5],"texture":"#3"}}},{"from":[5.0,3.0,3.0],"to":[11.0,4.0,5.0],"rotation":{"origin":[8.0,8.0,14.5],"axis":"z","angle":0.0},"faces":{"north":{"uv":[0.0,8.25,1.5,8.5],"texture":"#3"},"east":{"uv":[8.0,8.0,8.5,8.25],"texture":"#3"},"south":{"uv":[1.5,8.25,3.0,8.5],"texture":"#3"},"west":{"uv":[8.75,8.0,9.25,8.25],"texture":"#3"},"up":{"uv":[8.5,3.5,7.0,3.0],"texture":"#3"},"down":{"uv":[8.5,3.0,7.0,3.5],"texture":"#3"}}},{"from":[5.0,3.0,11.0],"to":[11.0,4.0,13.0],"rotation":{"origin":[8.0,8.0,14.5],"axis":"z","angle":0.0},"faces":{"north":{"uv":[7.25,8.0,8.75,8.25],"texture":"#3"},"east":{"uv":[8.5,7.75,9.0,8.0],"texture":"#3"},"south":{"uv":[8.0,7.25,9.5,7.5],"texture":"#3"},"west":{"uv":[8.75,7.75,9.25,8.0],"texture":"#3"},"up":{"uv":[8.5,2.5,7.0,2.0],"texture":"#3"},"down":{"uv":[8.5,2.0,7.0,2.5],"texture":"#3"}}},{"from":[11.0,3.0,5.0],"to":[13.0,4.0,11.0],"rotation":{"origin":[8.0,8.0,14.5],"axis":"z","angle":0.0},"faces":{"north":{"uv":[7.0,8.75,7.5,9.0],"texture":"#3"},"east":{"uv":[5.0,7.75,6.5,8.0],"texture":"#3"},"south":{"uv":[7.5,8.75,8.0,9.0],"texture":"#3"},"west":{"uv":[8.0,7.0,9.5,7.25],"texture":"#3"},"up":{"uv":[5.0,8.25,4.5,6.75],"texture":"#3"},"down":{"uv":[7.0,0.5,6.5,2.0],"texture":"#3"}}},{"from":[5.5,1.0,5.5],"to":[10.5,8.0,10.5],"rotation":{"origin":[8.5,8.0,15.0],"axis":"z","angle":0.0},"faces":{"north":{"uv":[0.0,2.5,1.25,4.25],"texture":"#3"},"east":{"uv":[1.25,2.5,2.5,4.25],"texture":"#3"},"south":{"uv":[2.5,2.5,3.75,4.25],"texture":"#3"},"west":{"uv":[3.0,0.0,4.25,1.75],"texture":"#3"},"up":{"uv":[5.0,4.25,3.75,3.0],"texture":"#3"},"down":{"uv":[5.0,3.0,3.75,4.25],"texture":"#3"}}},{"from":[6.5,8.0,6.5],"to":[9.5,9.0,9.5],"rotation":{"origin":[8.5,8.0,15.0],"axis":"z","angle":0.0},"faces":{"north":{"uv":[4.25,1.5,5.0,1.75],"texture":"#3"},"east":{"uv":[7.0,8.5,7.75,8.75],"texture":"#3"},"south":{"uv":[7.75,8.5,8.5,8.75],"texture":"#3"},"west":{"uv":[8.5,8.5,9.25,8.75],"texture":"#3"},"up":{"uv":[7.25,8.25,6.5,7.5],"texture":"#3"},"down":{"uv":[7.25,7.5,6.5,8.25],"texture":"#3"}}},{"from":[7.5,9.0,7.5],"to":[8.5,10.0,8.5],"rotation":{"origin":[8.5,8.0,15.0],"axis":"z","angle":0.0},"faces":{"north":{"uv":[9.0,1.75,9.25,2.0],"texture":"#3"},"east":{"uv":[2.5,9.0,2.75,9.25],"texture":"#3"},"south":{"uv":[2.75,9.0,3.0,9.25],"texture":"#3"},"west":{"uv":[3.0,9.0,3.25,9.25],"texture":"#3"},"up":{"uv":[4.75,3.5,4.5,3.25],"texture":"#3"},"down":{"uv":[4.25,3.75,4.0,4.0],"texture":"#3"}}}],"textures":{"3":"park_plus:lantern_box"}}