{"display":{"thirdperson_righthand":{"rotation":[60.0,-160.0,0.0],"translation":[0.0,1.75,1.0],"scale":[0.35586,0.35586,0.35586]},"thirdperson_lefthand":{"rotation":[60.0,-160.0,0.0],"translation":[0.0,1.75,1.0],"scale":[0.35586,0.35586,0.35586]},"firstperson_righthand":{"rotation":[0.0,-73.0,6.0],"translation":[3.25,1.5,0.0],"scale":[0.19492,0.19492,0.19492]},"firstperson_lefthand":{"rotation":[0.0,-73.0,6.0],"translation":[2.5,2.0,0.0],"scale":[0.19492,0.19492,0.19492]},"ground":{"translation":[0.0,1.5,0.0],"scale":[0.35,0.35,0.35]},"gui":{"rotation":[50.62,-51.88,4.12],"translation":[-0.25,3.25,0.0],"scale":[0.70196,0.70196,0.70196]},"head":{"translation":[0.0,-30.4,0.0],"scale":[1.6,1.6,1.6]},"fixed":{"rotation":[-90.0,-180.0,0.0],"translation":[0.0,0.0,-15.0],"scale":[2.0,2.0,2.0]}},"elements":[{"from":[0.0,3.0,0.0],"to":[16.0,5.0,4.0],"rotation":{"origin":[8.0,8.0,14.5],"axis":"z","angle":0.0},"faces":{"north":{"uv":[4.0,2.0,8.0,2.5],"texture":"#0"},"east":{"uv":[6.0,7.5,7.0,8.0],"texture":"#0"},"south":{"uv":[4.0,2.5,8.0,3.0],"texture":"#0"},"west":{"uv":[7.0,7.5,8.0,8.0],"texture":"#0"},"up":{"uv":[4.0,3.0,0.0,2.0],"texture":"#0"},"down":{"uv":[4.0,3.0,0.0,4.0],"texture":"#0"}}},{"from":[0.0,3.0,6.0],"to":[16.0,5.0,10.0],"rotation":{"origin":[8.0,8.0,14.5],"axis":"z","angle":0.0},"faces":{"north":{"uv":[4.0,1.0,8.0,1.5],"texture":"#0"},"east":{"uv":[6.0,7.0,7.0,7.5],"texture":"#0"},"south":{"uv":[4.0,1.5,8.0,2.0],"texture":"#0"},"west":{"uv":[7.0,7.0,8.0,7.5],"texture":"#0"},"up":{"uv":[4.0,1.0,0.0,0.0],"texture":"#0"},"down":{"uv":[4.0,1.0,0.0,2.0],"texture":"#0"}}},{"from":[0.0,3.0,12.0],"to":[16.0,5.0,16.0],"rotation":{"origin":[8.0,8.0,14.5],"axis":"z","angle":0.0},"faces":{"north":{"uv":[4.0,3.0,8.0,3.5],"texture":"#0"},"east":{"uv":[8.0,0.0,9.0,0.5],"texture":"#0"},"south":{"uv":[4.0,3.5,8.0,4.0],"texture":"#0"},"west":{"uv":[8.0,0.5,9.0,1.0],"texture":"#0"},"up":{"uv":[4.0,5.0,0.0,4.0],"texture":"#0"},"down":{"uv":[8.0,0.0,4.0,1.0],"texture":"#0"}}},{"from":[14.0,1.0,12.0],"to":[16.0,2.0,16.0],"rotation":{"origin":[8.0,8.0,14.5],"axis":"z","angle":0.0},"faces":{"north":{"uv":[7.0,9.0,7.5,9.25],"texture":"#0"},"east":{"uv":[0.0,9.0,1.0,9.25],"texture":"#0"},"south":{"uv":[9.0,7.0,9.5,7.25],"texture":"#0"},"west":{"uv":[9.0,0.0,10.0,0.25],"texture":"#0"},"up":{"uv":[8.5,2.0,8.0,1.0],"texture":"#0"},"down":{"uv":[8.5,2.0,8.0,3.0],"texture":"#0"}}},{"from":[14.0,1.0,6.0],"to":[16.0,2.0,10.0],"rotation":{"origin":[8.0,8.0,14.5],"axis":"z","angle":0.0},"faces":{"north":{"uv":[9.0,8.5,9.5,8.75],"texture":"#0"},"east":{"uv":[2.0,9.0,3.0,9.25],"texture":"#0"},"south":{"uv":[9.0,8.75,9.5,9.0],"texture":"#0"},"west":{"uv":[9.0,2.0,10.0,2.25],"texture":"#0"},"up":{"uv":[8.5,8.0,8.0,7.0],"texture":"#0"},"down":{"uv":[8.0,8.0,7.5,9.0],"texture":"#0"}}},{"from":[14.0,1.0,0.0],"to":[16.0,2.0,4.0],"rotation":{"origin":[8.0,8.0,14.5],"axis":"z","angle":0.0},"faces":{"north":{"uv":[9.0,7.25,9.5,7.5],"texture":"#0"},"east":{"uv":[9.0,0.25,10.0,0.5],"texture":"#0"},"south":{"uv":[7.5,9.0,8.0,9.25],"texture":"#0"},"west":{"uv":[9.0,0.5,10.0,0.75],"texture":"#0"},"up":{"uv":[8.5,4.0,8.0,3.0],"texture":"#0"},"down":{"uv":[4.5,8.0,4.0,9.0],"texture":"#0"}}},{"from":[0.0,1.0,0.0],"to":[2.0,2.0,4.0],"rotation":{"origin":[8.0,8.0,14.5],"axis":"z","angle":0.0},"faces":{"north":{"uv":[8.0,9.0,8.5,9.25],"texture":"#0"},"east":{"uv":[9.0,1.0,10.0,1.25],"texture":"#0"},"south":{"uv":[9.0,8.0,9.5,8.25],"texture":"#0"},"west":{"uv":[9.0,1.25,10.0,1.5],"texture":"#0"},"up":{"uv":[6.0,9.0,5.5,8.0],"texture":"#0"},"down":{"uv":[6.5,8.0,6.0,9.0],"texture":"#0"}}},{"from":[0.0,1.0,12.0],"to":[2.0,2.0,16.0],"rotation":{"origin":[8.0,8.0,14.5],"axis":"z","angle":0.0},"faces":{"north":{"uv":[9.0,7.5,9.5,7.75],"texture":"#0"},"east":{"uv":[9.0,0.75,10.0,1.0],"texture":"#0"},"south":{"uv":[9.0,7.75,9.5,8.0],"texture":"#0"},"west":{"uv":[1.0,9.0,2.0,9.25],"texture":"#0"},"up":{"uv":[5.0,9.0,4.5,8.0],"texture":"#0"},"down":{"uv":[5.5,8.0,5.0,9.0],"texture":"#0"}}},{"from":[0.0,1.0,6.0],"to":[2.0,2.0,10.0],"rotation":{"origin":[8.0,8.0,14.5],"axis":"z","angle":0.0},"faces":{"north":{"uv":[9.0,8.25,9.5,8.5],"texture":"#0"},"east":{"uv":[9.0,1.5,10.0,1.75],"texture":"#0"},"south":{"uv":[8.5,9.0,9.0,9.25],"texture":"#0"},"west":{"uv":[9.0,1.75,10.0,2.0],"texture":"#0"},"up":{"uv":[7.0,9.0,6.5,8.0],"texture":"#0"},"down":{"uv":[7.5,8.0,7.0,9.0],"texture":"#0"}}},{"from":[0.0,0.0,0.0],"to":[2.0,1.0,16.0],"rotation":{"origin":[8.0,8.0,14.5],"axis":"z","angle":0.0},"faces":{"north":{"uv":[9.0,3.5,9.5,3.75],"texture":"#0"},"east":{"uv":[6.0,4.0,10.0,4.25],"texture":"#0"},"south":{"uv":[9.0,3.75,9.5,4.0],"texture":"#0"},"west":{"uv":[6.0,4.25,10.0,4.5],"texture":"#0"},"up":{"uv":[4.5,8.0,4.0,4.0],"texture":"#0"},"down":{"uv":[5.0,4.0,4.5,8.0],"texture":"#0"}}},{"from":[14.0,0.0,0.0],"to":[16.0,1.0,16.0],"rotation":{"origin":[8.0,8.0,14.5],"axis":"z","angle":0.0},"faces":{"north":{"uv":[4.0,9.0,4.5,9.25],"texture":"#0"},"east":{"uv":[6.0,4.5,10.0,4.75],"texture":"#0"},"south":{"uv":[4.5,9.0,5.0,9.25],"texture":"#0"},"west":{"uv":[6.0,4.75,10.0,5.0],"texture":"#0"},"up":{"uv":[0.5,9.0,0.0,5.0],"texture":"#0"},"down":{"uv":[1.0,5.0,0.5,9.0],"texture":"#0"}}},{"from":[14.0,2.0,0.0],"to":[16.0,3.0,16.0],"rotation":{"origin":[8.0,8.0,14.5],"axis":"z","angle":0.0},"faces":{"north":{"uv":[6.0,9.0,6.5,9.25],"texture":"#0"},"east":{"uv":[6.0,5.5,10.0,5.75],"texture":"#0"},"south":{"uv":[6.5,9.0,7.0,9.25],"texture":"#0"},"west":{"uv":[6.0,5.75,10.0,6.0],"texture":"#0"},"up":{"uv":[2.5,9.0,2.0,5.0],"texture":"#0"},"down":{"uv":[3.0,5.0,2.5,9.0],"texture":"#0"}}},{"from":[0.0,2.0,0.0],"to":[2.0,3.0,16.0],"rotation":{"origin":[8.0,8.0,14.5],"axis":"z","angle":0.0},"faces":{"north":{"uv":[5.0,9.0,5.5,9.25],"texture":"#0"},"east":{"uv":[6.0,5.0,10.0,5.25],"texture":"#0"},"south":{"uv":[5.5,9.0,6.0,9.25],"texture":"#0"},"west":{"uv":[6.0,5.25,10.0,5.5],"texture":"#0"},"up":{"uv":[1.5,9.0,1.0,5.0],"texture":"#0"},"down":{"uv":[2.0,5.0,1.5,9.0],"texture":"#0"}}},{"from":[7.0,1.0,12.0],"to":[9.0,2.0,16.0],"rotation":{"origin":[8.0,8.0,14.5],"axis":"z","angle":0.0},"faces":{"north":{"uv":[3.5,9.25,4.0,9.5],"texture":"#0"},"east":{"uv":[9.0,3.0,10.0,3.25],"texture":"#0"},"south":{"uv":[4.0,9.25,4.5,9.5],"texture":"#0"},"west":{"uv":[9.0,3.25,10.0,3.5],"texture":"#0"},"up":{"uv":[9.0,8.0,8.5,7.0],"texture":"#0"},"down":{"uv":[9.0,8.0,8.5,9.0],"texture":"#0"}}},{"from":[7.0,2.0,0.0],"to":[9.0,3.0,16.0],"rotation":{"origin":[8.0,8.0,14.5],"axis":"z","angle":0.0},"faces":{"north":{"uv":[2.5,9.25,3.0,9.5],"texture":"#0"},"east":{"uv":[6.0,6.5,10.0,6.75],"texture":"#0"},"south":{"uv":[3.0,9.25,3.5,9.5],"texture":"#0"},"west":{"uv":[6.0,6.75,10.0,7.0],"texture":"#0"},"up":{"uv":[5.5,8.0,5.0,4.0],"texture":"#0"},"down":{"uv":[6.0,4.0,5.5,8.0],"texture":"#0"}}},{"from":[7.0,1.0,6.0],"to":[9.0,2.0,10.0],"rotation":{"origin":[8.0,8.0,14.5],"axis":"z","angle":0.0},"faces":{"north":{"uv":[1.5,9.25,2.0,9.5],"texture":"#0"},"east":{"uv":[9.0,2.75,10.0,3.0],"texture":"#0"},"south":{"uv":[2.0,9.25,2.5,9.5],"texture":"#0"},"west":{"uv":[3.0,9.0,4.0,9.25],"texture":"#0"},"up":{"uv":[9.0,3.0,8.5,2.0],"texture":"#0"},"down":{"uv":[9.0,3.0,8.5,4.0],"texture":"#0"}}},{"from":[7.0,0.0,0.0],"to":[9.0,1.0,16.0],"rotation":{"origin":[8.0,8.0,14.5],"axis":"z","angle":0.0},"faces":{"north":{"uv":[0.5,9.25,1.0,9.5],"texture":"#0"},"east":{"uv":[6.0,6.0,10.0,6.25],"texture":"#0"},"south":{"uv":[1.0,9.25,1.5,9.5],"texture":"#0"},"west":{"uv":[6.0,6.25,10.0,6.5],"texture":"#0"},"up":{"uv":[3.5,9.0,3.0,5.0],"texture":"#0"},"down":{"uv":[4.0,5.0,3.5,9.0],"texture":"#0"}}},{"from":[7.0,1.0,0.0],"to":[9.0,2.0,4.0],"rotation":{"origin":[8.0,8.0,14.5],"axis":"z","angle":0.0},"faces":{"north":{"uv":[9.0,9.0,9.5,9.25],"texture":"#0"},"east":{"uv":[9.0,2.25,10.0,2.5],"texture":"#0"},"south":{"uv":[0.0,9.25,0.5,9.5],"texture":"#0"},"west":{"uv":[9.0,2.5,10.0,2.75],"texture":"#0"},"up":{"uv":[8.5,9.0,8.0,8.0],"texture":"#0"},"down":{"uv":[9.0,1.0,8.5,2.0],"texture":"#0"}}}],"textures":{"particle":"park_plus:light_pallet","0":"park_plus:light_pallet"}}