{"display":{"thirdperson_righthand":{"rotation":[60.0,-160.0,0.0],"translation":[0.0,0.75,0.25],"scale":[0.35586,0.35586,0.35586]},"thirdperson_lefthand":{"rotation":[60.0,-160.0,0.0],"translation":[0.0,0.75,0.25],"scale":[0.35586,0.35586,0.35586]},"firstperson_righthand":{"rotation":[0.0,-73.0,6.0],"translation":[3.25,0.5,0.0],"scale":[0.19492,0.19492,0.19492]},"firstperson_lefthand":{"rotation":[0.0,-73.0,6.0],"translation":[3.25,0.5,0.0],"scale":[0.19492,0.19492,0.19492]},"ground":{"translation":[0.0,1.5,0.0],"scale":[0.35,0.35,0.35]},"gui":{"rotation":[30.0,-40.0,0.0],"translation":[-0.25,0.0,0.0],"scale":[0.45,0.45,0.45]},"head":{"translation":[0.0,-30.4,0.0],"scale":[1.6,1.6,1.6]},"fixed":{"rotation":[-90.0,-180.0,0.0],"translation":[0.0,0.0,-15.0],"scale":[2.0,2.0,2.0]}},"elements":[{"from":[2.0,0.0,2.0],"to":[14.0,12.0,14.0],"rotation":{"origin":[2.6,-4.0,22.0],"axis":"y","angle":0.0},"faces":{"north":{"uv":[0.0,0.0,3.0,3.0],"texture":"#1"},"east":{"uv":[0.0,3.0,3.0,6.0],"texture":"#1"},"south":{"uv":[3.0,0.0,6.0,3.0],"texture":"#1"},"west":{"uv":[3.0,3.0,6.0,6.0],"texture":"#1"},"up":{"uv":[3.0,9.0,0.0,6.0],"texture":"#1"},"down":{"uv":[9.0,0.0,6.0,3.0],"texture":"#1"}}}],"textures":{"particle":"park_plus:little_box","1":"park_plus:little_box"}}