{"display":{"thirdperson_righthand":{"rotation":[60.0,-160.0,0.0],"translation":[0.0,1.75,0.25],"scale":[0.35586,0.35586,0.35586]},"thirdperson_lefthand":{"rotation":[60.0,-160.0,0.0],"translation":[0.0,0.75,0.25],"scale":[0.35586,0.35586,0.35586]},"firstperson_righthand":{"rotation":[0.0,-73.0,6.0],"translation":[3.25,1.5,0.0],"scale":[0.19492,0.19492,0.19492]},"firstperson_lefthand":{"rotation":[0.0,-73.0,6.0],"translation":[3.25,0.5,0.0],"scale":[0.19492,0.19492,0.19492]},"ground":{"translation":[0.0,1.5,0.0],"scale":[0.35,0.35,0.35]},"gui":{"rotation":[31.48,-74.11,7.49],"translation":[0.5,1.75,0.0],"scale":[0.70196,0.70196,0.70196]},"head":{"translation":[0.0,-30.4,0.0],"scale":[1.6,1.6,1.6]},"fixed":{"rotation":[-90.0,-180.0,0.0],"translation":[0.0,0.0,-15.0],"scale":[2.0,2.0,2.0]}},"elements":[{"from":[11.0,0.0,9.0],"to":[20.0,9.0,25.0],"rotation":{"origin":[2.6,-4.0,22.0],"axis":"y","angle":45.0},"faces":{"north":{"uv":[0.0,4.5,2.25,6.75],"texture":"#1"},"east":{"uv":[0.0,0.0,4.0,2.25],"texture":"#1"},"south":{"uv":[6.25,0.0,8.5,2.25],"texture":"#1"},"west":{"uv":[0.0,2.25,4.0,4.5],"texture":"#1"},"up":{"uv":[6.25,4.0,4.0,0.0],"texture":"#1"},"down":{"uv":[6.25,4.0,4.0,0.0],"texture":"#1"}}}],"textures":{"particle":"park_plus:log_bench","1":"park_plus:log_bench"}}