{"display":{"thirdperson_righthand":{"rotation":[60.0,-160.0,0.0],"translation":[-0.25,3.25,0.25],"scale":[0.22109,0.22109,0.22109]},"thirdperson_lefthand":{"rotation":[60.0,-160.0,0.0],"translation":[-0.25,3.25,0.25],"scale":[0.22109,0.22109,0.22109]},"firstperson_righthand":{"rotation":[0.0,-40.0,6.0],"translation":[1.25,1.0,0.0],"scale":[0.10899,0.10899,0.10899]},"firstperson_lefthand":{"rotation":[0.0,-40.0,6.0],"translation":[3.25,1.0,0.0],"scale":[0.10899,0.10899,0.10899]},"ground":{"translation":[-2.25,1.5,0.0],"scale":[0.35,0.35,0.35]},"gui":{"rotation":[30.0,-40.0,0.0],"translation":[0.0,-0.5,0.0],"scale":[0.325,0.325,0.325]},"head":{"translation":[0.0,-30.4,0.0],"scale":[1.6,1.6,1.6]},"fixed":{"rotation":[-90.0,-180.0,0.0],"translation":[0.0,0.0,-15.0],"scale":[2.0,2.0,2.0]}},"elements":[{"from":[13.0,0.0,20.0],"to":[15.0,15.0,22.0],"rotation":{"origin":[14.0,7.5,21.0],"axis":"z","angle":22.5},"faces":{"north":{"uv":[3.0,4.25,3.25,6.125],"texture":"#1"},"east":{"uv":[3.25,4.25,3.5,6.125],"texture":"#1"},"south":{"uv":[3.5,4.25,3.75,6.125],"texture":"#1"},"west":{"uv":[3.75,4.25,4.0,6.125],"texture":"#1"},"up":{"uv":[6.25,3.625,6.0,3.375],"texture":"#1"},"down":{"uv":[4.0,6.125,3.75,6.375],"texture":"#1"}}},{"from":[13.0,0.0,-7.0],"to":[15.0,15.0,-5.0],"rotation":{"origin":[14.0,7.5,21.0],"axis":"z","angle":22.5},"faces":{"north":{"uv":[4.0,4.25,4.25,6.125],"texture":"#1"},"east":{"uv":[4.25,4.25,4.5,6.125],"texture":"#1"},"south":{"uv":[4.5,4.25,4.75,6.125],"texture":"#1"},"west":{"uv":[4.75,4.25,5.0,6.125],"texture":"#1"},"up":{"uv":[4.25,6.375,4.0,6.125],"texture":"#1"},"down":{"uv":[4.5,6.125,4.25,6.375],"texture":"#1"}}},{"from":[1.0,0.0,20.0],"to":[3.0,15.0,22.0],"rotation":{"origin":[2.0,7.5,21.0],"axis":"z","angle":-22.5},"faces":{"north":{"uv":[6.0,4.25,6.25,6.125],"texture":"#1"},"east":{"uv":[3.0,6.125,3.25,8.0],"texture":"#1"},"south":{"uv":[3.25,6.125,3.5,8.0],"texture":"#1"},"west":{"uv":[3.5,6.125,3.75,8.0],"texture":"#1"},"up":{"uv":[5.25,6.375,5.0,6.125],"texture":"#1"},"down":{"uv":[5.5,6.125,5.25,6.375],"texture":"#1"}}},{"from":[1.0,0.0,-7.0],"to":[3.0,15.0,-5.0],"rotation":{"origin":[2.0,7.5,21.0],"axis":"z","angle":-22.5},"faces":{"north":{"uv":[5.0,4.25,5.25,6.125],"texture":"#1"},"east":{"uv":[5.25,4.25,5.5,6.125],"texture":"#1"},"south":{"uv":[5.5,4.25,5.75,6.125],"texture":"#1"},"west":{"uv":[5.75,4.25,6.0,6.125],"texture":"#1"},"up":{"uv":[4.75,6.375,4.5,6.125],"texture":"#1"},"down":{"uv":[5.0,6.125,4.75,6.375],"texture":"#1"}}},{"from":[0.0,14.0,-8.0],"to":[16.0,16.0,23.0],"rotation":{"origin":[16.0,0.0,0.0],"axis":"y","angle":0.0},"faces":{"north":{"uv":[4.0,3.125,6.0,3.375],"texture":"#1"},"east":{"uv":[4.0,1.125,7.875,1.375],"texture":"#1"},"south":{"uv":[4.0,3.375,6.0,3.625],"texture":"#1"},"west":{"uv":[4.0,1.375,7.875,1.625],"texture":"#1"},"up":{"uv":[4.0,3.875,2.0,0.0],"texture":"#1"},"down":{"uv":[4.0,0.0,2.0,3.875],"texture":"#1"}}},{"from":[-5.0,7.0,19.5],"to":[21.0,9.0,22.5],"rotation":{"origin":[16.0,0.0,0.0],"axis":"y","angle":0.0},"faces":{"north":{"uv":[4.0,1.875,7.25,2.125],"texture":"#1"},"east":{"uv":[4.0,3.625,4.375,3.875],"texture":"#1"},"south":{"uv":[4.0,1.875,7.25,2.125],"texture":"#1"},"west":{"uv":[4.375,3.625,4.75,3.875],"texture":"#1"},"up":{"uv":[6.25,4.25,3.0,3.875],"texture":"#1"},"down":{"uv":[7.25,0.375,4.0,0.75],"texture":"#1"}}},{"from":[-5.0,7.0,-7.5],"to":[21.0,9.0,-4.5],"rotation":{"origin":[16.0,0.0,0.0],"axis":"y","angle":0.0},"faces":{"north":{"uv":[4.0,2.125,7.25,2.375],"texture":"#1"},"east":{"uv":[5.5,3.625,5.875,3.875],"texture":"#1"},"south":{"uv":[4.0,2.375,7.25,2.625],"texture":"#1"},"west":{"uv":[5.875,3.625,6.25,3.875],"texture":"#1"},"up":{"uv":[7.25,0.75,4.0,0.375],"texture":"#1"},"down":{"uv":[7.25,0.75,4.0,1.125],"texture":"#1"}}},{"from":[18.0,9.0,-9.0],"to":[24.0,10.0,24.0],"rotation":{"origin":[16.0,0.0,0.0],"axis":"y","angle":0.0},"faces":{"north":{"uv":[4.75,3.625,5.5,3.75],"texture":"#1"},"east":{"uv":[4.0,2.625,8.125,2.75],"texture":"#1"},"south":{"uv":[4.75,3.75,5.5,3.875],"texture":"#1"},"west":{"uv":[4.0,2.75,8.125,2.875],"texture":"#1"},"up":{"uv":[0.75,8.0,0.0,3.875],"texture":"#1"},"down":{"uv":[0.75,3.875,0.0,8.0],"texture":"#1"}}},{"from":[-8.0,9.0,-9.0],"to":[-2.0,10.0,24.0],"faces":{"north":{"uv":[6.0,3.125,6.75,3.25],"texture":"#1"},"east":{"uv":[4.0,2.875,8.125,3.0],"texture":"#1"},"south":{"uv":[6.0,3.25,6.75,3.375],"texture":"#1"},"west":{"uv":[4.0,3.0,8.125,3.125],"texture":"#1"},"up":{"uv":[2.25,8.0,1.5,3.875],"texture":"#1"},"down":{"uv":[2.25,3.875,1.5,8.0],"texture":"#1"}}}],"textures":{"particle":"park_plus:picnictable","1":"park_plus:picnictable"}}