{"display":{"thirdperson_righthand":{"rotation":[60.0,-160.0,0.0],"translation":[-0.25,3.25,0.25],"scale":[0.22109,0.22109,0.22109]},"thirdperson_lefthand":{"rotation":[60.0,-160.0,0.0],"translation":[-0.25,3.25,0.25],"scale":[0.22109,0.22109,0.22109]},"firstperson_righthand":{"rotation":[0.0,-40.0,6.0],"translation":[1.25,1.0,0.0],"scale":[0.10899,0.10899,0.10899]},"firstperson_lefthand":{"rotation":[0.0,-40.0,6.0],"translation":[3.25,1.0,0.0],"scale":[0.10899,0.10899,0.10899]},"ground":{"translation":[-2.25,1.5,0.0],"scale":[0.35,0.35,0.35]},"gui":{"rotation":[30.0,-40.0,0.0],"translation":[0.0,-0.5,0.0],"scale":[0.325,0.325,0.325]},"head":{"translation":[0.0,-30.4,0.0],"scale":[1.6,1.6,1.6]},"fixed":{"rotation":[-90.0,-180.0,0.0],"translation":[0.0,0.0,-15.0],"scale":[2.0,2.0,2.0]}},"elements":[{"from":[13.0,0.0,20.0],"to":[15.0,15.0,22.0],"rotation":{"origin":[14.0,7.5,21.0],"axis":"z","angle":22.5},"faces":{"north":{"uv":[5.0,6.25,5.25,8.125],"texture":"#3"},"east":{"uv":[5.25,6.25,5.5,8.125],"texture":"#3"},"south":{"uv":[5.5,6.25,5.75,8.125],"texture":"#3"},"west":{"uv":[5.75,6.25,6.0,8.125],"texture":"#3"},"up":{"uv":[7.125,4.125,6.875,3.875],"texture":"#3"},"down":{"uv":[7.125,4.125,6.875,4.375],"texture":"#3"}}},{"from":[13.0,0.0,-7.0],"to":[15.0,15.0,-5.0],"rotation":{"origin":[14.0,7.5,21.0],"axis":"z","angle":22.5},"faces":{"north":{"uv":[6.0,6.25,6.25,8.125],"texture":"#3"},"east":{"uv":[6.25,6.25,6.5,8.125],"texture":"#3"},"south":{"uv":[3.0,6.5,3.25,8.375],"texture":"#3"},"west":{"uv":[3.25,6.5,3.5,8.375],"texture":"#3"},"up":{"uv":[7.125,4.625,6.875,4.375],"texture":"#3"},"down":{"uv":[7.125,4.625,6.875,4.875],"texture":"#3"}}},{"from":[1.0,0.0,20.0],"to":[3.0,15.0,22.0],"rotation":{"origin":[2.0,7.5,21.0],"axis":"z","angle":-22.5},"faces":{"north":{"uv":[3.5,6.5,3.75,8.375],"texture":"#3"},"east":{"uv":[3.75,6.5,4.0,8.375],"texture":"#3"},"south":{"uv":[4.0,6.5,4.25,8.375],"texture":"#3"},"west":{"uv":[4.25,6.5,4.5,8.375],"texture":"#3"},"up":{"uv":[7.25,5.375,7.0,5.125],"texture":"#3"},"down":{"uv":[7.25,6.25,7.0,6.5],"texture":"#3"}}},{"from":[1.0,0.0,-7.0],"to":[3.0,15.0,-5.0],"rotation":{"origin":[2.0,7.5,21.0],"axis":"z","angle":-22.5},"faces":{"north":{"uv":[4.5,6.5,4.75,8.375],"texture":"#3"},"east":{"uv":[4.75,6.5,5.0,8.375],"texture":"#3"},"south":{"uv":[6.5,6.25,6.75,8.125],"texture":"#3"},"west":{"uv":[6.75,6.25,7.0,8.125],"texture":"#3"},"up":{"uv":[7.25,6.75,7.0,6.5],"texture":"#3"},"down":{"uv":[7.25,6.75,7.0,7.0],"texture":"#3"}}},{"from":[0.0,14.0,-8.0],"to":[16.0,16.0,23.0],"rotation":{"origin":[16.0,0.0,0.0],"axis":"y","angle":0.0},"faces":{"north":{"uv":[3.0,6.25,5.0,6.5],"texture":"#3"},"east":{"uv":[4.0,3.5,7.875,3.75],"texture":"#3"},"south":{"uv":[6.25,4.875,8.25,5.125],"texture":"#3"},"west":{"uv":[3.0,4.625,6.875,4.875],"texture":"#3"},"up":{"uv":[2.0,3.875,0.0,0.0],"texture":"#3"},"down":{"uv":[4.0,0.0,2.0,3.875],"texture":"#3"}}},{"from":[0.0,9.0,-8.0],"to":[0.0,14.0,23.0],"rotation":{"origin":[16.0,0.0,0.0],"axis":"y","angle":0.0},"faces":{"north":{"uv":[0.0,0.0,0.0,0.625],"texture":"#3"},"east":{"uv":[4.0,0.75,7.875,1.375],"texture":"#3"},"south":{"uv":[0.0,0.0,0.0,0.625],"texture":"#3"},"west":{"uv":[4.0,1.375,7.875,2.0],"texture":"#3"},"up":{"uv":[0.0,3.875,0.0,0.0],"texture":"#3"},"down":{"uv":[0.0,0.0,0.0,3.875],"texture":"#3"}}},{"from":[16.0,8.0,-8.0],"to":[16.0,14.0,23.0],"rotation":{"origin":[16.0,0.0,0.0],"axis":"y","angle":0.0},"faces":{"north":{"uv":[0.0,0.0,0.0,0.75],"texture":"#3"},"east":{"uv":[3.0,3.875,6.875,4.625],"texture":"#3"},"south":{"uv":[0.0,0.0,0.0,0.75],"texture":"#3"},"west":{"uv":[4.0,0.0,7.875,0.75],"texture":"#3"},"up":{"uv":[0.0,3.875,0.0,0.0],"texture":"#3"},"down":{"uv":[0.0,0.0,0.0,3.875],"texture":"#3"}}},{"from":[-5.0,7.0,19.5],"to":[21.0,9.0,22.5],"rotation":{"origin":[16.0,0.0,0.0],"axis":"y","angle":0.0},"faces":{"north":{"uv":[3.0,4.875,6.25,5.125],"texture":"#3"},"east":{"uv":[6.25,5.125,6.625,5.375],"texture":"#3"},"south":{"uv":[3.0,5.125,6.25,5.375],"texture":"#3"},"west":{"uv":[6.25,5.375,6.625,5.625],"texture":"#3"},"up":{"uv":[7.25,2.375,4.0,2.0],"texture":"#3"},"down":{"uv":[7.25,2.375,4.0,2.75],"texture":"#3"}}},{"from":[-5.0,7.0,-7.5],"to":[21.0,9.0,-4.5],"rotation":{"origin":[16.0,0.0,0.0],"axis":"y","angle":0.0},"faces":{"north":{"uv":[3.0,5.375,6.25,5.625],"texture":"#3"},"east":{"uv":[6.25,5.625,6.625,5.875],"texture":"#3"},"south":{"uv":[3.0,5.625,6.25,5.875],"texture":"#3"},"west":{"uv":[6.625,5.125,7.0,5.375],"texture":"#3"},"up":{"uv":[7.25,3.125,4.0,2.75],"texture":"#3"},"down":{"uv":[7.25,3.125,4.0,3.5],"texture":"#3"}}},{"from":[18.0,9.0,-9.0],"to":[24.0,10.0,24.0],"rotation":{"origin":[16.0,0.0,0.0],"axis":"y","angle":0.0},"faces":{"north":{"uv":[6.625,5.375,7.375,5.5],"texture":"#3"},"east":{"uv":[4.0,3.75,8.125,3.875],"texture":"#3"},"south":{"uv":[6.625,5.5,7.375,5.625],"texture":"#3"},"west":{"uv":[3.0,5.875,7.125,6.0],"texture":"#3"},"up":{"uv":[0.75,8.0,0.0,3.875],"texture":"#3"},"down":{"uv":[1.5,3.875,0.75,8.0],"texture":"#3"}}},{"from":[-8.0,9.0,-9.0],"to":[-2.0,10.0,24.0],"faces":{"north":{"uv":[6.625,5.625,7.375,5.75],"texture":"#3"},"east":{"uv":[3.0,6.0,7.125,6.125],"texture":"#3"},"south":{"uv":[6.625,5.75,7.375,5.875],"texture":"#3"},"west":{"uv":[3.0,6.125,7.125,6.25],"texture":"#3"},"up":{"uv":[2.25,8.0,1.5,3.875],"texture":"#3"},"down":{"uv":[3.0,3.875,2.25,8.0],"texture":"#3"}}}],"textures":{"3":"park_plus:picnictable_nappe"}}