{"display":{"thirdperson_righthand":{"rotation":[60.0,-160.0,0.0],"translation":[0.0,0.75,0.25],"scale":[0.35586,0.35586,0.35586]},"thirdperson_lefthand":{"rotation":[60.0,-160.0,0.0],"translation":[0.0,0.75,0.25],"scale":[0.35586,0.35586,0.35586]},"firstperson_righthand":{"rotation":[0.0,-73.0,6.0],"translation":[3.25,0.5,0.0],"scale":[0.19492,0.19492,0.19492]},"firstperson_lefthand":{"rotation":[0.0,-73.0,6.0],"translation":[3.25,0.5,0.0],"scale":[0.19492,0.19492,0.19492]},"ground":{"translation":[0.0,1.5,0.0],"scale":[0.35,0.35,0.35]},"gui":{"rotation":[30.0,-40.0,0.0],"translation":[0.0,-3.0,0.0],"scale":[0.37969,0.37969,0.37969]},"head":{"translation":[0.0,-30.4,0.0],"scale":[1.6,1.6,1.6]},"fixed":{"rotation":[-90.0,-180.0,0.0],"translation":[0.0,0.0,-15.0],"scale":[2.0,2.0,2.0]}},"elements":[{"from":[3.0,12.0,3.0],"to":[13.0,20.0,13.0],"faces":{"north":{"uv":[4.0,9.0,6.5,11.0],"texture":"#1"},"east":{"uv":[6.5,10.0,9.0,12.0],"texture":"#1"},"south":{"uv":[9.0,10.0,11.5,12.0],"texture":"#1"},"west":{"uv":[10.5,0.0,13.0,2.0],"texture":"#1"},"up":{"uv":[10.5,7.5,8.0,5.0],"texture":"#1"},"down":{"uv":[10.5,7.5,8.0,10.0],"texture":"#1"}}},{"from":[3.0,22.0,3.0],"to":[13.0,30.0,13.0],"rotation":{"origin":[8.0,26.0,8.0],"axis":"y","angle":0.0},"faces":{"north":{"uv":[10.5,0.0,13.0,2.0],"texture":"#1"},"east":{"uv":[4.0,9.0,6.5,11.0],"texture":"#1"},"south":{"uv":[6.5,10.0,9.0,12.0],"texture":"#1"},"west":{"uv":[9.0,10.0,11.5,12.0],"texture":"#1"},"up":{"uv":[10.5,7.5,8.0,5.0],"texture":"#1","rotation":90},"down":{"uv":[10.5,7.5,8.0,10.0],"texture":"#1","rotation":270}}},{"from":[5.0,12.0,5.0],"to":[11.0,22.0,11.0],"faces":{"north":{"uv":[10.5,2.0,12.0,4.5],"texture":"#1"},"east":{"uv":[10.5,4.5,12.0,7.0],"texture":"#1"},"south":{"uv":[10.5,7.0,12.0,9.5],"texture":"#1"},"west":{"uv":[0.0,11.0,1.5,13.5],"texture":"#1"},"up":{"uv":[3.0,12.5,1.5,11.0],"texture":"#1"},"down":{"uv":[4.5,11.0,3.0,12.5],"texture":"#1"}}},{"from":[5.0,2.0,5.0],"to":[11.0,12.0,11.0],"faces":{"north":{"uv":[10.5,2.0,12.0,4.5],"texture":"#1"},"east":{"uv":[10.5,4.5,12.0,7.0],"texture":"#1"},"south":{"uv":[10.5,7.0,12.0,9.5],"texture":"#1"},"west":{"uv":[0.0,11.0,1.5,13.5],"texture":"#1"},"up":{"uv":[3.0,12.5,1.5,11.0],"texture":"#1"},"down":{"uv":[4.5,11.0,3.0,12.5],"texture":"#1"}}},{"from":[4.0,30.0,4.0],"to":[12.0,32.0,12.0],"faces":{"north":{"uv":[10.5,9.5,12.5,10.0],"texture":"#1"},"east":{"uv":[11.5,10.0,13.5,10.5],"texture":"#1"},"south":{"uv":[11.5,10.5,13.5,11.0],"texture":"#1"},"west":{"uv":[11.5,11.0,13.5,11.5],"texture":"#1"},"up":{"uv":[10.25,2.25,8.25,0.25],"texture":"#1"},"down":{"uv":[10.0,2.5,8.0,4.5],"texture":"#1"}}},{"from":[4.0,0.0,4.0],"to":[12.0,2.0,12.0],"faces":{"north":{"uv":[10.5,9.5,12.5,10.0],"texture":"#1"},"east":{"uv":[11.5,10.0,13.5,10.5],"texture":"#1"},"south":{"uv":[11.5,10.5,13.5,11.0],"texture":"#1"},"west":{"uv":[11.5,11.0,13.5,11.5],"texture":"#1"},"up":{"uv":[10.25,2.25,8.25,0.25],"texture":"#1"},"down":{"uv":[10.25,2.25,8.25,0.25],"texture":"#1"}}}],"textures":{"1":"park_plus:stele"}}