{"display":{"thirdperson_righthand":{"rotation":[60.0,-160.0,0.0],"translation":[0.0,0.75,0.25],"scale":[0.35586,0.35586,0.35586]},"thirdperson_lefthand":{"rotation":[60.0,-160.0,0.0],"translation":[0.0,0.75,0.25],"scale":[0.35586,0.35586,0.35586]},"firstperson_righthand":{"rotation":[0.0,-73.0,6.0],"translation":[3.25,0.5,0.0],"scale":[0.19492,0.19492,0.19492]},"firstperson_lefthand":{"rotation":[0.0,-73.0,6.0],"translation":[3.25,0.5,0.0],"scale":[0.19492,0.19492,0.19492]},"ground":{"translation":[0.0,1.5,0.0],"scale":[0.35,0.35,0.35]},"gui":{"rotation":[30.0,-40.0,0.0],"translation":[0.25,-1.75,0.0],"scale":[0.45,0.45,0.45]},"head":{"translation":[0.0,-30.4,0.0],"scale":[1.6,1.6,1.6]},"fixed":{"rotation":[-90.0,-180.0,0.0],"translation":[0.0,0.0,-15.0],"scale":[2.0,2.0,2.0]}},"elements":[{"from":[6.0,4.0,6.0],"to":[10.0,17.0,10.0],"faces":{"north":{"uv":[0.0,0.0,1.0,3.25],"texture":"#2"},"east":{"uv":[1.0,0.0,2.0,3.25],"texture":"#2"},"south":{"uv":[2.0,0.0,3.0,3.25],"texture":"#2"},"west":{"uv":[3.0,0.0,4.0,3.25],"texture":"#2"},"up":{"uv":[6.0,9.0,5.0,8.0],"texture":"#2"},"down":{"uv":[7.0,8.0,6.0,9.0],"texture":"#2"}}},{"from":[5.5,0.0,5.5],"to":[10.5,4.0,10.5],"faces":{"north":{"uv":[0.0,7.5,1.25,8.5],"texture":"#2"},"east":{"uv":[7.5,0.0,8.75,1.0],"texture":"#2"},"south":{"uv":[1.25,7.5,2.5,8.5],"texture":"#2"},"west":{"uv":[7.75,3.0,9.0,4.0],"texture":"#2"},"up":{"uv":[4.25,8.0,3.0,6.75],"texture":"#2"},"down":{"uv":[5.5,6.75,4.25,8.0],"texture":"#2"}}},{"from":[7.1,16.6,7.0],"to":[9.1,18.6,9.0],"rotation":{"origin":[-13.4,13.0,0.0],"axis":"y","angle":0.0},"faces":{"north":{"uv":[5.0,7.25,4.5,7.75],"texture":"#2"},"east":{"uv":[5.0,7.25,4.5,7.75],"texture":"#2"},"south":{"uv":[5.0,7.25,4.5,7.75],"texture":"#2"},"west":{"uv":[5.0,7.25,4.5,7.75],"texture":"#2"},"up":{"uv":[5.0,7.25,4.5,7.75],"texture":"#2"},"down":{"uv":[5.0,7.25,4.5,7.75],"texture":"#2"}}},{"from":[6.1,27.6,6.0],"to":[10.1,29.6,10.0],"rotation":{"origin":[-13.4,13.0,0.0],"axis":"y","angle":0.0},"faces":{"north":{"uv":[10.0,5.0,9.0,5.5],"texture":"#2"},"east":{"uv":[10.0,4.5,9.0,5.0],"texture":"#2"},"south":{"uv":[5.5,9.0,4.5,9.5],"texture":"#2"},"west":{"uv":[8.5,1.0,7.5,1.5],"texture":"#2"},"up":{"uv":[9.0,6.0,8.0,7.0],"texture":"#2","rotation":90},"down":{"uv":[8.0,9.0,7.0,8.0],"texture":"#2","rotation":270}}},{"from":[6.6,27.6,8.0],"to":[9.6,31.6,8.0],"rotation":{"origin":[8.1,29.6,8.0],"axis":"y","angle":45.0},"faces":{"north":{"uv":[9.5,2.0,8.75,3.0],"texture":"#2"},"east":{"uv":[0.0,0.0,0.0,1.0],"texture":"#2"},"south":{"uv":[9.5,1.0,8.75,2.0],"texture":"#2"},"west":{"uv":[0.0,0.0,0.0,1.0],"texture":"#2"},"up":{"uv":[0.0,0.0,0.0,0.75],"texture":"#2","rotation":90},"down":{"uv":[0.0,0.75,0.0,0.0],"texture":"#2","rotation":270}}},{"from":[6.6,27.6,8.0],"to":[9.6,31.6,8.0],"rotation":{"origin":[8.1,26.1,8.0],"axis":"y","angle":-45.0},"faces":{"north":{"uv":[9.5,2.0,8.75,3.0],"texture":"#2"},"east":{"uv":[0.0,0.0,0.0,1.0],"texture":"#2"},"south":{"uv":[9.5,1.0,8.75,2.0],"texture":"#2"},"west":{"uv":[0.0,0.0,0.0,1.0],"texture":"#2"},"up":{"uv":[0.0,0.0,0.0,0.75],"texture":"#2","rotation":90},"down":{"uv":[0.0,0.75,0.0,0.0],"texture":"#2","rotation":270}}},{"from":[5.1,20.6,5.0],"to":[11.1,27.6,11.0],"rotation":{"origin":[-13.4,13.0,0.0],"axis":"y","angle":0.0},"faces":{"north":{"uv":[7.0,5.0,5.5,6.75],"texture":"#2"},"east":{"uv":[7.0,3.25,5.5,5.0],"texture":"#2"},"south":{"uv":[7.0,1.5,5.5,3.25],"texture":"#2"},"west":{"uv":[5.5,5.0,4.0,6.75],"texture":"#2"},"up":{"uv":[1.5,6.0,0.0,7.5],"texture":"#2","rotation":90},"down":{"uv":[3.0,7.5,1.5,6.0],"texture":"#2","rotation":270}}},{"from":[6.1,18.6,6.0],"to":[10.1,20.6,10.0],"rotation":{"origin":[-13.4,13.0,0.0],"axis":"y","angle":0.0},"faces":{"north":{"uv":[10.0,5.5,9.0,5.0],"texture":"#2"},"east":{"uv":[10.0,5.0,9.0,4.5],"texture":"#2"},"south":{"uv":[5.5,9.5,4.5,9.0],"texture":"#2"},"west":{"uv":[8.5,1.5,7.5,1.0],"texture":"#2"},"up":{"uv":[9.0,6.0,8.0,7.0],"texture":"#2","rotation":90},"down":{"uv":[8.0,9.0,7.0,8.0],"texture":"#2","rotation":270}}},{"from":[8.5,0.6,6.5],"to":[22.5,3.6,9.5],"rotation":{"origin":[0.0,-8.0,0.0],"axis":"y","angle":0.0},"faces":{"north":{"uv":[7.5,0.75,4.0,1.5],"texture":"#2"},"east":{"uv":[3.0,9.0,2.25,9.75],"texture":"#2"},"south":{"uv":[7.5,0.75,4.0,0.0],"texture":"#2"},"west":{"uv":[3.75,6.0,3.0,6.75],"texture":"#2"},"up":{"uv":[4.0,5.0,4.75,1.5],"texture":"#2","rotation":270},"down":{"uv":[4.0,5.0,4.75,1.5],"texture":"#2","rotation":90}}},{"from":[19.5,5.6,6.0],"to":[23.5,7.6,10.0],"faces":{"north":{"uv":[10.0,5.5,9.0,5.0],"texture":"#2"},"east":{"uv":[10.0,5.0,9.0,4.5],"texture":"#2"},"south":{"uv":[5.5,9.5,4.5,9.0],"texture":"#2"},"west":{"uv":[8.5,1.5,7.5,1.0],"texture":"#2"},"up":{"uv":[9.0,6.0,8.0,7.0],"texture":"#2","rotation":90},"down":{"uv":[8.0,9.0,7.0,8.0],"texture":"#2","rotation":270}}},{"from":[18.5,7.6,5.0],"to":[24.5,14.6,11.0],"faces":{"north":{"uv":[7.0,5.0,5.5,6.75],"texture":"#2"},"east":{"uv":[7.0,3.25,5.5,5.0],"texture":"#2"},"south":{"uv":[7.0,1.5,5.5,3.25],"texture":"#2"},"west":{"uv":[5.5,5.0,4.0,6.75],"texture":"#2"},"up":{"uv":[1.5,6.0,0.0,7.5],"texture":"#2","rotation":90},"down":{"uv":[3.0,7.5,1.5,6.0],"texture":"#2","rotation":270}}},{"from":[20.0,14.6,8.0],"to":[23.0,18.6,8.0],"rotation":{"origin":[21.5,13.1,8.0],"axis":"y","angle":-45.0},"faces":{"north":{"uv":[9.5,2.0,8.75,3.0],"texture":"#2"},"east":{"uv":[0.0,0.0,0.0,1.0],"texture":"#2"},"south":{"uv":[9.5,1.0,8.75,2.0],"texture":"#2"},"west":{"uv":[0.0,0.0,0.0,1.0],"texture":"#2"},"up":{"uv":[0.0,0.0,0.0,0.75],"texture":"#2","rotation":90},"down":{"uv":[0.0,0.75,0.0,0.0],"texture":"#2","rotation":270}}},{"from":[20.0,14.6,8.0],"to":[23.0,18.6,8.0],"rotation":{"origin":[21.5,16.6,8.0],"axis":"y","angle":45.0},"faces":{"north":{"uv":[9.5,2.0,8.75,3.0],"texture":"#2"},"east":{"uv":[0.0,0.0,0.0,1.0],"texture":"#2"},"south":{"uv":[9.5,1.0,8.75,2.0],"texture":"#2"},"west":{"uv":[0.0,0.0,0.0,1.0],"texture":"#2"},"up":{"uv":[0.0,0.0,0.0,0.75],"texture":"#2","rotation":90},"down":{"uv":[0.0,0.75,0.0,0.0],"texture":"#2","rotation":270}}},{"from":[19.5,14.6,6.0],"to":[23.5,16.6,10.0],"faces":{"north":{"uv":[10.0,5.0,9.0,5.5],"texture":"#2"},"east":{"uv":[10.0,4.5,9.0,5.0],"texture":"#2"},"south":{"uv":[5.5,9.0,4.5,9.5],"texture":"#2"},"west":{"uv":[8.5,1.0,7.5,1.5],"texture":"#2"},"up":{"uv":[9.0,6.0,8.0,7.0],"texture":"#2","rotation":90},"down":{"uv":[8.0,9.0,7.0,8.0],"texture":"#2","rotation":270}}},{"from":[20.5,3.6,7.0],"to":[22.5,5.6,9.0],"faces":{"north":{"uv":[5.0,7.25,4.5,7.75],"texture":"#2"},"east":{"uv":[5.0,7.25,4.5,7.75],"texture":"#2"},"south":{"uv":[5.0,7.25,4.5,7.75],"texture":"#2"},"west":{"uv":[5.0,7.25,4.5,7.75],"texture":"#2"},"up":{"uv":[5.0,7.25,4.5,7.75],"texture":"#2"},"down":{"uv":[5.0,7.25,4.5,7.75],"texture":"#2"}}},{"from":[6.3,0.6,10.0],"to":[9.3,3.6,24.0],"rotation":{"origin":[7.8,9.35,20.0],"axis":"y","angle":0.0},"faces":{"north":{"uv":[3.75,6.0,3.0,6.75],"texture":"#2"},"east":{"uv":[7.5,1.5,4.0,0.75],"texture":"#2"},"south":{"uv":[3.0,9.0,2.25,9.75],"texture":"#2"},"west":{"uv":[7.5,0.75,4.0,0.0],"texture":"#2"},"up":{"uv":[4.75,1.5,4.0,5.0],"texture":"#2","rotation":180},"down":{"uv":[5.5,5.0,4.75,1.5],"texture":"#2","rotation":180}}},{"from":[5.8,5.6,21.0],"to":[9.8,7.6,25.0],"rotation":{"origin":[7.8,9.35,20.0],"axis":"y","angle":0.0},"faces":{"north":{"uv":[8.5,1.5,7.5,1.0],"texture":"#2"},"east":{"uv":[10.0,5.5,9.0,5.0],"texture":"#2"},"south":{"uv":[10.0,5.0,9.0,4.5],"texture":"#2"},"west":{"uv":[5.5,9.5,4.5,9.0],"texture":"#2"},"up":{"uv":[9.0,6.0,8.0,7.0],"texture":"#2","rotation":180},"down":{"uv":[8.0,9.0,7.0,8.0],"texture":"#2","rotation":180}}},{"from":[4.8,7.6,20.0],"to":[10.8,14.6,26.0],"rotation":{"origin":[7.8,9.35,20.0],"axis":"y","angle":0.0},"faces":{"north":{"uv":[5.5,5.0,4.0,6.75],"texture":"#2"},"east":{"uv":[7.0,5.0,5.5,6.75],"texture":"#2"},"south":{"uv":[7.0,3.25,5.5,5.0],"texture":"#2"},"west":{"uv":[7.0,1.5,5.5,3.25],"texture":"#2"},"up":{"uv":[1.5,6.0,0.0,7.5],"texture":"#2","rotation":180},"down":{"uv":[3.0,7.5,1.5,6.0],"texture":"#2","rotation":180}}},{"from":[9.92132,14.6,20.62132],"to":[9.92132,18.6,23.62132],"rotation":{"origin":[7.8,9.35,20.0],"axis":"y","angle":-45.0},"faces":{"north":{"uv":[0.0,0.0,0.0,1.0],"texture":"#2"},"east":{"uv":[9.5,2.0,8.75,3.0],"texture":"#2"},"south":{"uv":[0.0,0.0,0.0,1.0],"texture":"#2"},"west":{"uv":[9.5,1.0,8.75,2.0],"texture":"#2"},"up":{"uv":[0.0,0.0,0.0,0.75],"texture":"#2","rotation":180},"down":{"uv":[0.0,0.75,0.0,0.0],"texture":"#2","rotation":180}}},{"from":[5.67868,14.6,20.62132],"to":[5.67868,18.6,23.62132],"rotation":{"origin":[7.8,9.35,20.0],"axis":"y","angle":45.0},"faces":{"north":{"uv":[0.0,0.0,0.0,1.0],"texture":"#2"},"east":{"uv":[9.5,2.0,8.75,3.0],"texture":"#2"},"south":{"uv":[0.0,0.0,0.0,1.0],"texture":"#2"},"west":{"uv":[9.5,1.0,8.75,2.0],"texture":"#2"},"up":{"uv":[0.0,0.0,0.0,0.75],"texture":"#2","rotation":180},"down":{"uv":[0.0,0.75,0.0,0.0],"texture":"#2","rotation":180}}},{"from":[5.8,14.6,21.0],"to":[9.8,16.6,25.0],"rotation":{"origin":[7.8,9.35,20.0],"axis":"y","angle":0.0},"faces":{"north":{"uv":[8.5,1.0,7.5,1.5],"texture":"#2"},"east":{"uv":[10.0,5.0,9.0,5.5],"texture":"#2"},"south":{"uv":[10.0,4.5,9.0,5.0],"texture":"#2"},"west":{"uv":[5.5,9.0,4.5,9.5],"texture":"#2"},"up":{"uv":[9.0,6.0,8.0,7.0],"texture":"#2","rotation":180},"down":{"uv":[8.0,9.0,7.0,8.0],"texture":"#2","rotation":180}}},{"from":[6.8,3.6,22.0],"to":[8.8,5.6,24.0],"rotation":{"origin":[7.8,9.35,20.0],"axis":"y","angle":0.0},"faces":{"north":{"uv":[5.0,7.25,4.5,7.75],"texture":"#2"},"east":{"uv":[5.0,7.25,4.5,7.75],"texture":"#2"},"south":{"uv":[5.0,7.25,4.5,7.75],"texture":"#2"},"west":{"uv":[5.0,7.25,4.5,7.75],"texture":"#2"},"up":{"uv":[5.0,7.25,4.5,7.75],"texture":"#2","rotation":90},"down":{"uv":[5.0,7.25,4.5,7.75],"texture":"#2","rotation":270}}},{"from":[-6.5,0.6,6.5],"to":[7.5,3.6,9.5],"rotation":{"origin":[16.0,-8.0,0.0],"axis":"y","angle":0.0},"faces":{"north":{"uv":[4.0,0.75,7.5,1.5],"texture":"#2"},"east":{"uv":[3.0,6.0,3.75,6.75],"texture":"#2"},"south":{"uv":[4.0,0.75,7.5,0.0],"texture":"#2"},"west":{"uv":[2.25,9.0,3.0,9.75],"texture":"#2"},"up":{"uv":[4.0,1.5,4.75,5.0],"texture":"#2","rotation":270},"down":{"uv":[4.0,1.5,4.75,5.0],"texture":"#2","rotation":90}}},{"from":[-7.5,5.6,6.0],"to":[-3.5,7.6,10.0],"rotation":{"origin":[16.0,0.0,0.0],"axis":"y","angle":0.0},"faces":{"north":{"uv":[9.0,5.5,10.0,5.0],"texture":"#2"},"east":{"uv":[7.5,1.5,8.5,1.0],"texture":"#2"},"south":{"uv":[4.5,9.5,5.5,9.0],"texture":"#2"},"west":{"uv":[9.0,5.0,10.0,4.5],"texture":"#2"},"up":{"uv":[9.0,7.0,8.0,6.0],"texture":"#2","rotation":90},"down":{"uv":[8.0,8.0,7.0,9.0],"texture":"#2","rotation":270}}},{"from":[-8.5,7.6,5.0],"to":[-2.5,14.6,11.0],"rotation":{"origin":[16.0,0.0,0.0],"axis":"y","angle":0.0},"faces":{"north":{"uv":[5.5,5.0,7.0,6.75],"texture":"#2"},"east":{"uv":[4.0,5.0,5.5,6.75],"texture":"#2"},"south":{"uv":[5.5,1.5,7.0,3.25],"texture":"#2"},"west":{"uv":[5.5,3.25,7.0,5.0],"texture":"#2"},"up":{"uv":[1.5,7.5,0.0,6.0],"texture":"#2","rotation":90},"down":{"uv":[3.0,6.0,1.5,7.5],"texture":"#2","rotation":270}}},{"from":[-7.0,14.6,8.0],"to":[-4.0,18.6,8.0],"rotation":{"origin":[-5.5,13.1,8.0],"axis":"y","angle":45.0},"faces":{"north":{"uv":[8.75,2.0,9.5,3.0],"texture":"#2"},"east":{"uv":[0.0,0.0,0.0,1.0],"texture":"#2"},"south":{"uv":[8.75,1.0,9.5,2.0],"texture":"#2"},"west":{"uv":[0.0,0.0,0.0,1.0],"texture":"#2"},"up":{"uv":[0.0,0.75,0.0,0.0],"texture":"#2","rotation":90},"down":{"uv":[0.0,0.0,0.0,0.75],"texture":"#2","rotation":270}}},{"from":[-7.0,14.6,8.0],"to":[-4.0,18.6,8.0],"rotation":{"origin":[-5.5,16.6,8.0],"axis":"y","angle":-45.0},"faces":{"north":{"uv":[8.75,2.0,9.5,3.0],"texture":"#2"},"east":{"uv":[0.0,0.0,0.0,1.0],"texture":"#2"},"south":{"uv":[8.75,1.0,9.5,2.0],"texture":"#2"},"west":{"uv":[0.0,0.0,0.0,1.0],"texture":"#2"},"up":{"uv":[0.0,0.75,0.0,0.0],"texture":"#2","rotation":90},"down":{"uv":[0.0,0.0,0.0,0.75],"texture":"#2","rotation":270}}},{"from":[-7.5,14.6,6.0],"to":[-3.5,16.6,10.0],"rotation":{"origin":[16.0,0.0,0.0],"axis":"y","angle":0.0},"faces":{"north":{"uv":[9.0,5.0,10.0,5.5],"texture":"#2"},"east":{"uv":[7.5,1.0,8.5,1.5],"texture":"#2"},"south":{"uv":[4.5,9.0,5.5,9.5],"texture":"#2"},"west":{"uv":[9.0,4.5,10.0,5.0],"texture":"#2"},"up":{"uv":[9.0,7.0,8.0,6.0],"texture":"#2","rotation":90},"down":{"uv":[8.0,8.0,7.0,9.0],"texture":"#2","rotation":270}}},{"from":[-6.5,3.6,7.0],"to":[-4.5,5.6,9.0],"rotation":{"origin":[16.0,0.0,0.0],"axis":"y","angle":0.0},"faces":{"north":{"uv":[4.5,7.25,5.0,7.75],"texture":"#2"},"east":{"uv":[4.5,7.25,5.0,7.75],"texture":"#2"},"south":{"uv":[4.5,7.25,5.0,7.75],"texture":"#2"},"west":{"uv":[4.5,7.25,5.0,7.75],"texture":"#2"},"up":{"uv":[4.5,7.25,5.0,7.75],"texture":"#2"},"down":{"uv":[4.5,7.25,5.0,7.75],"texture":"#2"}}},{"from":[6.3,0.6,-8.0],"to":[9.3,3.6,6.0],"rotation":{"origin":[7.8,9.35,-4.0],"axis":"y","angle":0.0},"faces":{"north":{"uv":[2.25,9.0,3.0,9.75],"texture":"#2"},"east":{"uv":[4.0,1.5,7.5,0.75],"texture":"#2"},"south":{"uv":[3.0,6.0,3.75,6.75],"texture":"#2"},"west":{"uv":[4.0,0.75,7.5,0.0],"texture":"#2"},"up":{"uv":[4.75,5.0,4.0,1.5],"texture":"#2","rotation":180},"down":{"uv":[5.5,1.5,4.75,5.0],"texture":"#2","rotation":180}}},{"from":[5.8,5.6,-9.0],"to":[9.8,7.6,-5.0],"rotation":{"origin":[7.8,9.35,-4.0],"axis":"y","angle":0.0},"faces":{"north":{"uv":[9.0,5.0,10.0,4.5],"texture":"#2"},"east":{"uv":[9.0,5.5,10.0,5.0],"texture":"#2"},"south":{"uv":[7.5,1.5,8.5,1.0],"texture":"#2"},"west":{"uv":[4.5,9.5,5.5,9.0],"texture":"#2"},"up":{"uv":[9.0,7.0,8.0,6.0],"texture":"#2","rotation":180},"down":{"uv":[8.0,8.0,7.0,9.0],"texture":"#2","rotation":180}}},{"from":[4.8,7.6,-10.0],"to":[10.8,14.6,-4.0],"rotation":{"origin":[7.8,9.35,-4.0],"axis":"y","angle":0.0},"faces":{"north":{"uv":[5.5,3.25,7.0,5.0],"texture":"#2"},"east":{"uv":[5.5,5.0,7.0,6.75],"texture":"#2"},"south":{"uv":[4.0,5.0,5.5,6.75],"texture":"#2"},"west":{"uv":[5.5,1.5,7.0,3.25],"texture":"#2"},"up":{"uv":[1.5,7.5,0.0,6.0],"texture":"#2","rotation":180},"down":{"uv":[3.0,6.0,1.5,7.5],"texture":"#2","rotation":180}}},{"from":[9.92132,14.6,-7.62132],"to":[9.92132,18.6,-4.62132],"rotation":{"origin":[7.8,9.35,-4.0],"axis":"y","angle":45.0},"faces":{"north":{"uv":[0.0,0.0,0.0,1.0],"texture":"#2"},"east":{"uv":[8.75,2.0,9.5,3.0],"texture":"#2"},"south":{"uv":[0.0,0.0,0.0,1.0],"texture":"#2"},"west":{"uv":[8.75,1.0,9.5,2.0],"texture":"#2"},"up":{"uv":[0.0,0.75,0.0,0.0],"texture":"#2","rotation":180},"down":{"uv":[0.0,0.0,0.0,0.75],"texture":"#2","rotation":180}}},{"from":[5.67868,14.6,-7.62132],"to":[5.67868,18.6,-4.62132],"rotation":{"origin":[7.8,9.35,-4.0],"axis":"y","angle":-45.0},"faces":{"north":{"uv":[0.0,0.0,0.0,1.0],"texture":"#2"},"east":{"uv":[8.75,2.0,9.5,3.0],"texture":"#2"},"south":{"uv":[0.0,0.0,0.0,1.0],"texture":"#2"},"west":{"uv":[8.75,1.0,9.5,2.0],"texture":"#2"},"up":{"uv":[0.0,0.75,0.0,0.0],"texture":"#2","rotation":180},"down":{"uv":[0.0,0.0,0.0,0.75],"texture":"#2","rotation":180}}},{"from":[5.8,14.6,-9.0],"to":[9.8,16.6,-5.0],"rotation":{"origin":[7.8,9.35,-4.0],"axis":"y","angle":0.0},"faces":{"north":{"uv":[9.0,4.5,10.0,5.0],"texture":"#2"},"east":{"uv":[9.0,5.0,10.0,5.5],"texture":"#2"},"south":{"uv":[7.5,1.0,8.5,1.5],"texture":"#2"},"west":{"uv":[4.5,9.0,5.5,9.5],"texture":"#2"},"up":{"uv":[9.0,7.0,8.0,6.0],"texture":"#2","rotation":180},"down":{"uv":[8.0,8.0,7.0,9.0],"texture":"#2","rotation":180}}},{"from":[6.8,3.6,-8.0],"to":[8.8,5.6,-6.0],"rotation":{"origin":[7.8,9.35,-4.0],"axis":"y","angle":0.0},"faces":{"north":{"uv":[4.5,7.25,5.0,7.75],"texture":"#2"},"east":{"uv":[4.5,7.25,5.0,7.75],"texture":"#2"},"south":{"uv":[4.5,7.25,5.0,7.75],"texture":"#2"},"west":{"uv":[4.5,7.25,5.0,7.75],"texture":"#2"},"up":{"uv":[4.5,7.25,5.0,7.75],"texture":"#2","rotation":90},"down":{"uv":[4.5,7.25,5.0,7.75],"texture":"#2","rotation":270}}}],"textures":{"2":"park_plus:lantern_plus"}}