{"display":{"thirdperson_righthand":{"rotation":[60.0,-160.0,0.0],"translation":[0.0,0.75,0.25],"scale":[0.35586,0.35586,0.35586]},"thirdperson_lefthand":{"rotation":[60.0,-160.0,0.0],"translation":[0.0,0.75,0.25],"scale":[0.35586,0.35586,0.35586]},"firstperson_righthand":{"rotation":[0.0,-73.0,6.0],"translation":[3.25,0.5,0.0],"scale":[0.19492,0.19492,0.19492]},"firstperson_lefthand":{"rotation":[0.0,-73.0,6.0],"translation":[3.25,0.5,0.0],"scale":[0.19492,0.19492,0.19492]},"ground":{"translation":[0.0,1.5,0.0],"scale":[0.35,0.35,0.35]},"gui":{"rotation":[30.0,-40.0,0.0],"translation":[2.0,-3.25,0.0],"scale":[0.45,0.45,0.45]},"head":{"translation":[0.0,-30.4,0.0],"scale":[1.6,1.6,1.6]},"fixed":{"rotation":[-90.0,-180.0,0.0],"translation":[0.0,0.0,-15.0],"scale":[2.0,2.0,2.0]}},"elements":[{"from":[6.0,4.0,6.0],"to":[10.0,28.0,10.0],"faces":{"north":{"uv":[0.0,0.0,1.0,6.0],"texture":"#2"},"east":{"uv":[1.0,0.0,2.0,6.0],"texture":"#2"},"south":{"uv":[2.0,0.0,3.0,6.0],"texture":"#2"},"west":{"uv":[3.0,0.0,4.0,6.0],"texture":"#2"},"up":{"uv":[6.0,9.0,5.0,8.0],"texture":"#2"},"down":{"uv":[7.0,8.0,6.0,9.0],"texture":"#2"}}},{"from":[6.5,28.0,10.0],"to":[9.5,31.0,24.0],"rotation":{"origin":[0.0,3.0,0.0],"axis":"y","angle":0.0},"faces":{"north":{"uv":[3.0,6.0,3.75,6.75],"texture":"#2"},"east":{"uv":[4.0,0.0,7.5,0.75],"texture":"#2"},"south":{"uv":[2.25,9.0,3.0,9.75],"texture":"#2"},"west":{"uv":[4.0,0.75,7.5,1.5],"texture":"#2"},"up":{"uv":[4.75,5.0,4.0,1.5],"texture":"#2"},"down":{"uv":[5.5,1.5,4.75,5.0],"texture":"#2"}}},{"from":[6.5,24.0,14.0],"to":[9.5,28.0,17.0],"rotation":{"origin":[0.0,3.0,0.0],"axis":"y","angle":0.0},"faces":{"north":{"uv":[8.0,7.0,8.75,8.0],"texture":"#2"},"east":{"uv":[8.0,8.0,8.75,9.0],"texture":"#2"},"south":{"uv":[0.0,8.5,0.75,9.5],"texture":"#2"},"west":{"uv":[0.75,8.5,1.5,9.5],"texture":"#2"},"up":{"uv":[3.75,9.75,3.0,9.0],"texture":"#2"},"down":{"uv":[9.75,3.0,9.0,3.75],"texture":"#2"}}},{"from":[6.5,21.0,10.0],"to":[9.5,24.0,17.0],"rotation":{"origin":[0.0,3.0,0.0],"axis":"y","angle":0.0},"faces":{"north":{"uv":[3.75,9.0,4.5,9.75],"texture":"#2"},"east":{"uv":[7.0,1.5,8.75,2.25],"texture":"#2"},"south":{"uv":[9.0,3.75,9.75,4.5],"texture":"#2"},"west":{"uv":[7.0,2.25,8.75,3.0],"texture":"#2"},"up":{"uv":[7.75,4.75,7.0,3.0],"texture":"#2"},"down":{"uv":[7.75,4.75,7.0,6.5],"texture":"#2"}}},{"from":[6.5,19.6,21.5],"to":[9.5,23.6,21.5],"rotation":{"origin":[8.0,15.5,21.5],"axis":"y","angle":45.0},"faces":{"north":{"uv":[1.5,8.5,2.25,9.5],"texture":"#2"},"east":{"uv":[0.0,0.0,0.0,1.0],"texture":"#2"},"south":{"uv":[8.75,0.0,9.5,1.0],"texture":"#2"},"west":{"uv":[0.0,0.0,0.0,1.0],"texture":"#2"},"up":{"uv":[0.75,0.0,0.0,0.0],"texture":"#2"},"down":{"uv":[0.75,0.0,0.0,0.0],"texture":"#2"}}},{"from":[6.5,24.6,21.5],"to":[9.5,28.6,21.5],"rotation":{"origin":[8.0,15.5,21.5],"axis":"y","angle":45.0},"faces":{"north":{"uv":[8.75,7.0,9.5,8.0],"texture":"#2"},"east":{"uv":[0.0,0.0,0.0,1.0],"texture":"#2"},"south":{"uv":[8.75,8.0,9.5,9.0],"texture":"#2"},"west":{"uv":[0.0,0.0,0.0,1.0],"texture":"#2"},"up":{"uv":[0.75,0.0,0.0,0.0],"texture":"#2"},"down":{"uv":[0.75,0.0,0.0,0.0],"texture":"#2"}}},{"from":[8.0,22.6,20.0],"to":[8.0,26.6,23.0],"rotation":{"origin":[8.0,21.1,21.5],"axis":"y","angle":45.0},"faces":{"north":{"uv":[0.0,0.0,0.0,1.0],"texture":"#2"},"east":{"uv":[8.75,1.0,9.5,2.0],"texture":"#2"},"south":{"uv":[0.0,0.0,0.0,1.0],"texture":"#2"},"west":{"uv":[8.75,2.0,9.5,3.0],"texture":"#2"},"up":{"uv":[0.0,0.75,0.0,0.0],"texture":"#2"},"down":{"uv":[0.0,0.0,0.0,0.75],"texture":"#2"}}},{"from":[6.0,17.6,19.5],"to":[10.0,19.6,23.5],"rotation":{"origin":[0.0,3.0,0.0],"axis":"y","angle":0.0},"faces":{"north":{"uv":[7.5,1.0,8.5,1.5],"texture":"#2"},"east":{"uv":[4.5,9.0,5.5,9.5],"texture":"#2"},"south":{"uv":[9.0,4.5,10.0,5.0],"texture":"#2"},"west":{"uv":[9.0,5.0,10.0,5.5],"texture":"#2"},"up":{"uv":[9.0,7.0,8.0,6.0],"texture":"#2"},"down":{"uv":[8.0,8.0,7.0,9.0],"texture":"#2"}}},{"from":[5.0,10.6,18.5],"to":[11.0,17.6,24.5],"rotation":{"origin":[0.0,3.0,0.0],"axis":"y","angle":0.0},"faces":{"north":{"uv":[4.0,5.0,5.5,6.75],"texture":"#2"},"east":{"uv":[5.5,1.5,7.0,3.25],"texture":"#2"},"south":{"uv":[5.5,3.25,7.0,5.0],"texture":"#2"},"west":{"uv":[5.5,5.0,7.0,6.75],"texture":"#2"},"up":{"uv":[1.5,7.5,0.0,6.0],"texture":"#2"},"down":{"uv":[3.0,6.0,1.5,7.5],"texture":"#2"}}},{"from":[5.5,0.0,5.5],"to":[10.5,4.0,10.5],"faces":{"north":{"uv":[0.0,7.5,1.25,8.5],"texture":"#2"},"east":{"uv":[7.5,0.0,8.75,1.0],"texture":"#2"},"south":{"uv":[1.25,7.5,2.5,8.5],"texture":"#2"},"west":{"uv":[7.75,3.0,9.0,4.0],"texture":"#2"},"up":{"uv":[4.25,8.0,3.0,6.75],"texture":"#2"},"down":{"uv":[5.5,6.75,4.25,8.0],"texture":"#2"}}},{"from":[5.5,28.0,5.5],"to":[10.5,32.0,10.5],"faces":{"north":{"uv":[7.75,4.0,9.0,5.0],"texture":"#2"},"east":{"uv":[7.75,5.0,9.0,6.0],"texture":"#2"},"south":{"uv":[2.5,8.0,3.75,9.0],"texture":"#2"},"west":{"uv":[3.75,8.0,5.0,9.0],"texture":"#2"},"up":{"uv":[6.75,8.0,5.5,6.75],"texture":"#2"},"down":{"uv":[8.0,6.75,6.75,8.0],"texture":"#2"}}}],"textures":{"2":"park_plus:lantern_plus"}}