{"display":{"thirdperson_righthand":{"rotation":[60.0,-160.0,0.0],"translation":[2.25,1.75,0.25],"scale":[0.16445,0.16445,0.16445]},"thirdperson_lefthand":{"rotation":[60.0,-160.0,0.0],"translation":[2.25,1.75,0.25],"scale":[0.16445,0.16445,0.16445]},"firstperson_righthand":{"rotation":[0.0,-10.25,6.0],"translation":[3.25,1.75,0.0],"scale":[0.08555,0.08555,0.08555]},"firstperson_lefthand":{"rotation":[0.0,-10.25,6.0],"translation":[2.75,2.25,0.0],"scale":[0.08555,0.08555,0.08555]},"ground":{"translation":[0.0,1.5,0.0],"scale":[0.35,0.35,0.35]},"gui":{"rotation":[30.0,-40.0,0.0],"translation":[0.25,0.5,0.0],"scale":[0.23906,0.23906,0.23906]},"head":{"translation":[0.0,-6.4,0.0],"scale":[1.6,1.6,1.6]},"fixed":{"rotation":[-90.0,-180.0,0.0],"translation":[0.0,0.0,-15.0],"scale":[2.0,2.0,2.0]}},"elements":[{"from":[27.0,-16.0,12.0],"to":[31.0,32.0,16.0],"rotation":{"origin":[30.0,8.0,14.0],"axis":"x","angle":-22.5},"faces":{"north":{"uv":[0.0,0.0,0.5,6.0],"texture":"#5"},"east":{"uv":[0.5,0.0,1.0,6.0],"texture":"#5"},"south":{"uv":[1.0,0.0,1.5,6.0],"texture":"#5"},"west":{"uv":[1.5,0.0,2.0,6.0],"texture":"#5"},"up":{"uv":[6.625,7.75,6.125,7.25],"texture":"#5"},"down":{"uv":[7.875,4.5,7.375,5.0],"texture":"#5"}}},{"from":[28.0,-16.0,0.0],"to":[32.0,32.0,4.0],"rotation":{"origin":[30.0,8.0,2.0],"axis":"x","angle":22.5},"faces":{"north":{"uv":[2.0,0.0,2.5,6.0],"texture":"#5"},"east":{"uv":[2.5,0.0,3.0,6.0],"texture":"#5"},"south":{"uv":[3.0,0.0,3.5,6.0],"texture":"#5"},"west":{"uv":[3.5,0.0,4.0,6.0],"texture":"#5"},"up":{"uv":[7.875,5.5,7.375,5.0],"texture":"#5"},"down":{"uv":[7.875,5.5,7.375,6.0],"texture":"#5"}}},{"from":[-15.0,-16.0,12.0],"to":[-11.0,32.0,16.0],"rotation":{"origin":[-14.0,8.0,14.0],"axis":"x","angle":-22.5},"faces":{"north":{"uv":[0.0,6.0,0.5,12.0],"texture":"#5"},"east":{"uv":[6.0,0.0,6.5,6.0],"texture":"#5"},"south":{"uv":[0.5,6.0,1.0,12.0],"texture":"#5"},"west":{"uv":[1.0,6.0,1.5,12.0],"texture":"#5"},"up":{"uv":[7.875,7.5,7.375,7.0],"texture":"#5"},"down":{"uv":[7.75,7.5,7.25,8.0],"texture":"#5"}}},{"from":[-16.0,-16.0,0.0],"to":[-12.0,32.0,4.0],"rotation":{"origin":[-14.0,8.0,2.0],"axis":"x","angle":22.5},"faces":{"north":{"uv":[4.0,0.0,4.5,6.0],"texture":"#5"},"east":{"uv":[4.5,0.0,5.0,6.0],"texture":"#5"},"south":{"uv":[5.0,0.0,5.5,6.0],"texture":"#5"},"west":{"uv":[5.5,0.0,6.0,6.0],"texture":"#5"},"up":{"uv":[7.875,6.5,7.375,6.0],"texture":"#5"},"down":{"uv":[7.875,6.5,7.375,7.0],"texture":"#5"}}},{"from":[-12.0,22.3934,6.4],"to":[30.0,26.3934,10.4],"rotation":{"origin":[-3.3934,-2.6066,2.0],"axis":"z","angle":0.0},"faces":{"north":{"uv":[1.5,6.0,6.75,6.5],"texture":"#5"},"east":{"uv":[1.5,7.75,2.0,8.25],"texture":"#5"},"south":{"uv":[6.5,0.0,11.75,0.5],"texture":"#5"},"west":{"uv":[2.0,7.75,2.5,8.25],"texture":"#5"},"up":{"uv":[11.75,1.0,6.5,0.5],"texture":"#5"},"down":{"uv":[11.75,1.0,6.5,1.5],"texture":"#5"}}},{"from":[-14.1934,3.3934,0.6066],"to":[-12.1934,7.3934,13.6066],"rotation":{"origin":[-3.3934,-2.6066,2.0],"axis":"y","angle":0.0},"faces":{"north":{"uv":[1.5,7.75,1.75,8.25],"texture":"#5"},"east":{"uv":[6.5,0.0,8.125,0.5],"texture":"#5"},"south":{"uv":[2.0,7.75,2.25,8.25],"texture":"#5"},"west":{"uv":[1.5,6.0,3.125,6.5],"texture":"#5"},"up":{"uv":[8.125,0.75,6.5,0.5],"texture":"#5","rotation":270},"down":{"uv":[8.125,1.0,6.5,1.25],"texture":"#5","rotation":90}}},{"from":[28.8066,3.3934,0.6066],"to":[30.8066,7.3934,13.6066],"rotation":{"origin":[-3.3934,-2.6066,2.0],"axis":"y","angle":0.0},"faces":{"north":{"uv":[1.5,7.75,1.75,8.25],"texture":"#5"},"east":{"uv":[6.5,0.0,8.125,0.5],"texture":"#5"},"south":{"uv":[2.0,7.75,2.25,8.25],"texture":"#5"},"west":{"uv":[1.5,6.0,3.125,6.5],"texture":"#5"},"up":{"uv":[8.125,0.75,6.5,0.5],"texture":"#5","rotation":270},"down":{"uv":[8.125,1.0,6.5,1.25],"texture":"#5","rotation":90}}},{"from":[-8.3,-7.6066,9.1],"to":[-7.3,-0.6066,10.1],"rotation":{"origin":[-7.8,-1.6066,9.6],"axis":"x","angle":-22.5},"faces":{"north":{"uv":[2.125,8.25,2.25,9.125],"texture":"#5"},"east":{"uv":[2.25,8.25,2.375,9.125],"texture":"#5"},"south":{"uv":[2.375,8.25,2.5,9.125],"texture":"#5"},"west":{"uv":[8.25,4.875,8.375,5.75],"texture":"#5"},"up":{"uv":[8.125,7.25,8.0,7.125],"texture":"#5"},"down":{"uv":[8.125,7.25,8.0,7.375],"texture":"#5"}}},{"from":[-8.4,-1.6066,8.1],"to":[-7.4,21.3934,9.1],"rotation":{"origin":[-9.3934,-2.6066,2.0],"axis":"z","angle":0.0},"faces":{"north":{"uv":[5.625,7.25,5.75,10.125],"texture":"#5"},"east":{"uv":[5.75,7.25,5.875,10.125],"texture":"#5"},"south":{"uv":[5.875,7.25,6.0,10.125],"texture":"#5"},"west":{"uv":[6.0,7.25,6.125,10.125],"texture":"#5"},"up":{"uv":[8.625,8.5,8.5,8.375],"texture":"#5"},"down":{"uv":[8.625,8.5,8.5,8.625],"texture":"#5"}}},{"from":[-9.0,21.3934,5.4],"to":[-7.0,27.3934,11.4],"rotation":{"origin":[-9.3934,-2.6066,2.0],"axis":"z","angle":0.0},"faces":{"north":{"uv":[3.75,8.0,4.0,8.75],"texture":"#5"},"east":{"uv":[3.0,7.0,3.75,7.75],"texture":"#5"},"south":{"uv":[4.0,8.0,4.25,8.75],"texture":"#5"},"west":{"uv":[3.75,7.0,4.5,7.75],"texture":"#5"},"up":{"uv":[4.5,8.75,4.25,8.0],"texture":"#5"},"down":{"uv":[6.875,8.0,6.625,8.75],"texture":"#5"}}},{"from":[-8.3,-7.6066,7.1],"to":[-7.3,-0.6066,8.1],"rotation":{"origin":[-7.8,-1.6066,7.6],"axis":"x","angle":22.5},"faces":{"north":{"uv":[8.25,5.75,8.375,6.625],"texture":"#5"},"east":{"uv":[8.25,6.625,8.375,7.5],"texture":"#5"},"south":{"uv":[8.25,7.875,8.375,8.75],"texture":"#5"},"west":{"uv":[8.375,4.875,8.5,5.75],"texture":"#5"},"up":{"uv":[8.125,7.5,8.0,7.375],"texture":"#5"},"down":{"uv":[8.625,7.125,8.5,7.25],"texture":"#5"}}},{"from":[9.7,-7.6066,9.1],"to":[10.7,-0.6066,10.1],"rotation":{"origin":[10.2,-1.6066,9.6],"axis":"x","angle":-22.5},"faces":{"north":{"uv":[8.375,5.75,8.5,6.625],"texture":"#5"},"east":{"uv":[8.375,6.625,8.5,7.5],"texture":"#5"},"south":{"uv":[8.375,7.875,8.5,8.75],"texture":"#5"},"west":{"uv":[8.5,1.5,8.625,2.375],"texture":"#5"},"up":{"uv":[8.625,7.375,8.5,7.25],"texture":"#5"},"down":{"uv":[8.625,7.375,8.5,7.5],"texture":"#5"}}},{"from":[9.6,-1.6066,8.1],"to":[10.6,21.3934,9.1],"rotation":{"origin":[8.6066,-2.6066,2.0],"axis":"z","angle":0.0},"faces":{"north":{"uv":[7.0,6.0,7.125,8.875],"texture":"#5"},"east":{"uv":[7.125,6.0,7.25,8.875],"texture":"#5"},"south":{"uv":[7.25,4.5,7.375,7.375],"texture":"#5"},"west":{"uv":[5.5,7.25,5.625,10.125],"texture":"#5"},"up":{"uv":[8.625,8.0,8.5,7.875],"texture":"#5"},"down":{"uv":[8.625,8.0,8.5,8.125],"texture":"#5"}}},{"from":[9.0,21.3934,5.4],"to":[11.0,27.3934,11.4],"rotation":{"origin":[8.6066,-2.6066,2.0],"axis":"z","angle":0.0},"faces":{"north":{"uv":[2.75,8.0,3.0,8.75],"texture":"#5"},"east":{"uv":[1.5,7.0,2.25,7.75],"texture":"#5"},"south":{"uv":[3.0,8.0,3.25,8.75],"texture":"#5"},"west":{"uv":[2.25,7.0,3.0,7.75],"texture":"#5"},"up":{"uv":[3.5,8.75,3.25,8.0],"texture":"#5"},"down":{"uv":[3.75,8.0,3.5,8.75],"texture":"#5"}}},{"from":[9.7,-7.6066,7.1],"to":[10.7,-0.6066,8.1],"rotation":{"origin":[10.2,-1.6066,7.6],"axis":"x","angle":22.5},"faces":{"north":{"uv":[8.5,2.375,8.625,3.25],"texture":"#5"},"east":{"uv":[8.5,3.25,8.625,4.125],"texture":"#5"},"south":{"uv":[8.5,4.875,8.625,5.75],"texture":"#5"},"west":{"uv":[8.5,5.75,8.625,6.625],"texture":"#5"},"up":{"uv":[8.625,8.25,8.5,8.125],"texture":"#5"},"down":{"uv":[8.625,8.25,8.5,8.375],"texture":"#5"}}},{"from":[5.3,-7.6066,9.1],"to":[6.3,-0.6066,10.1],"rotation":{"origin":[5.8,-1.6066,9.6],"axis":"x","angle":-22.5},"faces":{"north":{"uv":[6.875,7.25,7.0,8.125],"texture":"#5"},"east":{"uv":[7.25,8.0,7.375,8.875],"texture":"#5"},"south":{"uv":[7.375,8.0,7.5,8.875],"texture":"#5"},"west":{"uv":[7.5,8.0,7.625,8.875],"texture":"#5"},"up":{"uv":[6.875,6.125,6.75,6.0],"texture":"#5"},"down":{"uv":[6.875,6.125,6.75,6.25],"texture":"#5"}}},{"from":[5.4,-1.6066,8.1],"to":[6.4,21.3934,9.1],"rotation":{"origin":[7.3934,-2.6066,2.0],"axis":"z","angle":0.0},"faces":{"north":{"uv":[4.5,7.0,4.625,9.875],"texture":"#5"},"east":{"uv":[4.625,7.0,4.75,9.875],"texture":"#5"},"south":{"uv":[4.75,7.0,4.875,9.875],"texture":"#5"},"west":{"uv":[4.875,7.0,5.0,9.875],"texture":"#5"},"up":{"uv":[6.875,6.375,6.75,6.25],"texture":"#5"},"down":{"uv":[6.875,6.375,6.75,6.5],"texture":"#5"}}},{"from":[5.0,21.3934,5.4],"to":[7.0,27.3934,11.4],"rotation":{"origin":[7.3934,-2.6066,2.0],"axis":"z","angle":0.0},"faces":{"north":{"uv":[6.625,7.25,6.875,8.0],"texture":"#5"},"east":{"uv":[6.5,4.5,7.25,5.25],"texture":"#5"},"south":{"uv":[6.125,7.75,6.375,8.5],"texture":"#5"},"west":{"uv":[6.5,5.25,7.25,6.0],"texture":"#5"},"up":{"uv":[6.625,8.5,6.375,7.75],"texture":"#5"},"down":{"uv":[8.125,4.875,7.875,5.625],"texture":"#5"}}},{"from":[5.3,-7.6066,7.1],"to":[6.3,-0.6066,8.1],"rotation":{"origin":[5.8,-1.6066,7.6],"axis":"x","angle":22.5},"faces":{"north":{"uv":[7.625,8.0,7.75,8.875],"texture":"#5"},"east":{"uv":[8.0,7.875,8.125,8.75],"texture":"#5"},"south":{"uv":[8.125,4.875,8.25,5.75],"texture":"#5"},"west":{"uv":[8.125,5.75,8.25,6.625],"texture":"#5"},"up":{"uv":[7.0,6.125,6.875,6.0],"texture":"#5"},"down":{"uv":[7.0,6.125,6.875,6.25],"texture":"#5"}}},{"from":[23.3,-7.6066,9.1],"to":[24.3,-0.6066,10.1],"rotation":{"origin":[23.8,-1.6066,9.6],"axis":"x","angle":-22.5},"faces":{"north":{"uv":[1.625,8.25,1.75,9.125],"texture":"#5"},"east":{"uv":[1.75,8.25,1.875,9.125],"texture":"#5"},"south":{"uv":[1.875,8.25,2.0,9.125],"texture":"#5"},"west":{"uv":[2.0,8.25,2.125,9.125],"texture":"#5"},"up":{"uv":[8.0,7.375,7.875,7.25],"texture":"#5"},"down":{"uv":[8.0,7.375,7.875,7.5],"texture":"#5"}}},{"from":[23.4,-1.6066,8.1],"to":[24.4,21.3934,9.1],"rotation":{"origin":[25.3934,-2.6066,2.0],"axis":"z","angle":0.0},"faces":{"north":{"uv":[5.0,7.0,5.125,9.875],"texture":"#5"},"east":{"uv":[5.125,7.0,5.25,9.875],"texture":"#5"},"south":{"uv":[5.25,7.0,5.375,9.875],"texture":"#5"},"west":{"uv":[5.375,7.0,5.5,9.875],"texture":"#5"},"up":{"uv":[7.375,7.5,7.25,7.375],"texture":"#5"},"down":{"uv":[8.0,7.125,7.875,7.25],"texture":"#5"}}},{"from":[23.0,21.3934,5.4],"to":[25.0,27.3934,11.4],"rotation":{"origin":[25.3934,-2.6066,2.0],"axis":"z","angle":0.0},"faces":{"north":{"uv":[7.875,5.625,8.125,6.375],"texture":"#5"},"east":{"uv":[5.5,6.5,6.25,7.25],"texture":"#5"},"south":{"uv":[7.875,6.375,8.125,7.125],"texture":"#5"},"west":{"uv":[6.25,6.5,7.0,7.25],"texture":"#5"},"up":{"uv":[8.0,8.625,7.75,7.875],"texture":"#5"},"down":{"uv":[2.75,8.0,2.5,8.75],"texture":"#5"}}},{"from":[23.3,-7.6066,7.1],"to":[24.3,-0.6066,8.1],"rotation":{"origin":[23.8,-1.6066,7.6],"axis":"x","angle":22.5},"faces":{"north":{"uv":[8.125,6.625,8.25,7.5],"texture":"#5"},"east":{"uv":[6.875,8.125,7.0,9.0],"texture":"#5"},"south":{"uv":[8.125,7.875,8.25,8.75],"texture":"#5"},"west":{"uv":[1.5,8.25,1.625,9.125],"texture":"#5"},"up":{"uv":[7.0,6.375,6.875,6.25],"texture":"#5"},"down":{"uv":[7.0,6.375,6.875,6.5],"texture":"#5"}}},{"from":[9.0,-9.0,9.0],"to":[25.0,-7.0,13.0],"rotation":{"origin":[21.52186,0.95211,-0.8806],"axis":"y","angle":0.0},"faces":{"north":{"uv":[7.875,4.625,9.875,4.875],"texture":"#5"},"east":{"uv":[8.5,6.875,9.0,7.125],"texture":"#5"},"south":{"uv":[7.875,4.625,9.875,4.875],"texture":"#5"},"west":{"uv":[8.5,6.875,9.0,7.125],"texture":"#5"},"up":{"uv":[8.5,4.0,6.5,3.5],"texture":"#5"},"down":{"uv":[8.5,4.0,6.5,4.5],"texture":"#5"}}},{"from":[9.0,-9.0,4.0],"to":[25.0,-7.0,8.0],"rotation":{"origin":[21.52186,0.95211,-0.8806],"axis":"y","angle":0.0},"faces":{"north":{"uv":[7.875,4.625,9.875,4.875],"texture":"#5"},"east":{"uv":[8.5,6.875,9.0,7.125],"texture":"#5"},"south":{"uv":[7.875,4.625,9.875,4.875],"texture":"#5"},"west":{"uv":[8.5,6.875,9.0,7.125],"texture":"#5"},"up":{"uv":[6.5,3.5,8.5,4.0],"texture":"#5"},"down":{"uv":[8.5,4.0,6.5,4.5],"texture":"#5"}}},{"from":[-9.0,-9.0,9.0],"to":[7.0,-7.0,13.0],"rotation":{"origin":[21.52186,0.95211,-0.8806],"axis":"y","angle":0.0},"faces":{"north":{"uv":[7.875,4.625,9.875,4.875],"texture":"#5"},"east":{"uv":[8.5,6.875,9.0,7.125],"texture":"#5"},"south":{"uv":[7.875,4.625,9.875,4.875],"texture":"#5"},"west":{"uv":[8.5,6.875,9.0,7.125],"texture":"#5"},"up":{"uv":[8.5,4.0,6.5,3.5],"texture":"#5"},"down":{"uv":[8.5,4.0,6.5,4.5],"texture":"#5"}}},{"from":[-9.0,-9.0,4.0],"to":[7.0,-7.0,8.0],"rotation":{"origin":[21.52186,0.95211,-0.8806],"axis":"y","angle":0.0},"faces":{"north":{"uv":[7.875,4.625,9.875,4.875],"texture":"#5"},"east":{"uv":[8.5,6.875,9.0,7.125],"texture":"#5"},"south":{"uv":[7.875,4.625,9.875,4.875],"texture":"#5"},"west":{"uv":[8.5,6.875,9.0,7.125],"texture":"#5"},"up":{"uv":[6.5,3.5,8.5,4.0],"texture":"#5"},"down":{"uv":[8.5,4.0,6.5,4.5],"texture":"#5"}}}],"textures":{"5":"park_plus:swing"}}