{"display":{"thirdperson_righthand":{"rotation":[60.0,-160.0,0.0],"translation":[0.0,3.0,0.25],"scale":[0.35586,0.35586,0.35586]},"thirdperson_lefthand":{"rotation":[60.0,-160.0,0.0],"translation":[-1.5,2.0,0.25],"scale":[0.35586,0.35586,0.35586]},"firstperson_righthand":{"rotation":[0.0,-73.0,6.0],"translation":[2.75,1.5,0.0],"scale":[0.19492,0.19492,0.19492]},"firstperson_lefthand":{"rotation":[0.0,-73.0,6.0],"translation":[2.25,2.5,0.0],"scale":[0.19492,0.19492,0.19492]},"ground":{"translation":[0.0,1.5,0.0],"scale":[0.35,0.35,0.35]},"gui":{"rotation":[30.0,-40.0,0.0],"translation":[0.5,2.25,0.0],"scale":[0.65898,0.65898,0.65898]},"head":{"translation":[0.0,-30.4,0.0],"scale":[1.6,1.6,1.6]},"fixed":{"rotation":[-90.0,-180.0,0.0],"translation":[0.0,0.0,-15.0],"scale":[2.0,2.0,2.0]}},"elements":[{"from":[14.0,0.0,-3.0],"to":[21.0,4.0,4.0],"rotation":{"origin":[24.5,6.0,16.5],"axis":"y","angle":22.5},"faces":{"north":{"uv":[6.0,5.0,6.875,5.5],"texture":"#4"},"east":{"uv":[6.875,5.0,7.75,5.5],"texture":"#4"},"south":{"uv":[7.0,2.0,7.875,2.5],"texture":"#4"},"west":{"uv":[7.0,2.5,7.875,3.0],"texture":"#4"},"up":{"uv":[1.375,7.375,0.5,6.5],"texture":"#4"},"down":{"uv":[7.375,6.0,6.5,6.875],"texture":"#4"}}},{"from":[15.0,4.0,-2.0],"to":[20.0,8.0,3.0],"rotation":{"origin":[24.5,6.0,16.5],"axis":"y","angle":22.5},"faces":{"north":{"uv":[7.75,0.75,8.375,1.25],"texture":"#4"},"east":{"uv":[7.75,1.25,8.375,1.75],"texture":"#4"},"south":{"uv":[3.0,7.75,3.625,8.25],"texture":"#4"},"west":{"uv":[3.625,7.75,4.25,8.25],"texture":"#4"},"up":{"uv":[8.0,6.125,7.375,5.5],"texture":"#4"},"down":{"uv":[8.0,6.125,7.375,6.75],"texture":"#4"}}},{"from":[16.0,8.0,-1.0],"to":[19.0,12.0,2.0],"rotation":{"origin":[24.5,6.0,16.5],"axis":"y","angle":22.5},"faces":{"north":{"uv":[7.0,5.5,7.375,6.0],"texture":"#4"},"east":{"uv":[7.5,7.875,7.875,8.375],"texture":"#4"},"south":{"uv":[7.875,7.875,8.25,8.375],"texture":"#4"},"west":{"uv":[2.0,8.0,2.375,8.5],"texture":"#4"},"up":{"uv":[8.25,3.0,7.875,2.625],"texture":"#4"},"down":{"uv":[2.75,8.0,2.375,8.375],"texture":"#4"}}},{"from":[1.90246,1.0,5.43281],"to":[5.90246,2.0,21.43281],"rotation":{"origin":[3.52186,0.95211,12.1194],"axis":"y","angle":22.5},"faces":{"north":{"uv":[8.0,4.75,8.5,4.875],"texture":"#4"},"east":{"uv":[7.5,7.75,9.5,7.875],"texture":"#4"},"south":{"uv":[8.0,4.75,8.5,4.875],"texture":"#4"},"west":{"uv":[7.875,2.0,9.875,2.125],"texture":"#4"},"up":{"uv":[5.5,8.0,5.0,6.0],"texture":"#4"},"down":{"uv":[6.0,6.0,5.5,8.0],"texture":"#4"}}},{"from":[-3.16473,2.0,9.7388],"to":[12.83527,3.0,13.7388],"rotation":{"origin":[3.52186,0.95211,12.1194],"axis":"y","angle":-22.5},"faces":{"north":{"uv":[7.875,2.125,9.875,2.25],"texture":"#4"},"east":{"uv":[5.25,8.0,5.75,8.125],"texture":"#4"},"south":{"uv":[7.875,2.25,9.875,2.375],"texture":"#4"},"west":{"uv":[8.0,4.75,8.5,4.875],"texture":"#4"},"up":{"uv":[6.5,8.0,6.0,6.0],"texture":"#4","rotation":270},"down":{"uv":[0.5,6.5,0.0,8.5],"texture":"#4","rotation":90}}},{"from":[1.67285,0.0,2.76031],"to":[5.67285,1.0,18.76031],"rotation":{"origin":[3.52186,0.95211,12.1194],"axis":"y","angle":45.0},"faces":{"north":{"uv":[8.0,4.75,8.5,4.875],"texture":"#4"},"east":{"uv":[7.75,5.25,9.75,5.375],"texture":"#4"},"south":{"uv":[8.0,4.625,8.5,4.75],"texture":"#4"},"west":{"uv":[7.75,5.375,9.75,5.5],"texture":"#4"},"up":{"uv":[2.5,8.0,2.0,6.0],"texture":"#4"},"down":{"uv":[3.0,6.0,2.5,8.0],"texture":"#4"}}}],"textures":{"4":"park_plus:box_construction"}}