{"display":{"thirdperson_righthand":{"rotation":[60.0,-160.0,0.0],"translation":[0.0,1.75,1.0],"scale":[0.35586,0.35586,0.35586]},"thirdperson_lefthand":{"rotation":[60.0,-160.0,0.0],"translation":[0.0,1.75,1.0],"scale":[0.35586,0.35586,0.35586]},"firstperson_righthand":{"rotation":[0.0,-73.0,6.0],"translation":[3.25,1.5,0.0],"scale":[0.19492,0.19492,0.19492]},"firstperson_lefthand":{"rotation":[0.0,-73.0,6.0],"translation":[2.5,2.0,0.0],"scale":[0.19492,0.19492,0.19492]},"ground":{"translation":[0.0,1.5,0.0],"scale":[0.35,0.35,0.35]},"gui":{"rotation":[50.62,-51.88,4.12],"translation":[-0.25,3.25,0.0],"scale":[0.70196,0.70196,0.70196]},"head":{"translation":[0.0,-30.4,0.0],"scale":[1.6,1.6,1.6]},"fixed":{"rotation":[-90.0,-180.0,0.0],"translation":[0.0,0.0,-15.0],"scale":[2.0,2.0,2.0]}},"elements":[{"from":[0.0,3.0,0.0],"to":[16.0,5.0,4.0],"rotation":{"origin":[8.0,8.0,14.5],"axis":"z","angle":0.0},"faces":{"north":{"uv":[7.75,7.0,8.25,11.0],"texture":"#2","rotation":90},"east":{"uv":[3.25,7.0,2.75,8.0],"texture":"#2","rotation":270},"south":{"uv":[8.25,0.0,8.75,4.0],"texture":"#2","rotation":270},"west":{"uv":[6.0,9.75,5.5,8.75],"texture":"#2","rotation":270},"up":{"uv":[1.75,5.0,2.75,9.0],"texture":"#2","rotation":270},"down":{"uv":[5.5,3.0,6.5,7.0],"texture":"#2","rotation":270}}},{"from":[0.0,3.0,6.0],"to":[16.0,5.0,10.0],"rotation":{"origin":[8.0,8.0,14.5],"axis":"z","angle":0.0},"faces":{"north":{"uv":[7.75,7.0,8.25,11.0],"texture":"#2","rotation":90},"east":{"uv":[3.25,7.0,2.75,8.0],"texture":"#2","rotation":270},"south":{"uv":[8.25,0.0,8.75,4.0],"texture":"#2","rotation":270},"west":{"uv":[6.0,9.75,5.5,8.75],"texture":"#2","rotation":270},"up":{"uv":[1.75,5.0,2.75,9.0],"texture":"#2","rotation":270},"down":{"uv":[5.5,3.0,6.5,7.0],"texture":"#2","rotation":270}}},{"from":[0.0,3.0,12.0],"to":[16.0,5.0,16.0],"rotation":{"origin":[8.0,8.0,14.5],"axis":"z","angle":0.0},"faces":{"north":{"uv":[7.75,7.0,8.25,11.0],"texture":"#2","rotation":90},"east":{"uv":[3.25,7.0,2.75,8.0],"texture":"#2","rotation":270},"south":{"uv":[8.25,0.0,8.75,4.0],"texture":"#2","rotation":270},"west":{"uv":[6.0,9.75,5.5,8.75],"texture":"#2","rotation":270},"up":{"uv":[1.75,5.0,2.75,9.0],"texture":"#2","rotation":270},"down":{"uv":[5.5,3.0,6.5,7.0],"texture":"#2","rotation":270}}},{"from":[14.0,1.0,12.0],"to":[16.0,2.0,16.0],"rotation":{"origin":[8.0,8.0,14.5],"axis":"z","angle":0.0},"faces":{"north":{"uv":[7.75,7.0,8.0,7.5],"texture":"#2","rotation":90},"east":{"uv":[3.0,7.0,2.75,8.0],"texture":"#2","rotation":270},"south":{"uv":[8.25,0.0,8.5,0.5],"texture":"#2","rotation":270},"west":{"uv":[5.75,9.75,5.5,8.75],"texture":"#2","rotation":270},"up":{"uv":[1.75,5.0,2.75,5.5],"texture":"#2","rotation":270},"down":{"uv":[5.5,3.0,6.5,3.5],"texture":"#2","rotation":270}}},{"from":[14.0,1.0,6.0],"to":[16.0,2.0,10.0],"rotation":{"origin":[8.0,8.0,14.5],"axis":"z","angle":0.0},"faces":{"north":{"uv":[7.75,7.0,8.0,7.5],"texture":"#2","rotation":90},"east":{"uv":[3.0,7.0,2.75,8.0],"texture":"#2","rotation":270},"south":{"uv":[8.25,0.0,8.5,0.5],"texture":"#2","rotation":270},"west":{"uv":[5.75,9.75,5.5,8.75],"texture":"#2","rotation":270},"up":{"uv":[1.75,5.0,2.75,5.5],"texture":"#2","rotation":270},"down":{"uv":[5.5,3.0,6.5,3.5],"texture":"#2","rotation":270}}},{"from":[14.0,1.0,0.0],"to":[16.0,2.0,4.0],"rotation":{"origin":[8.0,8.0,14.5],"axis":"z","angle":0.0},"faces":{"north":{"uv":[7.75,7.0,8.0,7.5],"texture":"#2","rotation":90},"east":{"uv":[3.0,7.0,2.75,8.0],"texture":"#2","rotation":270},"south":{"uv":[8.25,0.0,8.5,0.5],"texture":"#2","rotation":270},"west":{"uv":[5.75,9.75,5.5,8.75],"texture":"#2","rotation":270},"up":{"uv":[1.75,5.0,2.75,5.5],"texture":"#2","rotation":270},"down":{"uv":[5.5,3.0,6.5,3.5],"texture":"#2","rotation":270}}},{"from":[0.0,1.0,0.0],"to":[2.0,2.0,4.0],"rotation":{"origin":[8.0,8.0,14.5],"axis":"z","angle":0.0},"faces":{"north":{"uv":[7.75,7.0,8.0,7.5],"texture":"#2","rotation":90},"east":{"uv":[3.0,7.0,2.75,8.0],"texture":"#2","rotation":270},"south":{"uv":[8.25,0.0,8.5,0.5],"texture":"#2","rotation":270},"west":{"uv":[5.75,9.75,5.5,8.75],"texture":"#2","rotation":270},"up":{"uv":[1.75,5.0,2.75,5.5],"texture":"#2","rotation":270},"down":{"uv":[5.5,3.0,6.5,3.5],"texture":"#2","rotation":270}}},{"from":[0.0,1.0,12.0],"to":[2.0,2.0,16.0],"rotation":{"origin":[8.0,8.0,14.5],"axis":"z","angle":0.0},"faces":{"north":{"uv":[7.75,7.0,8.0,7.5],"texture":"#2","rotation":90},"east":{"uv":[3.0,7.0,2.75,8.0],"texture":"#2","rotation":270},"south":{"uv":[8.25,0.0,8.5,0.5],"texture":"#2","rotation":270},"west":{"uv":[5.75,9.75,5.5,8.75],"texture":"#2","rotation":270},"up":{"uv":[1.75,5.0,2.75,5.5],"texture":"#2","rotation":270},"down":{"uv":[5.5,3.0,6.5,3.5],"texture":"#2","rotation":270}}},{"from":[0.0,1.0,6.0],"to":[2.0,2.0,10.0],"rotation":{"origin":[8.0,8.0,14.5],"axis":"z","angle":0.0},"faces":{"north":{"uv":[7.75,7.0,8.0,7.5],"texture":"#2","rotation":90},"east":{"uv":[3.0,7.0,2.75,8.0],"texture":"#2","rotation":270},"south":{"uv":[8.25,0.0,8.5,0.5],"texture":"#2","rotation":270},"west":{"uv":[5.75,9.75,5.5,8.75],"texture":"#2","rotation":270},"up":{"uv":[1.75,5.0,2.75,5.5],"texture":"#2","rotation":270},"down":{"uv":[5.5,3.0,6.5,3.5],"texture":"#2","rotation":270}}},{"from":[0.0,0.0,0.0],"to":[2.0,1.0,16.0],"rotation":{"origin":[8.0,8.0,14.5],"axis":"z","angle":0.0},"faces":{"north":{"uv":[7.75,7.0,8.0,7.5],"texture":"#2","rotation":90},"east":{"uv":[3.25,7.0,2.75,8.0],"texture":"#2","rotation":270},"south":{"uv":[8.25,0.0,8.5,0.5],"texture":"#2","rotation":270},"west":{"uv":[5.75,10.5,5.5,6.5],"texture":"#2","rotation":270},"up":{"uv":[0.0,1.0,4.0,1.5],"texture":"#2","rotation":270},"down":{"uv":[4.0,2.25,8.0,2.75],"texture":"#2","rotation":270}}},{"from":[14.0,0.0,0.0],"to":[16.0,1.0,16.0],"rotation":{"origin":[8.0,8.0,14.5],"axis":"z","angle":0.0},"faces":{"north":{"uv":[7.75,7.0,8.0,7.5],"texture":"#2","rotation":90},"east":{"uv":[3.25,7.0,2.75,8.0],"texture":"#2","rotation":270},"south":{"uv":[8.25,0.0,8.5,0.5],"texture":"#2","rotation":270},"west":{"uv":[5.75,10.75,5.5,6.75],"texture":"#2","rotation":270},"up":{"uv":[0.0,1.25,4.0,1.75],"texture":"#2","rotation":270},"down":{"uv":[4.0,2.5,8.0,3.0],"texture":"#2","rotation":270}}},{"from":[14.0,2.0,0.0],"to":[16.0,3.0,16.0],"rotation":{"origin":[8.0,8.0,14.5],"axis":"z","angle":0.0},"faces":{"north":{"uv":[7.75,7.0,8.0,7.5],"texture":"#2","rotation":90},"east":{"uv":[3.25,7.0,2.75,8.0],"texture":"#2","rotation":270},"south":{"uv":[8.25,0.0,8.5,0.5],"texture":"#2","rotation":270},"west":{"uv":[5.75,10.75,5.5,6.75],"texture":"#2","rotation":270},"up":{"uv":[0.0,1.25,4.0,1.75],"texture":"#2","rotation":270},"down":{"uv":[4.0,2.5,8.0,3.0],"texture":"#2","rotation":270}}},{"from":[0.0,2.0,0.0],"to":[2.0,3.0,16.0],"rotation":{"origin":[8.0,8.0,14.5],"axis":"z","angle":0.0},"faces":{"north":{"uv":[7.75,7.0,8.0,7.5],"texture":"#2","rotation":90},"east":{"uv":[3.25,7.0,2.75,8.0],"texture":"#2","rotation":270},"south":{"uv":[8.25,0.0,8.5,0.5],"texture":"#2","rotation":270},"west":{"uv":[5.75,10.5,5.5,6.5],"texture":"#2","rotation":270},"up":{"uv":[0.0,1.0,4.0,1.5],"texture":"#2","rotation":270},"down":{"uv":[4.0,2.25,8.0,2.75],"texture":"#2","rotation":270}}},{"from":[7.0,1.0,12.0],"to":[9.0,2.0,16.0],"rotation":{"origin":[8.0,8.0,14.5],"axis":"z","angle":0.0},"faces":{"north":{"uv":[7.75,7.0,8.0,7.5],"texture":"#2","rotation":90},"east":{"uv":[3.0,7.0,2.75,8.0],"texture":"#2","rotation":270},"south":{"uv":[8.25,0.0,8.5,0.5],"texture":"#2","rotation":270},"west":{"uv":[5.75,9.75,5.5,8.75],"texture":"#2","rotation":270},"up":{"uv":[1.75,5.0,2.75,5.5],"texture":"#2","rotation":270},"down":{"uv":[5.5,3.0,6.5,3.5],"texture":"#2","rotation":270}}},{"from":[7.0,2.0,0.0],"to":[9.0,3.0,16.0],"rotation":{"origin":[8.0,8.0,14.5],"axis":"z","angle":0.0},"faces":{"north":{"uv":[7.75,7.0,8.0,7.5],"texture":"#2","rotation":90},"east":{"uv":[3.25,7.0,2.75,8.0],"texture":"#2","rotation":270},"south":{"uv":[8.25,0.0,8.5,0.5],"texture":"#2","rotation":270},"west":{"uv":[5.75,10.5,5.5,6.5],"texture":"#2","rotation":270},"up":{"uv":[0.0,1.0,4.0,1.5],"texture":"#2","rotation":270},"down":{"uv":[4.0,2.25,8.0,2.75],"texture":"#2","rotation":270}}},{"from":[7.0,1.0,6.0],"to":[9.0,2.0,10.0],"rotation":{"origin":[8.0,8.0,14.5],"axis":"z","angle":0.0},"faces":{"north":{"uv":[7.75,7.0,8.0,7.5],"texture":"#2","rotation":90},"east":{"uv":[3.0,7.0,2.75,8.0],"texture":"#2","rotation":270},"south":{"uv":[8.25,0.0,8.5,0.5],"texture":"#2","rotation":270},"west":{"uv":[5.75,9.75,5.5,8.75],"texture":"#2","rotation":270},"up":{"uv":[1.75,5.0,2.75,5.5],"texture":"#2","rotation":270},"down":{"uv":[5.5,3.0,6.5,3.5],"texture":"#2","rotation":270}}},{"from":[7.0,0.0,0.0],"to":[9.0,1.0,16.0],"rotation":{"origin":[8.0,8.0,14.5],"axis":"z","angle":0.0},"faces":{"north":{"uv":[7.75,7.0,8.0,7.5],"texture":"#2","rotation":90},"east":{"uv":[3.25,7.0,2.75,8.0],"texture":"#2","rotation":270},"south":{"uv":[8.25,0.0,8.5,0.5],"texture":"#2","rotation":270},"west":{"uv":[5.75,10.5,5.5,6.5],"texture":"#2","rotation":270},"up":{"uv":[0.0,1.0,4.0,1.5],"texture":"#2","rotation":270},"down":{"uv":[4.0,2.25,8.0,2.75],"texture":"#2","rotation":270}}},{"from":[7.0,1.0,0.0],"to":[9.0,2.0,4.0],"rotation":{"origin":[8.0,8.0,14.5],"axis":"z","angle":0.0},"faces":{"north":{"uv":[7.75,7.0,8.0,7.5],"texture":"#2","rotation":90},"east":{"uv":[3.0,7.0,2.75,8.0],"texture":"#2","rotation":270},"south":{"uv":[8.25,0.0,8.5,0.5],"texture":"#2","rotation":270},"west":{"uv":[5.75,9.75,5.5,8.75],"texture":"#2","rotation":270},"up":{"uv":[1.75,5.0,2.75,5.5],"texture":"#2","rotation":270},"down":{"uv":[5.5,3.0,6.5,3.5],"texture":"#2","rotation":270}}}],"textures":{"2":"park_plus:fence"}}