{"display":{"thirdperson_righthand":{"rotation":[60.0,-160.0,0.0],"translation":[0.0,2.25,0.25],"scale":[0.35586,0.35586,0.35586]},"thirdperson_lefthand":{"rotation":[60.0,-160.0,0.0],"translation":[0.0,2.25,0.25],"scale":[0.35586,0.35586,0.35586]},"firstperson_righthand":{"rotation":[0.0,-73.0,6.0],"translation":[3.25,0.5,0.0],"scale":[0.19492,0.19492,0.19492]},"firstperson_lefthand":{"rotation":[0.0,-73.0,6.0],"translation":[3.25,0.5,0.0],"scale":[0.19492,0.19492,0.19492]},"ground":{"translation":[0.0,1.5,0.0],"scale":[0.35,0.35,0.35]},"gui":{"rotation":[30.0,-40.0,0.0],"translation":[0.25,-1.5,0.0],"scale":[0.45,0.45,0.45]},"head":{"translation":[0.0,-30.4,0.0],"scale":[1.6,1.6,1.6]},"fixed":{"rotation":[-90.0,-180.0,0.0],"translation":[0.0,0.0,-15.0],"scale":[2.0,2.0,2.0]}},"elements":[{"from":[0.0,0.0,12.0],"to":[16.0,13.0,16.0],"faces":{"north":{"uv":[0.0,0.0,4.0,3.25],"texture":"#1"},"east":{"uv":[9.0,8.0,10.0,11.25],"texture":"#1"},"south":{"uv":[4.0,0.0,8.0,3.25],"texture":"#1"},"west":{"uv":[9.0,8.0,10.0,11.25],"texture":"#1"},"up":{"uv":[12.0,5.0,8.0,4.0],"texture":"#1"},"down":{"uv":[12.0,4.0,8.0,5.0],"texture":"#1"}}},{"from":[0.0,0.0,0.0],"to":[16.0,13.0,4.0],"faces":{"north":{"uv":[4.0,0.0,8.0,3.25],"texture":"#1"},"east":{"uv":[9.0,8.0,10.0,11.25],"texture":"#1"},"south":{"uv":[4.0,3.25,8.0,6.5],"texture":"#1"},"west":{"uv":[1.0,9.75,2.0,13.0],"texture":"#1"},"up":{"uv":[12.0,7.0,8.0,6.0],"texture":"#1"},"down":{"uv":[12.0,6.0,8.0,7.0],"texture":"#1"}}},{"from":[12.0,0.0,4.0],"to":[16.0,13.0,12.0],"faces":{"north":{"uv":[2.0,9.75,3.0,13.0],"texture":"#1"},"east":{"uv":[6.0,6.5,8.0,9.75],"texture":"#1"},"south":{"uv":[3.0,9.75,4.0,13.0],"texture":"#1"},"west":{"uv":[2.0,6.5,4.0,9.75],"texture":"#1"},"up":{"uv":[11.0,10.0,10.0,8.0],"texture":"#1"},"down":{"uv":[10.0,8.0,9.0,10.0],"texture":"#1"}}},{"from":[4.0,0.0,4.0],"to":[12.0,12.0,12.0],"faces":{"north":{"uv":[2.0,9.75,3.0,13.0],"texture":"#1"},"east":{"uv":[0.0,6.5,2.0,9.75],"texture":"#1"},"south":{"uv":[3.0,9.75,4.0,13.0],"texture":"#1"},"west":{"uv":[12.5,5.5,14.5,8.5],"texture":"#1"},"up":{"uv":[14.5,11.0,12.5,9.0],"texture":"#1"},"down":{"uv":[10.0,8.0,9.0,10.0],"texture":"#1"}}},{"from":[0.0,12.0,8.0],"to":[13.0,26.0,8.0],"faces":{"north":{"uv":[12.75,11.5,9.5,15.0],"texture":"#1"},"east":{"uv":[13.75,5.75,13.75,9.25],"texture":"#1"},"south":{"uv":[9.5,11.5,12.75,15.0],"texture":"#1"},"west":{"uv":[12.5,5.5,12.5,9.0],"texture":"#1"},"up":{"uv":[15.75,9.0,12.5,9.0],"texture":"#1"},"down":{"uv":[15.75,5.0,12.5,5.0],"texture":"#1"}}},{"from":[7.5,16.0,1.5],"to":[7.5,30.0,14.5],"rotation":{"origin":[7.5,19.0,8.0],"axis":"y","angle":0.0},"faces":{"north":{"uv":[13.75,5.75,13.75,9.25],"texture":"#1"},"east":{"uv":[9.5,11.5,12.75,15.0],"texture":"#1"},"south":{"uv":[12.5,5.5,12.5,9.0],"texture":"#1"},"west":{"uv":[12.75,11.5,9.5,15.0],"texture":"#1"},"up":{"uv":[15.75,9.0,12.5,9.0],"texture":"#1","rotation":270},"down":{"uv":[15.75,5.0,12.5,5.0],"texture":"#1","rotation":90}}},{"from":[7.5,12.0,2.5],"to":[7.5,26.0,15.5],"rotation":{"origin":[7.5,19.0,8.0],"axis":"y","angle":45.0},"faces":{"north":{"uv":[13.75,5.75,13.75,9.25],"texture":"#1"},"east":{"uv":[9.5,11.5,12.75,15.0],"texture":"#1"},"south":{"uv":[12.5,5.5,12.5,9.0],"texture":"#1"},"west":{"uv":[12.75,11.5,9.5,15.0],"texture":"#1"},"up":{"uv":[15.75,9.0,12.5,9.0],"texture":"#1","rotation":270},"down":{"uv":[15.75,5.0,12.5,5.0],"texture":"#1","rotation":90}}},{"from":[1.0,12.0,8.0],"to":[14.0,26.0,8.0],"rotation":{"origin":[7.5,19.0,8.0],"axis":"y","angle":45.0},"faces":{"north":{"uv":[9.5,11.5,12.75,15.0],"texture":"#1"},"east":{"uv":[12.5,5.5,12.5,9.0],"texture":"#1"},"south":{"uv":[12.75,11.5,9.5,15.0],"texture":"#1"},"west":{"uv":[13.75,5.75,13.75,9.25],"texture":"#1"},"up":{"uv":[15.75,9.0,12.5,9.0],"texture":"#1","rotation":180},"down":{"uv":[15.75,5.0,12.5,5.0],"texture":"#1","rotation":180}}},{"from":[0.0,0.0,4.0],"to":[4.0,13.0,12.0],"faces":{"north":{"uv":[4.0,9.75,5.0,13.0],"texture":"#1"},"east":{"uv":[4.0,6.5,6.0,9.75],"texture":"#1"},"south":{"uv":[5.0,9.75,6.0,13.0],"texture":"#1"},"west":{"uv":[6.0,6.5,8.0,9.75],"texture":"#1"},"up":{"uv":[7.0,12.75,6.0,10.75],"texture":"#1"},"down":{"uv":[5.75,6.5,4.75,8.5],"texture":"#1"}}}],"textures":{"particle":"park_plus:flower_pot","1":"park_plus:flower_pot"}}