{"display":{"thirdperson_righthand":{"rotation":[28.0,-180.0,0.0],"translation":[0.0,5.75,2.5]},"firstperson_righthand":{"rotation":[0.0,-150.0,0.0],"translation":[2.0,4.0,0.0],"scale":[0.5,0.5,0.5]},"firstperson_lefthand":{"rotation":[0.0,-150.0,0.0],"translation":[1.5,5.25,0.0],"scale":[0.5,0.5,0.5]},"ground":{"translation":[0.0,2.0,0.0],"scale":[0.5,0.5,0.5]},"gui":{"rotation":[20.0,-52.0,0.0],"translation":[0.5,5.0,0.0],"scale":[1.1,1.1,1.1]},"head":{"rotation":[0.0,180.0,0.0],"translation":[0.5,-13.0,-22.0],"scale":[4.0,4.0,4.0]},"fixed":{"rotation":[-13.0,134.0,0.0],"translation":[-1.5,4.75,-15.25]}},"elements":[{"from":[11.0,0.45,16.15],"to":[12.0,2.25,17.15],"rotation":{"origin":[11.0,0.0,16.0],"axis":"x","angle":22.5},"faces":{"north":{"uv":[14.0,12.0,14.25,12.5],"texture":"#0"},"east":{"uv":[13.5,14.0,13.75,14.5],"texture":"#0"},"south":{"uv":[14.0,14.0,14.25,14.5],"texture":"#0"},"west":{"uv":[0.0,14.25,0.25,14.75],"texture":"#0"},"up":{"uv":[6.25,7.0,6.0,6.75],"texture":"#0"},"down":{"uv":[6.25,8.75,6.0,9.0],"texture":"#0"}}},{"from":[11.5,0.0,16.5],"to":[15.0,1.0,17.5],"rotation":{"origin":[11.5,0.5,17.5],"axis":"y","angle":45.0},"faces":{"north":{"uv":[13.5,4.25,14.375,4.5],"texture":"#0"},"east":{"uv":[11.25,6.75,11.5,7.0],"texture":"#0"},"south":{"uv":[13.5,4.75,14.375,5.0],"texture":"#0"},"west":{"uv":[7.75,11.25,8.0,11.5],"texture":"#0"},"up":{"uv":[5.875,13.75,5.0,13.5],"texture":"#0"},"down":{"uv":[7.125,13.5,6.25,13.75],"texture":"#0"}}},{"from":[1.75,0.0,16.75],"to":[5.25,1.0,17.75],"rotation":{"origin":[5.25,0.5,16.75],"axis":"y","angle":-45.0},"faces":{"north":{"uv":[7.5,13.5,8.375,13.75],"texture":"#0"},"east":{"uv":[10.25,12.5,10.5,12.75],"texture":"#0"},"south":{"uv":[13.5,9.0,14.375,9.25],"texture":"#0"},"west":{"uv":[11.25,13.0,11.5,13.25],"texture":"#0"},"up":{"uv":[14.375,9.75,13.5,9.5],"texture":"#0"},"down":{"uv":[14.375,10.0,13.5,10.25],"texture":"#0"}}},{"from":[4.0,0.45,16.15],"to":[5.0,2.25,17.15],"rotation":{"origin":[4.0,0.0,16.0],"axis":"x","angle":22.5},"faces":{"north":{"uv":[0.5,14.25,0.75,14.75],"texture":"#0"},"east":{"uv":[1.0,14.25,1.25,14.75],"texture":"#0"},"south":{"uv":[1.5,14.25,1.75,14.75],"texture":"#0"},"west":{"uv":[2.0,14.25,2.25,14.75],"texture":"#0"},"up":{"uv":[15.25,0.25,15.0,0.0],"texture":"#0"},"down":{"uv":[15.25,3.5,15.0,3.75],"texture":"#0"}}},{"from":[4.0,2.0,17.0],"to":[12.0,3.0,18.0],"rotation":{"origin":[4.0,2.0,17.0],"axis":"x","angle":22.5},"faces":{"north":{"uv":[9.5,7.25,11.5,7.5],"texture":"#0"},"east":{"uv":[4.75,15.0,5.0,15.25],"texture":"#0"},"south":{"uv":[9.5,7.75,11.5,8.0],"texture":"#0"},"west":{"uv":[5.25,15.0,5.5,15.25],"texture":"#0"},"up":{"uv":[11.5,8.5,9.5,8.25],"texture":"#0"},"down":{"uv":[11.5,8.75,9.5,9.0],"texture":"#0"}}},{"from":[2.0,0.0,6.3],"to":[14.0,0.7,7.0],"rotation":{"origin":[3.0,0.0,5.3],"axis":"y","angle":0.0},"faces":{"north":{"uv":[10.25,5.0,13.25,5.125],"texture":"#0"},"east":{"uv":[15.25,1.0,15.375,1.125],"texture":"#0"},"south":{"uv":[10.5,2.25,13.5,2.375],"texture":"#0"},"west":{"uv":[15.25,1.5,15.375,1.625],"texture":"#0"},"up":{"uv":[13.5,2.875,10.5,2.75],"texture":"#0"},"down":{"uv":[13.5,3.25,10.5,3.375],"texture":"#0"}}},{"from":[2.0,0.0,10.0],"to":[14.0,0.7,10.7],"rotation":{"origin":[3.0,0.0,9.0],"axis":"y","angle":0.0},"faces":{"north":{"uv":[10.25,0.75,13.25,0.875],"texture":"#0"},"east":{"uv":[15.0,14.25,15.125,14.375],"texture":"#0"},"south":{"uv":[10.25,1.25,13.25,1.375],"texture":"#0"},"west":{"uv":[15.25,0.5,15.375,0.625],"texture":"#0"},"up":{"uv":[13.25,1.875,10.25,1.75],"texture":"#0"},"down":{"uv":[13.25,4.5,10.25,4.625],"texture":"#0"}}},{"from":[14.0,2.0,7.0],"to":[14.7,2.7,10.0],"rotation":{"origin":[3.6,2.0,8.3],"axis":"y","angle":0.0},"faces":{"north":{"uv":[15.0,7.75,15.125,7.875],"texture":"#0"},"east":{"uv":[14.5,12.0,15.25,12.125],"texture":"#0"},"south":{"uv":[15.0,8.25,15.125,8.375],"texture":"#0"},"west":{"uv":[14.5,13.25,15.25,13.375],"texture":"#0"},"up":{"uv":[14.625,14.5,14.5,13.75],"texture":"#0"},"down":{"uv":[14.875,2.0,14.75,2.75],"texture":"#0"}}},{"from":[14.0,0.0,10.0],"to":[14.7,2.7,10.7],"rotation":{"origin":[3.6,0.0,9.0],"axis":"y","angle":0.0},"faces":{"north":{"uv":[13.75,14.75,13.875,15.375],"texture":"#0"},"east":{"uv":[14.25,14.75,14.375,15.375],"texture":"#0"},"south":{"uv":[14.75,14.75,14.875,15.375],"texture":"#0"},"west":{"uv":[0.0,15.0,0.125,15.625],"texture":"#0"},"up":{"uv":[11.125,15.125,11.0,15.0],"texture":"#0"},"down":{"uv":[11.625,15.0,11.5,15.125],"texture":"#0"}}},{"from":[14.0,0.0,6.3],"to":[14.7,2.7,7.0],"rotation":{"origin":[3.6,0.0,5.3],"axis":"y","angle":0.0},"faces":{"north":{"uv":[0.5,15.0,0.625,15.625],"texture":"#0"},"east":{"uv":[1.0,15.0,1.125,15.625],"texture":"#0"},"south":{"uv":[1.5,15.0,1.625,15.625],"texture":"#0"},"west":{"uv":[2.0,15.0,2.125,15.625],"texture":"#0"},"up":{"uv":[12.125,15.125,12.0,15.0],"texture":"#0"},"down":{"uv":[15.125,13.75,15.0,13.875],"texture":"#0"}}},{"from":[1.3,2.0,7.0],"to":[2.0,2.7,10.0],"rotation":{"origin":[-9.1,2.0,8.3],"axis":"y","angle":0.0},"faces":{"north":{"uv":[5.75,15.0,5.875,15.125],"texture":"#0"},"east":{"uv":[14.5,11.0,15.25,11.125],"texture":"#0"},"south":{"uv":[6.25,15.0,6.375,15.125],"texture":"#0"},"west":{"uv":[14.5,11.5,15.25,11.625],"texture":"#0"},"up":{"uv":[2.625,15.0,2.5,14.25],"texture":"#0"},"down":{"uv":[12.875,14.5,12.75,15.25],"texture":"#0"}}},{"from":[1.3,0.0,10.0],"to":[2.0,2.7,10.7],"rotation":{"origin":[-9.1,0.0,9.0],"axis":"y","angle":0.0},"faces":{"north":{"uv":[14.75,6.25,14.875,6.875],"texture":"#0"},"east":{"uv":[8.5,14.75,8.625,15.375],"texture":"#0"},"south":{"uv":[9.0,14.75,9.125,15.375],"texture":"#0"},"west":{"uv":[14.75,9.0,14.875,9.625],"texture":"#0"},"up":{"uv":[6.875,15.125,6.75,15.0],"texture":"#0"},"down":{"uv":[7.375,15.0,7.25,15.125],"texture":"#0"}}},{"from":[1.3,0.0,6.3],"to":[2.0,2.7,7.0],"rotation":{"origin":[-9.1,0.0,5.3],"axis":"y","angle":0.0},"faces":{"north":{"uv":[9.5,14.75,9.625,15.375],"texture":"#0"},"east":{"uv":[10.0,14.75,10.125,15.375],"texture":"#0"},"south":{"uv":[10.5,14.75,10.625,15.375],"texture":"#0"},"west":{"uv":[13.25,14.75,13.375,15.375],"texture":"#0"},"up":{"uv":[15.125,7.375,15.0,7.25],"texture":"#0"},"down":{"uv":[7.875,15.0,7.75,15.125],"texture":"#0"}}},{"from":[2.49,0.6,0.7],"to":[4.99,1.9,4.3],"rotation":{"origin":[2.5,0.5,0.5],"axis":"y","angle":0.0},"faces":{"north":{"uv":[12.75,5.5,13.375,5.875],"texture":"#0"},"east":{"uv":[5.75,10.5,6.625,10.875],"texture":"#0"},"south":{"uv":[7.75,12.75,8.375,13.125],"texture":"#0"},"west":{"uv":[7.0,10.5,7.875,10.875],"texture":"#0"},"up":{"uv":[2.625,9.375,2.0,8.5],"texture":"#0"},"down":{"uv":[9.125,8.0,8.5,8.875],"texture":"#0"}}},{"from":[2.5,-0.55,1.85],"to":[5.0,3.05,3.15],"rotation":{"origin":[2.5,3.5,1.5],"axis":"y","angle":0.0},"faces":{"north":{"uv":[3.0,8.75,3.625,9.625],"texture":"#0"},"east":{"uv":[8.25,10.5,8.625,11.375],"texture":"#0"},"south":{"uv":[4.0,8.75,4.625,9.625],"texture":"#0"},"west":{"uv":[9.0,10.5,9.375,11.375],"texture":"#0"},"up":{"uv":[12.375,13.125,11.75,12.75],"texture":"#0"},"down":{"uv":[13.375,12.75,12.75,13.125],"texture":"#0"}}},{"from":[2.501,-0.45,1.75],"to":[5.001,2.95,3.25],"rotation":{"origin":[3.25,1.25,2.5],"axis":"x","angle":45.0},"faces":{"north":{"uv":[5.0,8.75,5.625,9.625],"texture":"#0"},"east":{"uv":[0.0,10.75,0.375,11.625],"texture":"#0"},"south":{"uv":[9.0,6.0,9.625,6.875],"texture":"#0"},"west":{"uv":[0.75,10.75,1.125,11.625],"texture":"#0"},"up":{"uv":[0.625,13.375,0.0,13.0],"texture":"#0"},"down":{"uv":[1.625,13.0,1.0,13.375],"texture":"#0"}}},{"from":[2.501,-0.45,1.75],"to":[5.001,2.95,3.25],"rotation":{"origin":[3.25,1.25,2.5],"axis":"x","angle":-45.0},"faces":{"north":{"uv":[9.25,0.0,9.875,0.875],"texture":"#0"},"east":{"uv":[1.5,10.75,1.875,11.625],"texture":"#0"},"south":{"uv":[9.25,1.25,9.875,2.125],"texture":"#0"},"west":{"uv":[2.25,10.75,2.625,11.625],"texture":"#0"},"up":{"uv":[2.625,13.375,2.0,13.0],"texture":"#0"},"down":{"uv":[10.875,13.0,10.25,13.375],"texture":"#0"}}},{"from":[11.0,0.6,0.7],"to":[13.501,1.9,4.3],"rotation":{"origin":[11.0,0.5,0.5],"axis":"y","angle":0.0},"faces":{"north":{"uv":[13.0,11.25,13.625,11.625],"texture":"#0"},"east":{"uv":[3.0,10.75,3.875,11.125],"texture":"#0"},"south":{"uv":[13.0,12.0,13.625,12.375],"texture":"#0"},"west":{"uv":[4.25,10.75,5.125,11.125],"texture":"#0"},"up":{"uv":[9.875,5.375,9.25,4.5],"texture":"#0"},"down":{"uv":[6.625,9.25,6.0,10.125],"texture":"#0"}}},{"from":[11.0,-0.55,1.85],"to":[13.5,3.05,3.15],"rotation":{"origin":[11.0,3.5,1.5],"axis":"y","angle":0.0},"faces":{"north":{"uv":[7.0,9.25,7.625,10.125],"texture":"#0"},"east":{"uv":[9.75,10.75,10.125,11.625],"texture":"#0"},"south":{"uv":[8.0,9.25,8.625,10.125],"texture":"#0"},"west":{"uv":[10.5,10.75,10.875,11.625],"texture":"#0"},"up":{"uv":[3.625,13.625,3.0,13.25],"texture":"#0"},"down":{"uv":[13.875,7.5,13.25,7.875],"texture":"#0"}}},{"from":[11.0,-0.45,1.75],"to":[13.49,2.95,3.25],"rotation":{"origin":[11.75,1.25,2.5],"axis":"x","angle":45.0},"faces":{"north":{"uv":[9.0,9.25,9.625,10.125],"texture":"#0"},"east":{"uv":[5.5,11.25,5.875,12.125],"texture":"#0"},"south":{"uv":[0.0,9.5,0.625,10.375],"texture":"#0"},"west":{"uv":[11.25,5.5,11.625,6.375],"texture":"#0"},"up":{"uv":[13.875,8.625,13.25,8.25],"texture":"#0"},"down":{"uv":[14.125,0.5,13.5,0.875],"texture":"#0"}}},{"from":[11.0,-0.45,1.75],"to":[13.49,2.95,3.25],"rotation":{"origin":[11.75,1.25,2.5],"axis":"x","angle":-45.0},"faces":{"north":{"uv":[1.0,9.5,1.625,10.375],"texture":"#0"},"east":{"uv":[6.25,11.25,6.625,12.125],"texture":"#0"},"south":{"uv":[9.5,2.5,10.125,3.375],"texture":"#0"},"west":{"uv":[7.0,11.25,7.375,12.125],"texture":"#0"},"up":{"uv":[14.125,1.625,13.5,1.25],"texture":"#0"},"down":{"uv":[4.625,13.5,4.0,13.875],"texture":"#0"}}},{"from":[11.0,0.2,11.5],"to":[13.0,1.2,13.9],"rotation":{"origin":[11.0,0.2,11.5],"axis":"y","angle":0.0},"faces":{"north":{"uv":[12.5,8.25,13.0,8.5],"texture":"#0"},"east":{"uv":[13.75,5.75,14.375,6.0],"texture":"#0"},"south":{"uv":[14.25,0.0,14.75,0.25],"texture":"#0"},"west":{"uv":[8.75,13.75,9.375,14.0],"texture":"#0"},"up":{"uv":[9.0,1.625,8.5,1.0],"texture":"#0"},"down":{"uv":[11.75,9.25,11.25,9.875],"texture":"#0"}}},{"from":[11.0,1.2,11.5],"to":[13.0,2.2,13.9],"rotation":{"origin":[11.0,1.2,11.5],"axis":"x","angle":45.0},"faces":{"north":{"uv":[4.0,14.25,4.5,14.5],"texture":"#0"},"east":{"uv":[9.75,13.75,10.375,14.0],"texture":"#0"},"south":{"uv":[14.25,7.5,14.75,7.75],"texture":"#0"},"west":{"uv":[13.75,12.75,14.375,13.0],"texture":"#0"},"up":{"uv":[11.75,10.875,11.25,10.25],"texture":"#0"},"down":{"uv":[11.75,11.25,11.25,11.875],"texture":"#0"}}},{"from":[11.0,0.2,11.5],"to":[13.0,2.6,12.5],"rotation":{"origin":[11.0,0.2,11.5],"axis":"x","angle":45.0},"faces":{"north":{"uv":[3.0,11.5,3.5,12.125],"texture":"#0"},"east":{"uv":[10.75,13.75,11.0,14.375],"texture":"#0"},"south":{"uv":[3.75,11.5,4.25,12.125],"texture":"#0"},"west":{"uv":[3.0,14.0,3.25,14.625],"texture":"#0"},"up":{"uv":[14.75,8.25,14.25,8.0],"texture":"#0"},"down":{"uv":[9.0,14.25,8.5,14.5],"texture":"#0"}}},{"from":[11.0,-0.5,12.2],"to":[13.0,1.9,13.2],"rotation":{"origin":[11.0,0.2,11.5],"axis":"y","angle":0.0},"faces":{"north":{"uv":[4.5,11.5,5.0,12.125],"texture":"#0"},"east":{"uv":[3.5,14.0,3.75,14.625],"texture":"#0"},"south":{"uv":[11.75,6.75,12.25,7.375],"texture":"#0"},"west":{"uv":[5.0,14.0,5.25,14.625],"texture":"#0"},"up":{"uv":[14.75,8.75,14.25,8.5],"texture":"#0"},"down":{"uv":[9.75,14.25,9.25,14.5],"texture":"#0"}}},{"from":[3.0,0.2,11.5],"to":[5.0,1.2,13.9],"rotation":{"origin":[3.0,0.2,11.5],"axis":"y","angle":0.0},"faces":{"north":{"uv":[10.0,14.25,10.5,14.5],"texture":"#0"},"east":{"uv":[14.0,3.5,14.625,3.75],"texture":"#0"},"south":{"uv":[14.5,0.5,15.0,0.75],"texture":"#0"},"west":{"uv":[5.5,14.0,6.125,14.25],"texture":"#0"},"up":{"uv":[8.25,12.375,7.75,11.75],"texture":"#0"},"down":{"uv":[12.25,7.75,11.75,8.375],"texture":"#0"}}},{"from":[3.0,1.2,11.5],"to":[5.0,2.2,13.9],"rotation":{"origin":[3.0,1.2,11.5],"axis":"x","angle":45.0},"faces":{"north":{"uv":[14.5,1.0,15.0,1.25],"texture":"#0"},"east":{"uv":[6.5,14.0,7.125,14.25],"texture":"#0"},"south":{"uv":[14.5,1.5,15.0,1.75],"texture":"#0"},"west":{"uv":[7.5,14.0,8.125,14.25],"texture":"#0"},"up":{"uv":[9.0,12.375,8.5,11.75],"texture":"#0"},"down":{"uv":[0.5,12.0,0.0,12.625],"texture":"#0"}}},{"from":[3.0,0.2,11.5],"to":[5.0,2.6,12.5],"rotation":{"origin":[3.0,0.2,11.5],"axis":"x","angle":45.0},"faces":{"north":{"uv":[0.75,12.0,1.25,12.625],"texture":"#0"},"east":{"uv":[14.0,11.0,14.25,11.625],"texture":"#0"},"south":{"uv":[1.5,12.0,2.0,12.625],"texture":"#0"},"west":{"uv":[11.25,14.0,11.5,14.625],"texture":"#0"},"up":{"uv":[6.0,14.75,5.5,14.5],"texture":"#0"},"down":{"uv":[6.75,14.5,6.25,14.75],"texture":"#0"}}},{"from":[3.0,-0.5,12.2],"to":[5.0,1.9,13.2],"rotation":{"origin":[3.0,0.2,11.5],"axis":"y","angle":0.0},"faces":{"north":{"uv":[2.25,12.0,2.75,12.625],"texture":"#0"},"east":{"uv":[11.75,14.0,12.0,14.625],"texture":"#0"},"south":{"uv":[12.0,5.5,12.5,6.125],"texture":"#0"},"west":{"uv":[12.25,14.0,12.5,14.625],"texture":"#0"},"up":{"uv":[7.5,14.75,7.0,14.5],"texture":"#0"},"down":{"uv":[8.25,14.5,7.75,14.75],"texture":"#0"}}},{"from":[5.5,2.0,6.0],"to":[10.5,2.75,10.75],"rotation":{"origin":[5.0,2.0,7.0],"axis":"y","angle":0.0},"faces":{"north":{"uv":[11.75,8.75,13.0,9.0],"texture":"#0"},"east":{"uv":[9.25,12.0,10.5,12.25],"texture":"#0"},"south":{"uv":[12.0,9.25,13.25,9.5],"texture":"#0"},"west":{"uv":[12.0,9.75,13.25,10.0],"texture":"#0"},"up":{"uv":[4.75,6.5,3.5,5.25],"texture":"#0"},"down":{"uv":[6.25,5.25,5.0,6.5],"texture":"#0"}}},{"from":[5.5,2.0,5.0],"to":[10.5,5.75,5.75],"rotation":{"origin":[8.0,4.375,5.375],"axis":"x","angle":-22.5},"faces":{"north":{"uv":[1.75,5.75,3.0,6.75],"texture":"#0"},"east":{"uv":[9.25,12.5,9.5,13.5],"texture":"#0"},"south":{"uv":[6.5,6.0,7.75,7.0],"texture":"#0"},"west":{"uv":[9.75,12.5,10.0,13.5],"texture":"#0"},"up":{"uv":[13.25,10.5,12.0,10.25],"texture":"#0"},"down":{"uv":[13.25,10.75,12.0,11.0],"texture":"#0"}}},{"from":[2.75,0.0,14.0],"to":[13.25,0.5,16.5],"rotation":{"origin":[3.0,0.0,15.0],"axis":"y","angle":0.0},"faces":{"north":{"uv":[11.0,3.75,13.625,3.875],"texture":"#0"},"east":{"uv":[14.75,10.0,15.375,10.125],"texture":"#0"},"south":{"uv":[11.25,0.0,13.875,0.125],"texture":"#0"},"west":{"uv":[14.75,12.5,15.375,12.625],"texture":"#0"},"up":{"uv":[6.125,4.875,3.5,4.25],"texture":"#0"},"down":{"uv":[7.125,2.0,4.5,2.625],"texture":"#0"}}},{"from":[4.0,2.4,11.93],"to":[12.0,2.9,16.93],"rotation":{"origin":[4.0,2.0,16.0],"axis":"x","angle":22.5},"faces":{"north":{"uv":[12.5,6.5,14.5,6.625],"texture":"#0"},"east":{"uv":[13.75,3.0,15.0,3.125],"texture":"#0"},"south":{"uv":[12.5,7.0,14.5,7.125],"texture":"#0"},"west":{"uv":[13.75,5.25,15.0,5.375],"texture":"#0"},"up":{"uv":[2.0,4.0,0.0,2.75],"texture":"#0"},"down":{"uv":[4.25,2.75,2.25,4.0],"texture":"#0"}}},{"from":[5.0,0.25,16.15],"to":[11.0,2.25,16.65],"rotation":{"origin":[4.0,0.0,16.0],"axis":"x","angle":22.5},"faces":{"north":{"uv":[6.0,7.25,7.5,7.75],"texture":"#0"},"east":{"uv":[3.0,15.0,3.125,15.5],"texture":"#0"},"south":{"uv":[7.5,2.0,9.0,2.5],"texture":"#0"},"west":{"uv":[3.5,15.0,3.625,15.5],"texture":"#0"},"up":{"uv":[15.0,10.625,13.5,10.5],"texture":"#0"},"down":{"uv":[12.75,13.5,11.25,13.625],"texture":"#0"}}},{"from":[2.0,0.0,7.0],"to":[14.0,1.99,10.0],"rotation":{"origin":[3.0,0.0,9.0],"axis":"y","angle":0.0},"faces":{"north":{"uv":[6.25,3.0,9.25,3.5],"texture":"#0"},"east":{"uv":[3.5,2.0,4.25,2.5],"texture":"#0"},"south":{"uv":[6.5,3.75,9.5,4.25],"texture":"#0"},"west":{"uv":[10.25,0.0,11.0,0.5],"texture":"#0"},"up":{"uv":[6.5,0.75,3.5,0.0],"texture":"#0"},"down":{"uv":[6.5,1.0,3.5,1.75],"texture":"#0"}}},{"from":[4.0,3.40171,3.48045],"to":[5.5,4.65171,6.23045],"rotation":{"origin":[4.75,4.02671,4.85545],"axis":"x","angle":22.5},"faces":{"north":{"uv":[14.75,4.5,15.125,4.75],"texture":"#0"},"east":{"uv":[13.75,2.0,14.5,2.25],"texture":"#0"},"south":{"uv":[14.75,5.75,15.125,6.0],"texture":"#0"},"west":{"uv":[13.75,2.5,14.5,2.75],"texture":"#0"},"up":{"uv":[5.875,13.25,5.5,12.5],"texture":"#0"},"down":{"uv":[6.625,12.5,6.25,13.25],"texture":"#0"}}},{"from":[3.5,3.90171,0.23045],"to":[6.0,6.15171,3.98045],"rotation":{"origin":[4.75,5.02671,2.60545],"axis":"x","angle":22.5},"faces":{"north":{"uv":[12.0,11.25,12.625,11.75],"texture":"#0"},"east":{"uv":[3.25,10.0,4.25,10.5],"texture":"#0"},"south":{"uv":[12.0,12.0,12.625,12.5],"texture":"#0"},"west":{"uv":[4.5,10.0,5.5,10.5],"texture":"#0"},"up":{"uv":[8.625,7.0,8.0,6.0],"texture":"#0"},"down":{"uv":[7.125,8.0,6.5,9.0],"texture":"#0"}}},{"from":[10.5,3.40171,3.48045],"to":[12.0,4.65171,6.23045],"rotation":{"origin":[11.25,4.02671,4.85545],"axis":"x","angle":22.5},"faces":{"north":{"uv":[4.0,14.75,4.375,15.0],"texture":"#0"},"east":{"uv":[1.0,13.75,1.75,14.0],"texture":"#0"},"south":{"uv":[14.75,4.0,15.125,4.25],"texture":"#0"},"west":{"uv":[2.0,13.75,2.75,14.0],"texture":"#0"},"up":{"uv":[4.375,13.25,4.0,12.5],"texture":"#0"},"down":{"uv":[5.125,12.5,4.75,13.25],"texture":"#0"}}},{"from":[10.0,3.90171,0.23045],"to":[12.5,6.15171,3.98045],"rotation":{"origin":[11.25,5.02671,2.60545],"axis":"x","angle":22.5},"faces":{"north":{"uv":[10.75,12.25,11.375,12.75],"texture":"#0"},"east":{"uv":[10.0,5.75,11.0,6.25],"texture":"#0"},"south":{"uv":[3.0,12.5,3.625,13.0],"texture":"#0"},"west":{"uv":[10.0,6.5,11.0,7.0],"texture":"#0"},"up":{"uv":[8.125,9.0,7.5,8.0],"texture":"#0"},"down":{"uv":[0.625,8.25,0.0,9.25],"texture":"#0"}}},{"from":[6.5,3.0,11.0],"to":[9.5,6.0,12.0],"rotation":{"origin":[6.0,3.0,11.0],"axis":"x","angle":22.5},"faces":{"north":{"uv":[8.25,0.0,9.0,0.75],"texture":"#0"},"east":{"uv":[8.75,12.75,9.0,13.5],"texture":"#0"},"south":{"uv":[1.0,8.5,1.75,9.25],"texture":"#0"},"west":{"uv":[13.0,13.5,13.25,14.25],"texture":"#0"},"up":{"uv":[14.25,13.75,13.5,13.5],"texture":"#0"},"down":{"uv":[0.75,13.75,0.0,14.0],"texture":"#0"}}},{"from":[5.0,0.0,2.5],"to":[11.0,2.0,12.5],"rotation":{"origin":[9.0,0.0,5.0],"axis":"y","angle":0.0},"faces":{"north":{"uv":[6.75,1.25,8.25,1.75],"texture":"#0"},"east":{"uv":[6.5,4.5,9.0,5.0],"texture":"#0"},"south":{"uv":[1.25,7.0,2.75,7.5],"texture":"#0"},"west":{"uv":[6.5,5.25,9.0,5.75],"texture":"#0"},"up":{"uv":[1.5,2.5,0.0,0.0],"texture":"#0"},"down":{"uv":[3.25,0.0,1.75,2.5],"texture":"#0"}}},{"from":[5.0,0.0,12.5],"to":[11.0,4.0,17.0],"rotation":{"origin":[9.0,0.0,11.0],"axis":"y","angle":0.0},"faces":{"north":{"uv":[4.5,3.0,6.0,4.0],"texture":"#0"},"east":{"uv":[6.75,0.0,7.875,1.0],"texture":"#0"},"south":{"uv":[0.0,5.75,1.5,6.75],"texture":"#0"},"west":{"uv":[3.25,6.75,4.375,7.75],"texture":"#0"},"up":{"uv":[1.5,5.375,0.0,4.25],"texture":"#0"},"down":{"uv":[3.25,4.25,1.75,5.375],"texture":"#0"}}},{"from":[6.0,2.0,2.5],"to":[10.0,4.0,5.9],"rotation":{"origin":[7.0,2.0,3.0],"axis":"y","angle":0.0},"faces":{"north":{"uv":[9.75,3.75,10.75,4.25],"texture":"#0"},"east":{"uv":[10.0,9.25,10.875,9.75],"texture":"#0"},"south":{"uv":[2.0,10.0,3.0,10.5],"texture":"#0"},"west":{"uv":[10.0,10.0,10.875,10.5],"texture":"#0"},"up":{"uv":[5.75,7.625,4.75,6.75],"texture":"#0"},"down":{"uv":[1.0,7.0,0.0,7.875],"texture":"#0"}}},{"from":[5.05,0.29,2.05],"to":[10.95,2.29,4.05],"rotation":{"origin":[6.75,1.25,3.0],"axis":"x","angle":-22.5},"faces":{"north":{"uv":[1.25,7.75,2.75,8.25],"texture":"#0"},"east":{"uv":[7.0,12.5,7.5,13.0],"texture":"#0"},"south":{"uv":[7.75,7.25,9.25,7.75],"texture":"#0"},"west":{"uv":[12.5,7.5,13.0,8.0],"texture":"#0"},"up":{"uv":[4.5,8.5,3.0,8.0],"texture":"#0"},"down":{"uv":[6.25,8.0,4.75,8.5],"texture":"#0"}}}],"textures":{"particle":"demofurniture:karts/rouge","0":"demofurniture:karts/rouge"}}