{"display":{"thirdperson_righthand":{"rotation":[28.0,-180.0,0.0],"translation":[0.0,5.75,2.5]},"firstperson_righthand":{"rotation":[0.0,-150.0,0.0],"translation":[2.0,4.0,0.0],"scale":[0.5,0.5,0.5]},"firstperson_lefthand":{"rotation":[0.0,-150.0,0.0],"translation":[1.5,5.25,0.0],"scale":[0.5,0.5,0.5]},"ground":{"translation":[0.0,2.0,0.0],"scale":[0.5,0.5,0.5]},"gui":{"rotation":[20.0,-52.0,0.0],"translation":[0.5,5.0,0.0],"scale":[1.1,1.1,1.1]},"head":{"rotation":[0.0,180.0,0.0],"translation":[0.5,-13.0,-22.0],"scale":[4.0,4.0,4.0]},"fixed":{"rotation":[-13.0,134.0,0.0],"translation":[-1.5,4.75,-15.25]}},"elements":[{"from":[11.0,0.45,16.15],"to":[12.0,2.25,17.15],"rotation":{"origin":[11.0,0.0,16.0],"axis":"x","angle":22.5},"faces":{"north":{"uv":[7.0,6.0,7.125,6.25],"texture":"#0"},"east":{"uv":[6.75,7.0,6.875,7.25],"texture":"#0"},"south":{"uv":[7.0,7.0,7.125,7.25],"texture":"#0"},"west":{"uv":[0.0,7.125,0.125,7.375],"texture":"#0"},"up":{"uv":[3.125,3.5,3.0,3.375],"texture":"#0"},"down":{"uv":[3.125,4.375,3.0,4.5],"texture":"#0"}}},{"from":[11.5,0.0,16.5],"to":[15.0,1.0,17.5],"rotation":{"origin":[11.5,0.5,17.5],"axis":"y","angle":45.0},"faces":{"north":{"uv":[6.75,2.125,7.1875,2.25],"texture":"#0"},"east":{"uv":[5.625,3.375,5.75,3.5],"texture":"#0"},"south":{"uv":[6.75,2.375,7.1875,2.5],"texture":"#0"},"west":{"uv":[3.875,5.625,4.0,5.75],"texture":"#0"},"up":{"uv":[2.9375,6.875,2.5,6.75],"texture":"#0"},"down":{"uv":[3.5625,6.75,3.125,6.875],"texture":"#0"}}},{"from":[1.75,0.0,16.75],"to":[5.25,1.0,17.75],"rotation":{"origin":[5.25,0.5,16.75],"axis":"y","angle":-45.0},"faces":{"north":{"uv":[3.75,6.75,4.1875,6.875],"texture":"#0"},"east":{"uv":[5.125,6.25,5.25,6.375],"texture":"#0"},"south":{"uv":[6.75,4.5,7.1875,4.625],"texture":"#0"},"west":{"uv":[5.625,6.5,5.75,6.625],"texture":"#0"},"up":{"uv":[7.1875,4.875,6.75,4.75],"texture":"#0"},"down":{"uv":[7.1875,5.0,6.75,5.125],"texture":"#0"}}},{"from":[4.0,0.45,16.15],"to":[5.0,2.25,17.15],"rotation":{"origin":[4.0,0.0,16.0],"axis":"x","angle":22.5},"faces":{"north":{"uv":[0.25,7.125,0.375,7.375],"texture":"#0"},"east":{"uv":[0.5,7.125,0.625,7.375],"texture":"#0"},"south":{"uv":[0.75,7.125,0.875,7.375],"texture":"#0"},"west":{"uv":[1.0,7.125,1.125,7.375],"texture":"#0"},"up":{"uv":[7.625,0.125,7.5,0.0],"texture":"#0"},"down":{"uv":[7.625,1.75,7.5,1.875],"texture":"#0"}}},{"from":[4.0,2.0,17.0],"to":[12.0,3.0,18.0],"rotation":{"origin":[4.0,2.0,17.0],"axis":"x","angle":22.5},"faces":{"north":{"uv":[4.75,3.625,5.75,3.75],"texture":"#0"},"east":{"uv":[2.375,7.5,2.5,7.625],"texture":"#0"},"south":{"uv":[4.75,3.875,5.75,4.0],"texture":"#0"},"west":{"uv":[2.625,7.5,2.75,7.625],"texture":"#0"},"up":{"uv":[5.75,4.25,4.75,4.125],"texture":"#0"},"down":{"uv":[5.75,4.375,4.75,4.5],"texture":"#0"}}},{"from":[2.0,0.0,6.3],"to":[14.0,0.7,7.0],"rotation":{"origin":[3.0,0.0,5.3],"axis":"y","angle":0.0},"faces":{"north":{"uv":[5.125,2.5,6.625,2.5625],"texture":"#0"},"east":{"uv":[7.625,0.5,7.6875,0.5625],"texture":"#0"},"south":{"uv":[5.25,1.125,6.75,1.1875],"texture":"#0"},"west":{"uv":[7.625,0.75,7.6875,0.8125],"texture":"#0"},"up":{"uv":[6.75,1.4375,5.25,1.375],"texture":"#0"},"down":{"uv":[6.75,1.625,5.25,1.6875],"texture":"#0"}}},{"from":[2.0,0.0,10.0],"to":[14.0,0.7,10.7],"rotation":{"origin":[3.0,0.0,9.0],"axis":"y","angle":0.0},"faces":{"north":{"uv":[5.125,0.375,6.625,0.4375],"texture":"#0"},"east":{"uv":[7.5,7.125,7.5625,7.1875],"texture":"#0"},"south":{"uv":[5.125,0.625,6.625,0.6875],"texture":"#0"},"west":{"uv":[7.625,0.25,7.6875,0.3125],"texture":"#0"},"up":{"uv":[6.625,0.9375,5.125,0.875],"texture":"#0"},"down":{"uv":[6.625,2.25,5.125,2.3125],"texture":"#0"}}},{"from":[14.0,2.0,7.0],"to":[14.7,2.7,10.0],"rotation":{"origin":[3.6,2.0,8.3],"axis":"y","angle":0.0},"faces":{"north":{"uv":[7.5,3.875,7.5625,3.9375],"texture":"#0"},"east":{"uv":[7.25,6.0,7.625,6.0625],"texture":"#0"},"south":{"uv":[7.5,4.125,7.5625,4.1875],"texture":"#0"},"west":{"uv":[7.25,6.625,7.625,6.6875],"texture":"#0"},"up":{"uv":[7.3125,7.25,7.25,6.875],"texture":"#0"},"down":{"uv":[7.4375,1.0,7.375,1.375],"texture":"#0"}}},{"from":[14.0,0.0,10.0],"to":[14.7,2.7,10.7],"rotation":{"origin":[3.6,0.0,9.0],"axis":"y","angle":0.0},"faces":{"north":{"uv":[6.875,7.375,6.9375,7.6875],"texture":"#0"},"east":{"uv":[7.125,7.375,7.1875,7.6875],"texture":"#0"},"south":{"uv":[7.375,7.375,7.4375,7.6875],"texture":"#0"},"west":{"uv":[0.0,7.5,0.0625,7.8125],"texture":"#0"},"up":{"uv":[5.5625,7.5625,5.5,7.5],"texture":"#0"},"down":{"uv":[5.8125,7.5,5.75,7.5625],"texture":"#0"}}},{"from":[14.0,0.0,6.3],"to":[14.7,2.7,7.0],"rotation":{"origin":[3.6,0.0,5.3],"axis":"y","angle":0.0},"faces":{"north":{"uv":[0.25,7.5,0.3125,7.8125],"texture":"#0"},"east":{"uv":[0.5,7.5,0.5625,7.8125],"texture":"#0"},"south":{"uv":[0.75,7.5,0.8125,7.8125],"texture":"#0"},"west":{"uv":[1.0,7.5,1.0625,7.8125],"texture":"#0"},"up":{"uv":[6.0625,7.5625,6.0,7.5],"texture":"#0"},"down":{"uv":[7.5625,6.875,7.5,6.9375],"texture":"#0"}}},{"from":[1.3,2.0,7.0],"to":[2.0,2.7,10.0],"rotation":{"origin":[-9.1,2.0,8.3],"axis":"y","angle":0.0},"faces":{"north":{"uv":[2.875,7.5,2.9375,7.5625],"texture":"#0"},"east":{"uv":[7.25,5.5,7.625,5.5625],"texture":"#0"},"south":{"uv":[3.125,7.5,3.1875,7.5625],"texture":"#0"},"west":{"uv":[7.25,5.75,7.625,5.8125],"texture":"#0"},"up":{"uv":[1.3125,7.5,1.25,7.125],"texture":"#0"},"down":{"uv":[6.4375,7.25,6.375,7.625],"texture":"#0"}}},{"from":[1.3,0.0,10.0],"to":[2.0,2.7,10.7],"rotation":{"origin":[-9.1,0.0,9.0],"axis":"y","angle":0.0},"faces":{"north":{"uv":[7.375,3.125,7.4375,3.4375],"texture":"#0"},"east":{"uv":[4.25,7.375,4.3125,7.6875],"texture":"#0"},"south":{"uv":[4.5,7.375,4.5625,7.6875],"texture":"#0"},"west":{"uv":[7.375,4.5,7.4375,4.8125],"texture":"#0"},"up":{"uv":[3.4375,7.5625,3.375,7.5],"texture":"#0"},"down":{"uv":[3.6875,7.5,3.625,7.5625],"texture":"#0"}}},{"from":[1.3,0.0,6.3],"to":[2.0,2.7,7.0],"rotation":{"origin":[-9.1,0.0,5.3],"axis":"y","angle":0.0},"faces":{"north":{"uv":[4.75,7.375,4.8125,7.6875],"texture":"#0"},"east":{"uv":[5.0,7.375,5.0625,7.6875],"texture":"#0"},"south":{"uv":[5.25,7.375,5.3125,7.6875],"texture":"#0"},"west":{"uv":[6.625,7.375,6.6875,7.6875],"texture":"#0"},"up":{"uv":[7.5625,3.6875,7.5,3.625],"texture":"#0"},"down":{"uv":[3.9375,7.5,3.875,7.5625],"texture":"#0"}}},{"from":[2.49,0.6,0.7],"to":[4.99,1.9,4.3],"rotation":{"origin":[2.5,0.5,0.5],"axis":"y","angle":0.0},"faces":{"north":{"uv":[6.375,2.75,6.6875,2.9375],"texture":"#0"},"east":{"uv":[2.875,5.25,3.3125,5.4375],"texture":"#0"},"south":{"uv":[3.875,6.375,4.1875,6.5625],"texture":"#0"},"west":{"uv":[3.5,5.25,3.9375,5.4375],"texture":"#0"},"up":{"uv":[1.3125,4.6875,1.0,4.25],"texture":"#0"},"down":{"uv":[4.5625,4.0,4.25,4.4375],"texture":"#0"}}},{"from":[2.5,-0.55,1.85],"to":[5.0,3.05,3.15],"rotation":{"origin":[2.5,3.5,1.5],"axis":"y","angle":0.0},"faces":{"north":{"uv":[1.5,4.375,1.8125,4.8125],"texture":"#0"},"east":{"uv":[4.125,5.25,4.3125,5.6875],"texture":"#0"},"south":{"uv":[2.0,4.375,2.3125,4.8125],"texture":"#0"},"west":{"uv":[4.5,5.25,4.6875,5.6875],"texture":"#0"},"up":{"uv":[6.1875,6.5625,5.875,6.375],"texture":"#0"},"down":{"uv":[6.6875,6.375,6.375,6.5625],"texture":"#0"}}},{"from":[2.501,-0.45,1.75],"to":[5.001,2.95,3.25],"rotation":{"origin":[3.25,1.25,2.5],"axis":"x","angle":45.0},"faces":{"north":{"uv":[2.5,4.375,2.8125,4.8125],"texture":"#0"},"east":{"uv":[0.0,5.375,0.1875,5.8125],"texture":"#0"},"south":{"uv":[4.5,3.0,4.8125,3.4375],"texture":"#0"},"west":{"uv":[0.375,5.375,0.5625,5.8125],"texture":"#0"},"up":{"uv":[0.3125,6.6875,0.0,6.5],"texture":"#0"},"down":{"uv":[0.8125,6.5,0.5,6.6875],"texture":"#0"}}},{"from":[2.501,-0.45,1.75],"to":[5.001,2.95,3.25],"rotation":{"origin":[3.25,1.25,2.5],"axis":"x","angle":-45.0},"faces":{"north":{"uv":[4.625,0.0,4.9375,0.4375],"texture":"#0"},"east":{"uv":[0.75,5.375,0.9375,5.8125],"texture":"#0"},"south":{"uv":[4.625,0.625,4.9375,1.0625],"texture":"#0"},"west":{"uv":[1.125,5.375,1.3125,5.8125],"texture":"#0"},"up":{"uv":[1.3125,6.6875,1.0,6.5],"texture":"#0"},"down":{"uv":[5.4375,6.5,5.125,6.6875],"texture":"#0"}}},{"from":[11.0,0.6,0.7],"to":[13.501,1.9,4.3],"rotation":{"origin":[11.0,0.5,0.5],"axis":"y","angle":0.0},"faces":{"north":{"uv":[6.5,5.625,6.8125,5.8125],"texture":"#0"},"east":{"uv":[1.5,5.375,1.9375,5.5625],"texture":"#0"},"south":{"uv":[6.5,6.0,6.8125,6.1875],"texture":"#0"},"west":{"uv":[2.125,5.375,2.5625,5.5625],"texture":"#0"},"up":{"uv":[4.9375,2.6875,4.625,2.25],"texture":"#0"},"down":{"uv":[3.3125,4.625,3.0,5.0625],"texture":"#0"}}},{"from":[11.0,-0.55,1.85],"to":[13.5,3.05,3.15],"rotation":{"origin":[11.0,3.5,1.5],"axis":"y","angle":0.0},"faces":{"north":{"uv":[3.5,4.625,3.8125,5.0625],"texture":"#0"},"east":{"uv":[4.875,5.375,5.0625,5.8125],"texture":"#0"},"south":{"uv":[4.0,4.625,4.3125,5.0625],"texture":"#0"},"west":{"uv":[5.25,5.375,5.4375,5.8125],"texture":"#0"},"up":{"uv":[1.8125,6.8125,1.5,6.625],"texture":"#0"},"down":{"uv":[6.9375,3.75,6.625,3.9375],"texture":"#0"}}},{"from":[11.0,-0.45,1.75],"to":[13.49,2.95,3.25],"rotation":{"origin":[11.75,1.25,2.5],"axis":"x","angle":45.0},"faces":{"north":{"uv":[4.5,4.625,4.8125,5.0625],"texture":"#0"},"east":{"uv":[2.75,5.625,2.9375,6.0625],"texture":"#0"},"south":{"uv":[0.0,4.75,0.3125,5.1875],"texture":"#0"},"west":{"uv":[5.625,2.75,5.8125,3.1875],"texture":"#0"},"up":{"uv":[6.9375,4.3125,6.625,4.125],"texture":"#0"},"down":{"uv":[7.0625,0.25,6.75,0.4375],"texture":"#0"}}},{"from":[11.0,-0.45,1.75],"to":[13.49,2.95,3.25],"rotation":{"origin":[11.75,1.25,2.5],"axis":"x","angle":-45.0},"faces":{"north":{"uv":[0.5,4.75,0.8125,5.1875],"texture":"#0"},"east":{"uv":[3.125,5.625,3.3125,6.0625],"texture":"#0"},"south":{"uv":[4.75,1.25,5.0625,1.6875],"texture":"#0"},"west":{"uv":[3.5,5.625,3.6875,6.0625],"texture":"#0"},"up":{"uv":[7.0625,0.8125,6.75,0.625],"texture":"#0"},"down":{"uv":[2.3125,6.75,2.0,6.9375],"texture":"#0"}}},{"from":[11.0,0.2,11.5],"to":[13.0,1.2,13.9],"rotation":{"origin":[11.0,0.2,11.5],"axis":"y","angle":0.0},"faces":{"north":{"uv":[6.25,4.125,6.5,4.25],"texture":"#0"},"east":{"uv":[6.875,2.875,7.1875,3.0],"texture":"#0"},"south":{"uv":[7.125,0.0,7.375,0.125],"texture":"#0"},"west":{"uv":[4.375,6.875,4.6875,7.0],"texture":"#0"},"up":{"uv":[4.5,0.8125,4.25,0.5],"texture":"#0"},"down":{"uv":[5.875,4.625,5.625,4.9375],"texture":"#0"}}},{"from":[11.0,1.2,11.5],"to":[13.0,2.2,13.9],"rotation":{"origin":[11.0,1.2,11.5],"axis":"x","angle":45.0},"faces":{"north":{"uv":[2.0,7.125,2.25,7.25],"texture":"#0"},"east":{"uv":[4.875,6.875,5.1875,7.0],"texture":"#0"},"south":{"uv":[7.125,3.75,7.375,3.875],"texture":"#0"},"west":{"uv":[6.875,6.375,7.1875,6.5],"texture":"#0"},"up":{"uv":[5.875,5.4375,5.625,5.125],"texture":"#0"},"down":{"uv":[5.875,5.625,5.625,5.9375],"texture":"#0"}}},{"from":[11.0,0.2,11.5],"to":[13.0,2.6,12.5],"rotation":{"origin":[11.0,0.2,11.5],"axis":"x","angle":45.0},"faces":{"north":{"uv":[1.5,5.75,1.75,6.0625],"texture":"#0"},"east":{"uv":[5.375,6.875,5.5,7.1875],"texture":"#0"},"south":{"uv":[1.875,5.75,2.125,6.0625],"texture":"#0"},"west":{"uv":[1.5,7.0,1.625,7.3125],"texture":"#0"},"up":{"uv":[7.375,4.125,7.125,4.0],"texture":"#0"},"down":{"uv":[4.5,7.125,4.25,7.25],"texture":"#0"}}},{"from":[11.0,-0.5,12.2],"to":[13.0,1.9,13.2],"rotation":{"origin":[11.0,0.2,11.5],"axis":"y","angle":0.0},"faces":{"north":{"uv":[2.25,5.75,2.5,6.0625],"texture":"#0"},"east":{"uv":[1.75,7.0,1.875,7.3125],"texture":"#0"},"south":{"uv":[5.875,3.375,6.125,3.6875],"texture":"#0"},"west":{"uv":[2.5,7.0,2.625,7.3125],"texture":"#0"},"up":{"uv":[7.375,4.375,7.125,4.25],"texture":"#0"},"down":{"uv":[4.875,7.125,4.625,7.25],"texture":"#0"}}},{"from":[3.0,0.2,11.5],"to":[5.0,1.2,13.9],"rotation":{"origin":[3.0,0.2,11.5],"axis":"y","angle":0.0},"faces":{"north":{"uv":[5.0,7.125,5.25,7.25],"texture":"#0"},"east":{"uv":[7.0,1.75,7.3125,1.875],"texture":"#0"},"south":{"uv":[7.25,0.25,7.5,0.375],"texture":"#0"},"west":{"uv":[2.75,7.0,3.0625,7.125],"texture":"#0"},"up":{"uv":[4.125,6.1875,3.875,5.875],"texture":"#0"},"down":{"uv":[6.125,3.875,5.875,4.1875],"texture":"#0"}}},{"from":[3.0,1.2,11.5],"to":[5.0,2.2,13.9],"rotation":{"origin":[3.0,1.2,11.5],"axis":"x","angle":45.0},"faces":{"north":{"uv":[7.25,0.5,7.5,0.625],"texture":"#0"},"east":{"uv":[3.25,7.0,3.5625,7.125],"texture":"#0"},"south":{"uv":[7.25,0.75,7.5,0.875],"texture":"#0"},"west":{"uv":[3.75,7.0,4.0625,7.125],"texture":"#0"},"up":{"uv":[4.5,6.1875,4.25,5.875],"texture":"#0"},"down":{"uv":[0.25,6.0,0.0,6.3125],"texture":"#0"}}},{"from":[3.0,0.2,11.5],"to":[5.0,2.6,12.5],"rotation":{"origin":[3.0,0.2,11.5],"axis":"x","angle":45.0},"faces":{"north":{"uv":[0.375,6.0,0.625,6.3125],"texture":"#0"},"east":{"uv":[7.0,5.5,7.125,5.8125],"texture":"#0"},"south":{"uv":[0.75,6.0,1.0,6.3125],"texture":"#0"},"west":{"uv":[5.625,7.0,5.75,7.3125],"texture":"#0"},"up":{"uv":[3.0,7.375,2.75,7.25],"texture":"#0"},"down":{"uv":[3.375,7.25,3.125,7.375],"texture":"#0"}}},{"from":[3.0,-0.5,12.2],"to":[5.0,1.9,13.2],"rotation":{"origin":[3.0,0.2,11.5],"axis":"y","angle":0.0},"faces":{"north":{"uv":[1.125,6.0,1.375,6.3125],"texture":"#0"},"east":{"uv":[5.875,7.0,6.0,7.3125],"texture":"#0"},"south":{"uv":[6.0,2.75,6.25,3.0625],"texture":"#0"},"west":{"uv":[6.125,7.0,6.25,7.3125],"texture":"#0"},"up":{"uv":[3.75,7.375,3.5,7.25],"texture":"#0"},"down":{"uv":[4.125,7.25,3.875,7.375],"texture":"#0"}}},{"from":[5.5,2.0,6.0],"to":[10.5,2.75,10.75],"rotation":{"origin":[5.0,2.0,7.0],"axis":"y","angle":0.0},"faces":{"north":{"uv":[5.875,4.375,6.5,4.5],"texture":"#0"},"east":{"uv":[4.625,6.0,5.25,6.125],"texture":"#0"},"south":{"uv":[6.0,4.625,6.625,4.75],"texture":"#0"},"west":{"uv":[6.0,4.875,6.625,5.0],"texture":"#0"},"up":{"uv":[2.375,3.25,1.75,2.625],"texture":"#0"},"down":{"uv":[3.125,2.625,2.5,3.25],"texture":"#0"}}},{"from":[5.5,2.0,5.0],"to":[10.5,5.75,5.75],"rotation":{"origin":[8.0,4.375,5.375],"axis":"x","angle":-22.5},"faces":{"north":{"uv":[0.875,2.875,1.5,3.375],"texture":"#0"},"east":{"uv":[4.625,6.25,4.75,6.75],"texture":"#0"},"south":{"uv":[3.25,3.0,3.875,3.5],"texture":"#0"},"west":{"uv":[4.875,6.25,5.0,6.75],"texture":"#0"},"up":{"uv":[6.625,5.25,6.0,5.125],"texture":"#0"},"down":{"uv":[6.625,5.375,6.0,5.5],"texture":"#0"}}},{"from":[2.75,0.0,14.0],"to":[13.25,0.5,16.5],"rotation":{"origin":[3.0,0.0,15.0],"axis":"y","angle":0.0},"faces":{"north":{"uv":[5.5,1.875,6.8125,1.9375],"texture":"#0"},"east":{"uv":[7.375,5.0,7.6875,5.0625],"texture":"#0"},"south":{"uv":[5.625,0.0,6.9375,0.0625],"texture":"#0"},"west":{"uv":[7.375,6.25,7.6875,6.3125],"texture":"#0"},"up":{"uv":[3.0625,2.4375,1.75,2.125],"texture":"#0"},"down":{"uv":[3.5625,1.0,2.25,1.3125],"texture":"#0"}}},{"from":[4.0,2.4,11.93],"to":[12.0,2.9,16.93],"rotation":{"origin":[4.0,2.0,16.0],"axis":"x","angle":22.5},"faces":{"north":{"uv":[6.25,3.25,7.25,3.3125],"texture":"#0"},"east":{"uv":[6.875,1.5,7.5,1.5625],"texture":"#0"},"south":{"uv":[6.25,3.5,7.25,3.5625],"texture":"#0"},"west":{"uv":[6.875,2.625,7.5,2.6875],"texture":"#0"},"up":{"uv":[1.0,2.0,0.0,1.375],"texture":"#0"},"down":{"uv":[2.125,1.375,1.125,2.0],"texture":"#0"}}},{"from":[5.0,0.25,16.15],"to":[11.0,2.25,16.65],"rotation":{"origin":[4.0,0.0,16.0],"axis":"x","angle":22.5},"faces":{"north":{"uv":[3.0,3.625,3.75,3.875],"texture":"#0"},"east":{"uv":[1.5,7.5,1.5625,7.75],"texture":"#0"},"south":{"uv":[3.75,1.0,4.5,1.25],"texture":"#0"},"west":{"uv":[1.75,7.5,1.8125,7.75],"texture":"#0"},"up":{"uv":[7.5,5.3125,6.75,5.25],"texture":"#0"},"down":{"uv":[6.375,6.75,5.625,6.8125],"texture":"#0"}}},{"from":[2.0,0.0,7.0],"to":[14.0,1.99,10.0],"rotation":{"origin":[3.0,0.0,9.0],"axis":"y","angle":0.0},"faces":{"north":{"uv":[3.125,1.5,4.625,1.75],"texture":"#0"},"east":{"uv":[1.75,1.0,2.125,1.25],"texture":"#0"},"south":{"uv":[3.25,1.875,4.75,2.125],"texture":"#0"},"west":{"uv":[5.125,0.0,5.5,0.25],"texture":"#0"},"up":{"uv":[3.25,0.375,1.75,0.0],"texture":"#0"},"down":{"uv":[3.25,0.5,1.75,0.875],"texture":"#0"}}},{"from":[4.0,3.40171,3.48045],"to":[5.5,4.65171,6.23045],"rotation":{"origin":[4.75,4.02671,4.85545],"axis":"x","angle":22.5},"faces":{"north":{"uv":[7.375,2.25,7.5625,2.375],"texture":"#0"},"east":{"uv":[6.875,1.0,7.25,1.125],"texture":"#0"},"south":{"uv":[7.375,2.875,7.5625,3.0],"texture":"#0"},"west":{"uv":[6.875,1.25,7.25,1.375],"texture":"#0"},"up":{"uv":[2.9375,6.625,2.75,6.25],"texture":"#0"},"down":{"uv":[3.3125,6.25,3.125,6.625],"texture":"#0"}}},{"from":[3.5,3.90171,0.23045],"to":[6.0,6.15171,3.98045],"rotation":{"origin":[4.75,5.02671,2.60545],"axis":"x","angle":22.5},"faces":{"north":{"uv":[6.0,5.625,6.3125,5.875],"texture":"#0"},"east":{"uv":[1.625,5.0,2.125,5.25],"texture":"#0"},"south":{"uv":[6.0,6.0,6.3125,6.25],"texture":"#0"},"west":{"uv":[2.25,5.0,2.75,5.25],"texture":"#0"},"up":{"uv":[4.3125,3.5,4.0,3.0],"texture":"#0"},"down":{"uv":[3.5625,4.0,3.25,4.5],"texture":"#0"}}},{"from":[10.5,3.40171,3.48045],"to":[12.0,4.65171,6.23045],"rotation":{"origin":[11.25,4.02671,4.85545],"axis":"x","angle":22.5},"faces":{"north":{"uv":[2.0,7.375,2.1875,7.5],"texture":"#0"},"east":{"uv":[0.5,6.875,0.875,7.0],"texture":"#0"},"south":{"uv":[7.375,2.0,7.5625,2.125],"texture":"#0"},"west":{"uv":[1.0,6.875,1.375,7.0],"texture":"#0"},"up":{"uv":[2.1875,6.625,2.0,6.25],"texture":"#0"},"down":{"uv":[2.5625,6.25,2.375,6.625],"texture":"#0"}}},{"from":[10.0,3.90171,0.23045],"to":[12.5,6.15171,3.98045],"rotation":{"origin":[11.25,5.02671,2.60545],"axis":"x","angle":22.5},"faces":{"north":{"uv":[5.375,6.125,5.6875,6.375],"texture":"#0"},"east":{"uv":[5.0,2.875,5.5,3.125],"texture":"#0"},"south":{"uv":[1.5,6.25,1.8125,6.5],"texture":"#0"},"west":{"uv":[5.0,3.25,5.5,3.5],"texture":"#0"},"up":{"uv":[4.0625,4.5,3.75,4.0],"texture":"#0"},"down":{"uv":[0.3125,4.125,0.0,4.625],"texture":"#0"}}},{"from":[6.5,3.0,11.0],"to":[9.5,6.0,12.0],"rotation":{"origin":[6.0,3.0,11.0],"axis":"x","angle":22.5},"faces":{"north":{"uv":[4.125,0.0,4.5,0.375],"texture":"#0"},"east":{"uv":[4.375,6.375,4.5,6.75],"texture":"#0"},"south":{"uv":[0.5,4.25,0.875,4.625],"texture":"#0"},"west":{"uv":[6.5,6.75,6.625,7.125],"texture":"#0"},"up":{"uv":[7.125,6.875,6.75,6.75],"texture":"#0"},"down":{"uv":[0.375,6.875,0.0,7.0],"texture":"#0"}}},{"from":[5.0,0.0,2.5],"to":[11.0,2.0,12.5],"rotation":{"origin":[9.0,0.0,5.0],"axis":"y","angle":0.0},"faces":{"north":{"uv":[3.375,0.625,4.125,0.875],"texture":"#0"},"east":{"uv":[3.25,2.25,4.5,2.5],"texture":"#0"},"south":{"uv":[0.625,3.5,1.375,3.75],"texture":"#0"},"west":{"uv":[3.25,2.625,4.5,2.875],"texture":"#0"},"up":{"uv":[0.75,1.25,0.0,0.0],"texture":"#0"},"down":{"uv":[1.625,0.0,0.875,1.25],"texture":"#0"}}},{"from":[5.0,0.0,12.5],"to":[11.0,4.0,17.0],"rotation":{"origin":[9.0,0.0,11.0],"axis":"y","angle":0.0},"faces":{"north":{"uv":[2.25,1.5,3.0,2.0],"texture":"#0"},"east":{"uv":[3.375,0.0,3.9375,0.5],"texture":"#0"},"south":{"uv":[0.0,2.875,0.75,3.375],"texture":"#0"},"west":{"uv":[1.625,3.375,2.1875,3.875],"texture":"#0"},"up":{"uv":[0.75,2.6875,0.0,2.125],"texture":"#0"},"down":{"uv":[1.625,2.125,0.875,2.6875],"texture":"#0"}}},{"from":[5.05,0.29,2.05],"to":[10.95,2.29,4.05],"rotation":{"origin":[6.75,1.25,3.0],"axis":"x","angle":-22.5},"faces":{"north":{"uv":[0.625,3.875,1.375,4.125],"texture":"#0"},"east":{"uv":[3.5,6.25,3.75,6.5],"texture":"#0"},"south":{"uv":[3.875,3.625,4.625,3.875],"texture":"#0"},"west":{"uv":[6.25,3.75,6.5,4.0],"texture":"#0"},"up":{"uv":[2.25,4.25,1.5,4.0],"texture":"#0"},"down":{"uv":[3.125,4.0,2.375,4.25],"texture":"#0"}}},{"from":[6.25,2.0,1.5],"to":[9.75,3.0,4.9],"rotation":{"origin":[7.0,2.0,2.0],"axis":"y","angle":0.0},"faces":{"north":{"uv":[4.875,1.875,5.375,2.125],"texture":"#0"},"east":{"uv":[5.0,4.625,5.4375,4.875],"texture":"#0"},"south":{"uv":[1.0,5.0,1.5,5.25],"texture":"#0"},"west":{"uv":[5.0,5.0,5.4375,5.25],"texture":"#0"},"up":{"uv":[2.875,3.8125,2.375,3.375],"texture":"#0"},"down":{"uv":[0.5,3.5,0.0,3.9375],"texture":"#0"}}},{"from":[6.25,5.0,1.5],"to":[9.75,6.0,4.9],"rotation":{"origin":[7.0,5.0,2.0],"axis":"y","angle":0.0},"faces":{"north":{"uv":[8.125,0.0,8.42813,0.11562],"texture":"#0"},"east":{"uv":[8.125,0.0,8.42813,0.11563],"texture":"#0"},"south":{"uv":[8.125,0.0,8.42813,0.11563],"texture":"#0"},"west":{"uv":[8.125,0.0,8.42813,0.11563],"texture":"#0"},"up":{"uv":[8.11563,0.35,7.75,0.0],"texture":"#0"},"down":{"uv":[8.11563,0.0,7.8125,0.36563],"texture":"#0"}}},{"from":[5.75,2.75,1.0],"to":[10.25,5.75,5.0],"rotation":{"origin":[7.0,3.0,2.0],"axis":"y","angle":0.0},"faces":{"north":{"uv":[7.75,0.4375,8.5625,0.9375],"texture":"#0"},"east":{"uv":[5.0,4.625,5.4375,4.875],"texture":"#0"},"south":{"uv":[1.0,5.0,1.5,5.25],"texture":"#0"},"west":{"uv":[5.0,5.0,5.4375,5.25],"texture":"#0"},"up":{"uv":[2.875,3.8125,2.375,3.375],"texture":"#0"},"down":{"uv":[0.5,3.5,0.0,3.9375],"texture":"#0"}}},{"from":[7.0,6.0,2.0],"to":[8.9,6.8,3.9],"rotation":{"origin":[7.0,6.0,2.0],"axis":"y","angle":0.0},"faces":{"north":{"uv":[7.75625,0.0,8.11875,0.125],"texture":"#0"},"east":{"uv":[7.75,0.0,8.1125,0.1125],"texture":"#0"},"south":{"uv":[7.75,0.0,8.125,0.11875],"texture":"#0"},"west":{"uv":[7.75,0.0,8.11875,0.1125],"texture":"#0"},"up":{"uv":[8.12813,0.125,8.43438,0.375],"texture":"#0"},"down":{"uv":[8.13125,0.125,8.43125,0.36875],"texture":"#0"}}}],"textures":{"particle":"demofurniture:karts/vaati","0":"demofurniture:karts/vaati"}}