{"display":{"thirdperson_righthand":{"rotation":[0.0,-180.0,0.0]},"gui":{"rotation":[28.0,-36.0,0.0],"translation":[0.25,3.5,0.0],"scale":[1.3,1.3,1.3]},"head":{"translation":[0.0,-7.25,0.0],"scale":[3.0,3.0,3.0]},"fixed":{"rotation":[0.0,180.0,0.0],"translation":[0.0,6.75,2.0],"scale":[2.0,2.0,2.0]}},"elements":[{"from":[4.0,1.0,4.0],"to":[12.0,9.0,12.0],"rotation":{"origin":[4.0,1.0,4.0],"axis":"y","angle":0.0},"faces":{"north":{"uv":[0.0,0.0,4.0,4.0],"texture":"#1"},"east":{"uv":[0.0,4.0,4.0,8.0],"texture":"#1"},"south":{"uv":[4.0,0.0,8.0,4.0],"texture":"#1"},"west":{"uv":[4.0,4.0,8.0,8.0],"texture":"#1"},"up":{"uv":[4.0,12.0,0.0,8.0],"texture":"#1"},"down":{"uv":[12.0,0.0,8.0,4.0],"texture":"#1"}}},{"from":[4.0,0.0,6.0],"to":[7.0,1.0,10.0],"rotation":{"origin":[4.0,0.0,7.0],"axis":"y","angle":0.0},"faces":{"north":{"uv":[6.0,12.5,7.5,13.0],"texture":"#1"},"east":{"uv":[12.0,3.0,14.0,3.5],"texture":"#1"},"south":{"uv":[12.5,9.5,14.0,10.0],"texture":"#1"},"west":{"uv":[12.0,3.5,14.0,4.0],"texture":"#1"},"up":{"uv":[11.0,8.0,9.5,6.0],"texture":"#1"},"down":{"uv":[5.5,10.0,4.0,12.0],"texture":"#1"}}},{"from":[9.0,0.0,6.0],"to":[12.0,1.0,10.0],"rotation":{"origin":[9.0,0.0,7.0],"axis":"y","angle":0.0},"faces":{"north":{"uv":[12.5,10.0,14.0,10.5],"texture":"#1"},"east":{"uv":[6.0,12.0,8.0,12.5],"texture":"#1"},"south":{"uv":[12.5,10.5,14.0,11.0],"texture":"#1"},"west":{"uv":[12.0,8.0,14.0,8.5],"texture":"#1"},"up":{"uv":[7.0,12.0,5.5,10.0],"texture":"#1"},"down":{"uv":[8.5,10.0,7.0,12.0],"texture":"#1"}}},{"from":[3.0,1.0,6.0],"to":[4.0,4.0,10.0],"rotation":{"origin":[3.0,4.0,7.0],"axis":"y","angle":0.0},"faces":{"north":{"uv":[7.5,12.5,8.0,14.0],"texture":"#1"},"east":{"uv":[10.0,8.0,12.0,9.5],"texture":"#1"},"south":{"uv":[12.5,11.0,13.0,12.5],"texture":"#1"},"west":{"uv":[8.5,10.0,10.5,11.5],"texture":"#1"},"up":{"uv":[10.5,13.5,10.0,11.5],"texture":"#1"},"down":{"uv":[8.5,12.0,8.0,14.0],"texture":"#1"}}},{"from":[12.0,1.0,6.0],"to":[13.0,4.0,10.0],"rotation":{"origin":[12.0,4.0,7.0],"axis":"y","angle":0.0},"faces":{"north":{"uv":[12.5,12.5,13.0,14.0],"texture":"#1"},"east":{"uv":[10.5,9.5,12.5,11.0],"texture":"#1"},"south":{"uv":[2.0,13.0,2.5,14.5],"texture":"#1"},"west":{"uv":[11.0,6.0,13.0,7.5],"texture":"#1"},"up":{"uv":[12.5,13.0,12.0,11.0],"texture":"#1"},"down":{"uv":[2.0,12.5,1.5,14.5],"texture":"#1"}}},{"from":[3.5,5.0,8.5],"to":[12.5,6.0,12.5],"rotation":{"origin":[5.0,4.0,12.0],"axis":"y","angle":0.0},"faces":{"north":{"uv":[11.0,7.5,15.5,8.0],"texture":"#1"},"east":{"uv":[12.0,8.5,14.0,9.0],"texture":"#1"},"south":{"uv":[1.5,12.0,6.0,12.5],"texture":"#1"},"west":{"uv":[12.0,9.0,14.0,9.5],"texture":"#1"},"up":{"uv":[8.5,10.0,4.0,8.0],"texture":"#1"},"down":{"uv":[12.5,4.0,8.0,6.0],"texture":"#1"}}},{"from":[4.5,4.0,8.5],"to":[7.5,5.0,12.5],"rotation":{"origin":[4.0,3.0,12.0],"axis":"y","angle":0.0},"faces":{"north":{"uv":[12.5,5.0,14.0,5.5],"texture":"#1"},"east":{"uv":[12.0,2.0,14.0,2.5],"texture":"#1"},"south":{"uv":[12.5,5.5,14.0,6.0],"texture":"#1"},"west":{"uv":[12.0,2.5,14.0,3.0],"texture":"#1"},"up":{"uv":[9.5,8.0,8.0,6.0],"texture":"#1"},"down":{"uv":[10.0,8.0,8.5,10.0],"texture":"#1"}}},{"from":[8.5,4.0,8.5],"to":[11.5,5.0,12.5],"rotation":{"origin":[8.0,3.0,12.0],"axis":"y","angle":0.0},"faces":{"north":{"uv":[5.5,13.0,7.0,13.5],"texture":"#1"},"east":{"uv":[12.5,4.0,14.5,4.5],"texture":"#1"},"south":{"uv":[13.0,6.0,14.5,6.5],"texture":"#1"},"west":{"uv":[12.5,4.5,14.5,5.0],"texture":"#1"},"up":{"uv":[1.5,14.0,0.0,12.0],"texture":"#1"},"down":{"uv":[13.5,0.0,12.0,2.0],"texture":"#1"}}}],"textures":{"1":"demofurniture:cactous"}}