{"display":{"thirdperson_righthand":{"rotation":[47.0,0.0,0.0],"translation":[0.0,6.0,5.25]},"firstperson_lefthand":{"translation":[-21.5,7.5,0.0]},"gui":{"rotation":[0.0,180.0,0.0],"translation":[0.0,12.0,0.0],"scale":[2.5,2.5,2.5]},"head":{"rotation":[0.0,180.0,0.0],"translation":[0.0,0.75,0.0],"scale":[4.0,4.0,4.0]}},"elements":[{"from":[7.33,0.0,6.0],"to":[8.66,3.325,6.665],"faces":{"north":{"uv":[0.0,0.0,1.0,2.5],"texture":"#1"},"east":{"uv":[4.0,0.0,4.5,2.5],"texture":"#1"},"south":{"uv":[1.0,0.0,2.0,2.5],"texture":"#1"},"west":{"uv":[2.0,4.0,2.5,6.5],"texture":"#1"},"up":{"uv":[8.5,8.0,7.5,7.5],"texture":"#1"},"down":{"uv":[1.0,8.0,0.0,8.5],"texture":"#1"}}},{"from":[7.33,0.665,5.668],"to":[8.66,1.995,6.333],"faces":{"north":{"uv":[2.5,4.0,3.5,5.0],"texture":"#1"},"east":{"uv":[8.0,0.0,8.5,1.0],"texture":"#1"},"south":{"uv":[4.0,2.5,5.0,3.5],"texture":"#1"},"west":{"uv":[1.0,8.0,1.5,9.0],"texture":"#1"},"up":{"uv":[9.0,1.5,8.0,1.0],"texture":"#1"},"down":{"uv":[2.5,8.0,1.5,8.5],"texture":"#1"}}},{"from":[6.0,0.0,6.0],"to":[6.665,2.66,6.665],"faces":{"north":{"uv":[3.5,4.0,4.0,6.0],"texture":"#1"},"east":{"uv":[4.0,3.5,4.5,5.5],"texture":"#1"},"south":{"uv":[0.0,4.5,0.5,6.5],"texture":"#1"},"west":{"uv":[4.5,0.0,5.0,2.0],"texture":"#1"},"up":{"uv":[5.0,2.5,4.5,2.0],"texture":"#1"},"down":{"uv":[8.5,5.5,8.0,6.0],"texture":"#1"}}},{"from":[6.0,0.0,9.325],"to":[6.665,2.66,9.99],"faces":{"north":{"uv":[0.5,4.5,1.0,6.5],"texture":"#1"},"east":{"uv":[1.0,4.5,1.5,6.5],"texture":"#1"},"south":{"uv":[1.5,4.5,2.0,6.5],"texture":"#1"},"west":{"uv":[4.5,3.5,5.0,5.5],"texture":"#1"},"up":{"uv":[8.5,6.5,8.0,6.0],"texture":"#1"},"down":{"uv":[8.5,6.5,8.0,7.0],"texture":"#1"}}},{"from":[7.33,0.0,9.325],"to":[8.66,2.66,9.99],"faces":{"north":{"uv":[2.0,0.0,3.0,2.0],"texture":"#1"},"east":{"uv":[5.0,0.0,5.5,2.0],"texture":"#1"},"south":{"uv":[2.0,2.0,3.0,4.0],"texture":"#1"},"west":{"uv":[5.0,2.0,5.5,4.0],"texture":"#1"},"up":{"uv":[9.0,2.0,8.0,1.5],"texture":"#1"},"down":{"uv":[9.0,2.0,8.0,2.5],"texture":"#1"}}},{"from":[6.0,0.0,7.33],"to":[6.665,2.66,8.66],"faces":{"north":{"uv":[2.5,5.0,3.0,7.0],"texture":"#1"},"east":{"uv":[0.0,2.5,1.0,4.5],"texture":"#1"},"south":{"uv":[3.0,5.0,3.5,7.0],"texture":"#1"},"west":{"uv":[1.0,2.5,2.0,4.5],"texture":"#1"},"up":{"uv":[8.5,3.5,8.0,2.5],"texture":"#1"},"down":{"uv":[4.0,8.0,3.5,9.0],"texture":"#1"}}},{"from":[9.325,0.0,6.0],"to":[9.99,2.66,6.665],"faces":{"north":{"uv":[5.0,4.0,5.5,6.0],"texture":"#1"},"east":{"uv":[5.5,0.0,6.0,2.0],"texture":"#1"},"south":{"uv":[5.5,2.0,6.0,4.0],"texture":"#1"},"west":{"uv":[4.0,5.5,4.5,7.5],"texture":"#1"},"up":{"uv":[8.5,7.5,8.0,7.0],"texture":"#1"},"down":{"uv":[8.0,8.0,7.5,8.5],"texture":"#1"}}},{"from":[8.66,0.0,6.0],"to":[9.325,1.995,6.665],"faces":{"north":{"uv":[5.0,6.0,5.5,7.5],"texture":"#1"},"east":{"uv":[5.5,6.0,6.0,7.5],"texture":"#1"},"south":{"uv":[6.0,6.0,6.5,7.5],"texture":"#1"},"west":{"uv":[0.0,6.5,0.5,8.0],"texture":"#1"},"up":{"uv":[8.5,8.5,8.0,8.0],"texture":"#1"},"down":{"uv":[0.5,8.5,0.0,9.0],"texture":"#1"}}},{"from":[6.665,0.0,6.0],"to":[7.33,1.995,6.665],"faces":{"north":{"uv":[6.5,0.0,7.0,1.5],"texture":"#1"},"east":{"uv":[0.5,6.5,1.0,8.0],"texture":"#1"},"south":{"uv":[1.0,6.5,1.5,8.0],"texture":"#1"},"west":{"uv":[1.5,6.5,2.0,8.0],"texture":"#1"},"up":{"uv":[9.0,0.5,8.5,0.0],"texture":"#1"},"down":{"uv":[1.0,8.5,0.5,9.0],"texture":"#1"}}},{"from":[8.66,0.0,9.325],"to":[9.325,1.995,9.99],"faces":{"north":{"uv":[6.5,1.5,7.0,3.0],"texture":"#1"},"east":{"uv":[2.0,6.5,2.5,8.0],"texture":"#1"},"south":{"uv":[6.5,3.0,7.0,4.5],"texture":"#1"},"west":{"uv":[6.5,4.5,7.0,6.0],"texture":"#1"},"up":{"uv":[9.0,1.0,8.5,0.5],"texture":"#1"},"down":{"uv":[2.0,8.5,1.5,9.0],"texture":"#1"}}},{"from":[6.665,0.0,9.325],"to":[7.33,1.995,9.99],"faces":{"north":{"uv":[6.5,6.0,7.0,7.5],"texture":"#1"},"east":{"uv":[7.0,0.0,7.5,1.5],"texture":"#1"},"south":{"uv":[7.0,1.5,7.5,3.0],"texture":"#1"},"west":{"uv":[2.5,7.0,3.0,8.5],"texture":"#1"},"up":{"uv":[2.5,9.0,2.0,8.5],"texture":"#1"},"down":{"uv":[3.0,8.5,2.5,9.0],"texture":"#1"}}},{"from":[6.0,0.0,6.665],"to":[6.665,1.995,7.33],"faces":{"north":{"uv":[3.0,7.0,3.5,8.5],"texture":"#1"},"east":{"uv":[7.0,3.0,7.5,4.5],"texture":"#1"},"south":{"uv":[7.0,4.5,7.5,6.0],"texture":"#1"},"west":{"uv":[7.0,6.0,7.5,7.5],"texture":"#1"},"up":{"uv":[9.0,3.0,8.5,2.5],"texture":"#1"},"down":{"uv":[3.5,8.5,3.0,9.0],"texture":"#1"}}},{"from":[6.0,0.0,8.66],"to":[6.665,1.995,9.325],"faces":{"north":{"uv":[7.5,0.0,8.0,1.5],"texture":"#1"},"east":{"uv":[7.5,1.5,8.0,3.0],"texture":"#1"},"south":{"uv":[7.5,3.0,8.0,4.5],"texture":"#1"},"west":{"uv":[4.0,7.5,4.5,9.0],"texture":"#1"},"up":{"uv":[9.0,3.5,8.5,3.0],"texture":"#1"},"down":{"uv":[9.0,3.5,8.5,4.0],"texture":"#1"}}},{"from":[9.325,0.0,9.325],"to":[9.99,2.66,9.99],"faces":{"north":{"uv":[5.5,4.0,6.0,6.0],"texture":"#1"},"east":{"uv":[4.5,5.5,5.0,7.5],"texture":"#1"},"south":{"uv":[6.0,0.0,6.5,2.0],"texture":"#1"},"west":{"uv":[6.0,2.0,6.5,4.0],"texture":"#1"},"up":{"uv":[9.0,4.5,8.5,4.0],"texture":"#1"},"down":{"uv":[9.0,4.5,8.5,5.0],"texture":"#1"}}},{"from":[9.325,0.0,8.66],"to":[9.99,1.995,9.325],"faces":{"north":{"uv":[4.5,7.5,5.0,9.0],"texture":"#1"},"east":{"uv":[7.5,4.5,8.0,6.0],"texture":"#1"},"south":{"uv":[5.0,7.5,5.5,9.0],"texture":"#1"},"west":{"uv":[5.5,7.5,6.0,9.0],"texture":"#1"},"up":{"uv":[9.0,5.5,8.5,5.0],"texture":"#1"},"down":{"uv":[9.0,5.5,8.5,6.0],"texture":"#1"}}},{"from":[9.325,0.0,7.33],"to":[9.99,2.66,8.66],"faces":{"north":{"uv":[3.5,6.0,4.0,8.0],"texture":"#1"},"east":{"uv":[3.0,0.0,4.0,2.0],"texture":"#1"},"south":{"uv":[6.0,4.0,6.5,6.0],"texture":"#1"},"west":{"uv":[3.0,2.0,4.0,4.0],"texture":"#1"},"up":{"uv":[8.5,4.5,8.0,3.5],"texture":"#1"},"down":{"uv":[8.5,4.5,8.0,5.5],"texture":"#1"}}},{"from":[9.325,0.0,6.665],"to":[9.99,1.995,7.33],"faces":{"north":{"uv":[6.0,7.5,6.5,9.0],"texture":"#1"},"east":{"uv":[7.5,6.0,8.0,7.5],"texture":"#1"},"south":{"uv":[6.5,7.5,7.0,9.0],"texture":"#1"},"west":{"uv":[7.0,7.5,7.5,9.0],"texture":"#1"},"up":{"uv":[9.0,6.5,8.5,6.0],"texture":"#1"},"down":{"uv":[9.0,6.5,8.5,7.0],"texture":"#1"}}}],"textures":{"1":"demofurniture:crown"}}