{"display":{"thirdperson_righthand":{"translation":[0.0,1.75,0.0]},"head":{"translation":[0.0,5.0,0.0],"scale":[3.0,3.0,3.0]}},"elements":[{"from":[4.0,0.0,4.0],"to":[12.0,8.0,12.0],"rotation":{"origin":[4.0,0.0,4.0],"axis":"y","angle":0.0},"faces":{"north":{"uv":[0.0,0.0,8.0,8.0],"texture":"#0"},"east":{"uv":[0.0,0.0,8.0,8.0],"texture":"#0"},"south":{"uv":[0.0,0.0,8.0,8.0],"texture":"#0"},"west":{"uv":[0.0,0.0,8.0,8.0],"texture":"#0"},"up":{"uv":[8.0,8.0,16.0,16.0],"texture":"#0"},"down":{"uv":[8.0,8.0,16.0,16.0],"texture":"#0"}}},{"from":[12.2,8.2,12.2],"to":[3.8,-0.2,3.8],"rotation":{"origin":[59.0,37.0,72.0],"axis":"y","angle":0.0},"faces":{"north":{"uv":[8.0,8.0,9.0,9.0],"texture":"#0"},"east":{"uv":[8.0,8.0,9.0,9.0],"texture":"#0"},"south":{"uv":[8.0,8.0,9.0,9.0],"texture":"#0"},"west":{"uv":[8.0,8.0,9.0,9.0],"texture":"#0"},"up":{"uv":[8.0,8.0,9.0,9.0],"texture":"#0"},"down":{"uv":[8.0,8.0,9.0,9.0],"texture":"#0"}}}],"textures":{"particle":"demofurniture:cube","0":"demofurniture:cube"}}