{"display":{"head":{"translation":[0.0,-19.0,0.0],"scale":[3.0,3.0,3.0]}},"elements":[{"from":[4.0,6.0,7.0],"to":[6.0,12.0,9.0],"rotation":{"origin":[4.0,6.0,7.0],"axis":"y","angle":0.0},"faces":{"north":{"uv":[9.0,13.0,10.0,16.0],"texture":"#0"},"east":{"uv":[8.0,13.0,9.0,16.0],"texture":"#0"},"south":{"uv":[11.0,13.0,12.0,16.0],"texture":"#0"},"west":{"uv":[10.0,13.0,11.0,16.0],"texture":"#0"},"up":{"uv":[9.0,12.0,10.0,13.0],"texture":"#0"},"down":{"uv":[10.0,12.0,11.0,13.0],"texture":"#0"}}},{"from":[10.0,6.0,7.0],"to":[12.0,12.0,9.0],"rotation":{"origin":[10.0,6.0,7.0],"axis":"y","angle":0.0},"faces":{"north":{"uv":[11.0,5.0,12.0,8.0],"texture":"#0"},"east":{"uv":[10.0,5.0,11.0,8.0],"texture":"#0"},"south":{"uv":[13.0,5.0,14.0,8.0],"texture":"#0"},"west":{"uv":[12.0,5.0,13.0,8.0],"texture":"#0"},"up":{"uv":[11.0,4.0,12.0,5.0],"texture":"#0"},"down":{"uv":[12.0,4.0,13.0,5.0],"texture":"#0"}}},{"from":[9.9,6.0,6.9],"to":[12.1,12.2,9.1],"rotation":{"origin":[10.0,6.0,7.0],"axis":"y","angle":0.0},"faces":{"north":{"uv":[11.0,9.0,12.0,12.0],"texture":"#0"},"east":{"uv":[10.0,9.0,11.0,12.0],"texture":"#0"},"south":{"uv":[13.0,9.0,14.0,12.0],"texture":"#0"},"west":{"uv":[12.0,9.0,13.0,12.0],"texture":"#0"},"up":{"uv":[11.0,8.0,12.0,9.0],"texture":"#0"},"down":{"uv":[12.0,8.0,13.0,9.0],"texture":"#0"}}},{"from":[3.9,6.0,6.9],"to":[6.1,12.2,9.1],"rotation":{"origin":[4.0,6.0,7.0],"axis":"y","angle":0.0},"faces":{"north":{"uv":[13.0,13.0,14.0,16.0],"texture":"#0"},"east":{"uv":[12.0,13.0,13.0,16.0],"texture":"#0"},"south":{"uv":[15.0,13.0,16.0,16.0],"texture":"#0"},"west":{"uv":[14.0,13.0,15.0,16.0],"texture":"#0"},"up":{"uv":[13.0,12.0,14.0,13.0],"texture":"#0"},"down":{"uv":[14.0,12.0,15.0,13.0],"texture":"#0"}}},{"from":[6.0,6.0,7.0],"to":[10.0,12.0,9.0],"rotation":{"origin":[6.0,6.0,7.0],"axis":"y","angle":0.0},"faces":{"north":{"uv":[5.0,5.0,7.0,8.0],"texture":"#0"},"east":{"uv":[4.0,5.0,5.0,8.0],"texture":"#0"},"south":{"uv":[7.0,5.0,9.0,8.0],"texture":"#0"},"west":{"uv":[9.0,5.0,10.0,8.0],"texture":"#0"},"up":{"uv":[5.0,4.0,7.0,5.0],"texture":"#0"},"down":{"uv":[7.0,4.0,9.0,5.0],"texture":"#0"}}},{"from":[5.9,6.0,6.9],"to":[10.1,12.2,9.1],"rotation":{"origin":[6.0,6.0,7.0],"axis":"y","angle":0.0},"faces":{"north":{"uv":[5.0,9.0,7.0,12.0],"texture":"#0"},"east":{"uv":[4.0,9.0,5.0,12.0],"texture":"#0"},"south":{"uv":[7.0,9.0,9.0,12.0],"texture":"#0"},"west":{"uv":[9.0,9.0,10.0,12.0],"texture":"#0"},"up":{"uv":[5.0,8.0,7.0,9.0],"texture":"#0"},"down":{"uv":[7.0,8.0,9.0,9.0],"texture":"#0"}}},{"from":[8.0,0.0,7.0],"to":[10.0,6.0,9.0],"rotation":{"origin":[8.0,0.0,7.0],"axis":"y","angle":0.0},"faces":{"north":{"uv":[5.0,13.0,6.0,16.0],"texture":"#0"},"east":{"uv":[4.0,13.0,5.0,16.0],"texture":"#0"},"south":{"uv":[7.0,13.0,8.0,16.0],"texture":"#0"},"west":{"uv":[6.0,13.0,7.0,16.0],"texture":"#0"},"up":{"uv":[5.0,12.0,6.0,13.0],"texture":"#0"},"down":{"uv":[6.0,12.0,7.0,13.0],"texture":"#0"}}},{"from":[7.9,0.0,6.9],"to":[10.1,6.2,9.1],"rotation":{"origin":[8.0,0.0,7.0],"axis":"y","angle":0.0},"faces":{"north":{"uv":[1.0,9.0,2.0,12.0],"texture":"#0"},"east":{"uv":[0.0,9.0,1.0,12.0],"texture":"#0"},"south":{"uv":[3.0,9.0,4.0,12.0],"texture":"#0"},"west":{"uv":[2.0,9.0,3.0,12.0],"texture":"#0"},"up":{"uv":[1.0,8.0,2.0,9.0],"texture":"#0"},"down":{"uv":[2.0,8.0,3.0,9.0],"texture":"#0"}}},{"from":[5.9,0.0,6.9],"to":[8.1,6.2,9.1],"rotation":{"origin":[6.0,0.0,7.0],"axis":"y","angle":0.0},"faces":{"north":{"uv":[1.0,13.0,2.0,16.0],"texture":"#0"},"east":{"uv":[0.0,13.0,1.0,16.0],"texture":"#0"},"south":{"uv":[3.0,13.0,4.0,16.0],"texture":"#0"},"west":{"uv":[2.0,13.0,3.0,16.0],"texture":"#0"},"up":{"uv":[1.0,12.0,2.0,13.0],"texture":"#0"},"down":{"uv":[2.0,12.0,3.0,13.0],"texture":"#0"}}},{"from":[6.0,0.0,7.0],"to":[8.0,6.0,9.0],"rotation":{"origin":[6.0,0.0,7.0],"axis":"y","angle":0.0},"faces":{"north":{"uv":[1.0,5.0,2.0,8.0],"texture":"#0"},"east":{"uv":[0.0,5.0,1.0,8.0],"texture":"#0"},"south":{"uv":[3.0,5.0,4.0,8.0],"texture":"#0"},"west":{"uv":[2.0,5.0,3.0,8.0],"texture":"#0"},"up":{"uv":[1.0,4.0,2.0,5.0],"texture":"#0"},"down":{"uv":[2.0,4.0,3.0,5.0],"texture":"#0"}}},{"from":[6.0,12.0,6.0],"to":[10.0,16.0,10.0],"rotation":{"origin":[6.0,12.0,6.0],"axis":"y","angle":0.0},"faces":{"north":{"uv":[2.0,2.0,4.0,4.0],"texture":"#0"},"east":{"uv":[0.0,2.0,2.0,4.0],"texture":"#0"},"south":{"uv":[6.0,2.0,8.0,4.0],"texture":"#0"},"west":{"uv":[4.0,2.0,6.0,4.0],"texture":"#0"},"up":{"uv":[2.0,0.0,4.0,2.0],"texture":"#0"},"down":{"uv":[4.0,0.0,6.0,2.0],"texture":"#0"}}},{"from":[5.9,12.0,5.9],"to":[10.1,16.2,10.1],"rotation":{"origin":[6.0,12.0,5.0],"axis":"y","angle":0.0},"faces":{"north":{"uv":[10.0,2.0,12.0,4.0],"texture":"#0"},"east":{"uv":[8.0,2.0,10.0,4.0],"texture":"#0"},"south":{"uv":[14.0,2.0,16.0,4.0],"texture":"#0"},"west":{"uv":[12.0,2.0,14.0,4.0],"texture":"#0"},"up":{"uv":[10.0,0.0,12.0,2.0],"texture":"#0"},"down":{"uv":[12.0,0.0,14.0,2.0],"texture":"#0"}}}],"textures":{"particle":"demofurniture:vaati_demo","0":"demofurniture:vaati_demo"}}