{"display":{"thirdperson_righthand":{"rotation":[75.0,10.0,50.0]},"thirdperson_lefthand":{"rotation":[75.0,10.0,45.0]},"gui":{"rotation":[-33.0,164.0,31.0],"translation":[-2.5,-2.75,0.0],"scale":[0.9,0.9,0.9]},"head":{"rotation":[27.0,-17.0,27.0],"translation":[0.0,-6.25,-1.0],"scale":[3.0,3.0,3.0]}},"elements":[{"from":[6.0,10.0,6.5],"to":[9.0,22.0,7.5],"rotation":{"origin":[6.0,8.0,6.0],"axis":"y","angle":0.0},"faces":{"north":{"uv":[2.25,0.0,3.0,3.0],"texture":"#0"},"east":{"uv":[2.25,3.75,2.5,6.75],"texture":"#0"},"south":{"uv":[0.0,3.0,0.75,6.0],"texture":"#0"},"west":{"uv":[4.75,4.5,5.0,7.5],"texture":"#0"},"up":{"uv":[7.0,1.75,6.25,1.5],"texture":"#0"},"down":{"uv":[7.25,5.0,6.5,5.25],"texture":"#0"}}},{"from":[6.0,6.0,6.5],"to":[9.0,10.0,7.5],"rotation":{"origin":[6.0,5.0,6.0],"axis":"y","angle":0.0},"faces":{"north":{"uv":[2.25,0.0,3.0,1.0],"texture":"#0"},"east":{"uv":[2.25,3.75,2.5,4.75],"texture":"#0"},"south":{"uv":[0.0,3.0,0.75,4.0],"texture":"#0"},"west":{"uv":[4.75,4.5,5.0,5.5],"texture":"#0"},"up":{"uv":[7.0,1.75,6.25,1.5],"texture":"#0"},"down":{"uv":[7.25,5.0,6.5,5.25],"texture":"#0"}}},{"from":[6.3,20.8,5.5],"to":[9.3,25.8,8.5],"rotation":{"origin":[6.0,21.0,6.0],"axis":"z","angle":22.5},"faces":{"north":{"uv":[4.0,1.75,4.75,3.0],"texture":"#0"},"east":{"uv":[4.0,3.0,4.75,4.25],"texture":"#0"},"south":{"uv":[4.0,4.25,4.75,5.5],"texture":"#0"},"west":{"uv":[4.75,1.75,5.5,3.0],"texture":"#0"},"up":{"uv":[6.25,6.5,5.5,5.75],"texture":"#0"},"down":{"uv":[0.75,6.0,0.0,6.75],"texture":"#0"}}},{"from":[8.5,4.0,6.0],"to":[8.6,22.0,7.0],"rotation":{"origin":[11.0,4.0,5.0],"axis":"y","angle":0.0},"faces":{"north":{"uv":[3.0,0.75,3.25,5.25],"texture":"#0"},"east":{"uv":[2.5,3.0,2.75,7.5],"texture":"#0"},"south":{"uv":[2.75,3.0,3.0,7.5],"texture":"#0"},"west":{"uv":[3.25,0.75,3.5,5.25],"texture":"#0"},"up":{"uv":[7.0,6.0,6.75,5.75],"texture":"#0"},"down":{"uv":[7.0,6.0,6.75,6.25],"texture":"#0"}}},{"from":[13.5,23.9,7.0],"to":[14.5,28.9,7.1],"rotation":{"origin":[16.0,12.0,9.0],"axis":"z","angle":22.5},"faces":{"north":{"uv":[0.75,8.5,1.0,9.75],"texture":"#0"},"east":{"uv":[0.5,8.5,0.75,9.75],"texture":"#0"},"south":{"uv":[0.0,10.75,0.25,12.0],"texture":"#0"},"west":{"uv":[0.25,10.75,0.5,12.0],"texture":"#0"},"up":{"uv":[7.0,6.0,6.75,5.75],"texture":"#0","rotation":90},"down":{"uv":[7.0,6.0,6.75,6.25],"texture":"#0","rotation":270}}},{"from":[7.5,4.0,6.0],"to":[7.6,22.0,7.0],"rotation":{"origin":[9.0,4.0,5.0],"axis":"y","angle":0.0},"faces":{"north":{"uv":[3.5,0.75,3.75,5.25],"texture":"#0"},"east":{"uv":[0.75,3.75,1.0,8.25],"texture":"#0"},"south":{"uv":[3.75,0.75,4.0,5.25],"texture":"#0"},"west":{"uv":[1.0,3.75,1.25,8.25],"texture":"#0"},"up":{"uv":[6.5,7.0,6.25,6.75],"texture":"#0"},"down":{"uv":[7.0,6.25,6.75,6.5],"texture":"#0"}}},{"from":[6.5,4.0,6.0],"to":[6.6,22.0,7.0],"rotation":{"origin":[7.0,4.0,5.0],"axis":"y","angle":0.0},"faces":{"north":{"uv":[1.25,3.75,1.5,8.25],"texture":"#0"},"east":{"uv":[1.5,3.75,1.75,8.25],"texture":"#0"},"south":{"uv":[1.75,3.75,2.0,8.25],"texture":"#0"},"west":{"uv":[2.0,3.75,2.25,8.25],"texture":"#0"},"up":{"uv":[6.75,7.0,6.5,6.75],"texture":"#0"},"down":{"uv":[7.0,6.5,6.75,6.75],"texture":"#0"}}},{"from":[6.0,2.0,6.0],"to":[9.0,4.0,7.0],"rotation":{"origin":[7.0,2.0,6.0],"axis":"y","angle":0.0},"faces":{"north":{"uv":[6.0,2.0,6.75,2.5],"texture":"#0"},"east":{"uv":[4.5,5.5,4.75,6.0],"texture":"#0"},"south":{"uv":[6.0,2.5,6.75,3.0],"texture":"#0"},"west":{"uv":[4.5,6.0,4.75,6.5],"texture":"#0"},"up":{"uv":[0.75,7.0,0.0,6.75],"texture":"#0"},"down":{"uv":[7.5,0.75,6.75,1.0],"texture":"#0"}}},{"from":[4.0,7.0,7.0],"to":[11.0,10.0,9.0],"rotation":{"origin":[4.0,1.0,7.0],"axis":"y","angle":0.0},"faces":{"north":{"uv":[3.0,0.0,4.75,0.75],"texture":"#0"},"east":{"uv":[6.0,4.5,6.5,5.25],"texture":"#0"},"south":{"uv":[0.75,3.0,2.5,3.75],"texture":"#0"},"west":{"uv":[5.0,6.0,5.5,6.75],"texture":"#0"},"up":{"uv":[6.5,0.5,4.75,0.0],"texture":"#0"},"down":{"uv":[6.5,3.0,4.75,3.5],"texture":"#0"}}},{"from":[4.0,0.0,7.0],"to":[11.0,1.0,9.0],"rotation":{"origin":[4.0,1.0,7.0],"axis":"y","angle":0.0},"faces":{"north":{"uv":[4.75,0.5,6.5,0.75],"texture":"#0"},"east":{"uv":[6.75,1.0,7.25,1.25],"texture":"#0"},"south":{"uv":[6.0,1.75,7.75,2.0],"texture":"#0"},"west":{"uv":[6.75,1.25,7.25,1.5],"texture":"#0"},"up":{"uv":[6.5,4.0,4.75,3.5],"texture":"#0"},"down":{"uv":[6.5,4.0,4.75,4.5],"texture":"#0"}}},{"from":[3.0,8.0,7.1],"to":[5.0,11.0,8.9],"rotation":{"origin":[3.0,9.0,7.0],"axis":"y","angle":0.0},"faces":{"north":{"uv":[6.25,0.75,6.75,1.5],"texture":"#0"},"east":{"uv":[6.25,5.25,6.75,6.0],"texture":"#0"},"south":{"uv":[6.25,6.0,6.75,6.75],"texture":"#0"},"west":{"uv":[6.5,0.0,7.0,0.75],"texture":"#0"},"up":{"uv":[7.0,3.5,6.5,3.0],"texture":"#0"},"down":{"uv":[4.0,6.5,3.5,7.0],"texture":"#0"}}},{"from":[3.0,1.0,7.0],"to":[12.0,7.0,9.0],"rotation":{"origin":[4.0,1.0,7.0],"axis":"y","angle":0.0},"faces":{"north":{"uv":[0.0,0.0,2.25,1.5],"texture":"#0"},"east":{"uv":[5.0,4.5,5.5,6.0],"texture":"#0"},"south":{"uv":[0.0,1.5,2.25,3.0],"texture":"#0"},"west":{"uv":[3.0,5.25,3.5,6.75],"texture":"#0"},"up":{"uv":[6.25,1.25,4.0,0.75],"texture":"#0"},"down":{"uv":[6.25,1.25,4.0,1.75],"texture":"#0"}}},{"from":[12.0,10.0,7.1],"to":[13.0,12.0,8.9],"rotation":{"origin":[11.0,10.0,7.0],"axis":"y","angle":0.0},"faces":{"north":{"uv":[6.0,5.25,6.25,5.75],"texture":"#0"},"east":{"uv":[6.5,3.5,7.0,4.0],"texture":"#0"},"south":{"uv":[4.5,6.5,4.75,7.0],"texture":"#0"},"west":{"uv":[6.5,4.0,7.0,4.5],"texture":"#0"},"up":{"uv":[6.25,7.0,6.0,6.5],"texture":"#0"},"down":{"uv":[7.0,2.0,6.75,2.5],"texture":"#0"}}},{"from":[10.0,8.0,7.1],"to":[12.0,13.0,8.9],"rotation":{"origin":[10.0,10.0,7.0],"axis":"y","angle":0.0},"faces":{"north":{"uv":[3.5,5.25,4.0,6.5],"texture":"#0"},"east":{"uv":[5.5,1.75,6.0,3.0],"texture":"#0"},"south":{"uv":[4.0,5.5,4.5,6.75],"texture":"#0"},"west":{"uv":[5.5,4.5,6.0,5.75],"texture":"#0"},"up":{"uv":[7.0,5.0,6.5,4.5],"texture":"#0"},"down":{"uv":[6.0,6.5,5.5,7.0],"texture":"#0"}}},{"from":[10.0,13.0,7.1],"to":[11.0,14.0,8.9],"rotation":{"origin":[10.0,11.0,7.0],"axis":"y","angle":0.0},"faces":{"north":{"uv":[6.75,6.75,7.0,7.0],"texture":"#0"},"east":{"uv":[6.75,2.5,7.25,2.75],"texture":"#0"},"south":{"uv":[0.0,7.0,0.25,7.25],"texture":"#0"},"west":{"uv":[6.75,2.75,7.25,3.0],"texture":"#0"},"up":{"uv":[2.5,7.25,2.25,6.75],"texture":"#0"},"down":{"uv":[3.25,6.75,3.0,7.25],"texture":"#0"}}},{"from":[3.0,11.0,7.1],"to":[4.0,12.0,8.9],"rotation":{"origin":[3.0,9.0,7.0],"axis":"y","angle":0.0},"faces":{"north":{"uv":[7.0,0.0,7.25,0.25],"texture":"#0"},"east":{"uv":[4.0,6.75,4.5,7.0],"texture":"#0"},"south":{"uv":[0.25,7.0,0.5,7.25],"texture":"#0"},"west":{"uv":[5.0,6.75,5.5,7.0],"texture":"#0"},"up":{"uv":[3.5,7.25,3.25,6.75],"texture":"#0"},"down":{"uv":[7.0,5.25,6.75,5.75],"texture":"#0"}}}],"textures":{"particle":"demofurniture:club/electar","0":"demofurniture:club/electar"}}