{"display":{"thirdperson_righthand":{"rotation":[-22.0,-22.0,-180.0],"translation":[-6.0,-12.5,8.75]},"thirdperson_lefthand":{"rotation":[-22.0,-22.0,180.0],"translation":[-6.0,-12.5,8.75]},"gui":{"rotation":[91.0,170.0,4.0],"translation":[0.75,0.0,0.0],"scale":[0.9,0.9,0.9]},"head":{"translation":[0.0,-27.5,0.0],"scale":[2.0,2.0,2.0]},"fixed":{"rotation":[-90.0,21.0,0.0],"translation":[0.0,0.0,-8.0]}},"elements":[{"from":[-6.0,0.0,2.0],"to":[21.0,3.0,14.0],"rotation":{"origin":[-6.0,0.0,2.0],"axis":"y","angle":0.0},"faces":{"north":{"uv":[0.0,6.0,13.5,7.5],"texture":"#0"},"east":{"uv":[0.0,9.0,6.0,10.5],"texture":"#0"},"south":{"uv":[0.0,7.5,13.5,9.0],"texture":"#0"},"west":{"uv":[0.0,9.0,6.0,10.5],"texture":"#0"},"up":{"uv":[0.0,0.0,13.5,6.0],"texture":"#0"},"down":{"uv":[0.0,0.0,13.5,6.0],"texture":"#0"}}},{"from":[15.3,1.2,1.8],"to":[17.9,3.2,9.8],"rotation":{"origin":[16.0,1.0,2.0],"axis":"y","angle":0.0},"faces":{"north":{"uv":[13.5,2.5,14.5,3.5],"texture":"#0"},"east":{"uv":[14.5,0.0,15.0,4.0],"texture":"#0"},"south":{"uv":[13.5,0.0,14.5,1.0],"texture":"#0"},"west":{"uv":[14.5,0.0,15.0,4.0],"texture":"#0"},"up":{"uv":[13.5,1.0,14.5,4.0],"texture":"#0"},"down":{"uv":[13.5,1.0,14.5,4.0],"texture":"#0"}}},{"from":[12.5,1.2,1.8],"to":[15.1,3.2,9.8],"rotation":{"origin":[16.0,1.0,2.0],"axis":"y","angle":0.0},"faces":{"north":{"uv":[13.5,2.5,14.5,3.5],"texture":"#0"},"east":{"uv":[14.5,0.0,15.0,4.0],"texture":"#0"},"south":{"uv":[13.5,0.0,14.5,1.0],"texture":"#0"},"west":{"uv":[14.5,0.0,15.0,4.0],"texture":"#0"},"up":{"uv":[13.5,1.0,14.5,4.0],"texture":"#0"},"down":{"uv":[13.5,1.0,14.5,4.0],"texture":"#0"}}},{"from":[11.3,2.6,4.85],"to":[13.6,3.6,9.85],"rotation":{"origin":[11.0,3.0,8.0],"axis":"y","angle":0.0},"faces":{"north":{"uv":[15.2,0.0,16.0,0.5],"texture":"#0"},"east":{"uv":[13.5,4.0,15.0,4.5],"texture":"#0"},"south":{"uv":[15.0,0.5,16.0,1.0],"texture":"#0"},"west":{"uv":[13.5,4.5,15.0,5.0],"texture":"#0"},"up":{"uv":[15.0,0.0,16.0,1.5],"texture":"#0"},"down":{"uv":[15.0,0.0,16.0,1.5],"texture":"#0"}}},{"from":[9.7,1.2,1.8],"to":[12.3,3.2,9.8],"rotation":{"origin":[16.0,1.0,2.0],"axis":"y","angle":0.0},"faces":{"north":{"uv":[13.5,2.5,14.5,3.5],"texture":"#0"},"east":{"uv":[14.5,0.0,15.0,4.0],"texture":"#0"},"south":{"uv":[13.5,0.0,14.5,1.0],"texture":"#0"},"west":{"uv":[14.5,0.0,15.0,4.0],"texture":"#0"},"up":{"uv":[13.5,1.0,14.5,4.0],"texture":"#0"},"down":{"uv":[13.5,1.0,14.5,4.0],"texture":"#0"}}},{"from":[8.5,2.6,4.85],"to":[10.8,3.6,9.85],"rotation":{"origin":[8.0,3.0,8.0],"axis":"y","angle":0.0},"faces":{"north":{"uv":[15.2,0.0,16.0,0.5],"texture":"#0"},"east":{"uv":[13.5,4.0,15.0,4.5],"texture":"#0"},"south":{"uv":[15.0,0.5,16.0,1.0],"texture":"#0"},"west":{"uv":[13.5,4.5,15.0,5.0],"texture":"#0"},"up":{"uv":[15.0,0.0,16.0,1.5],"texture":"#0"},"down":{"uv":[15.0,0.0,16.0,1.5],"texture":"#0"}}},{"from":[5.7,2.6,4.85],"to":[8.0,3.6,9.85],"rotation":{"origin":[5.0,3.0,8.0],"axis":"y","angle":0.0},"faces":{"north":{"uv":[15.2,0.0,16.0,0.5],"texture":"#0"},"east":{"uv":[13.5,4.0,15.0,4.5],"texture":"#0"},"south":{"uv":[15.0,0.5,16.0,1.0],"texture":"#0"},"west":{"uv":[13.5,4.5,15.0,5.0],"texture":"#0"},"up":{"uv":[15.0,0.0,16.0,1.5],"texture":"#0"},"down":{"uv":[15.0,0.0,16.0,1.5],"texture":"#0"}}},{"from":[6.9,1.2,1.8],"to":[9.5,3.2,9.8],"rotation":{"origin":[16.0,1.0,2.0],"axis":"y","angle":0.0},"faces":{"north":{"uv":[13.5,2.5,14.5,3.5],"texture":"#0"},"east":{"uv":[14.5,0.0,15.0,4.0],"texture":"#0"},"south":{"uv":[13.5,0.0,14.5,1.0],"texture":"#0"},"west":{"uv":[14.5,0.0,15.0,4.0],"texture":"#0"},"up":{"uv":[13.5,1.0,14.5,4.0],"texture":"#0"},"down":{"uv":[13.5,1.0,14.5,4.0],"texture":"#0"}}},{"from":[4.1,1.2,1.8],"to":[6.7,3.2,9.8],"rotation":{"origin":[16.0,1.0,2.0],"axis":"y","angle":0.0},"faces":{"north":{"uv":[13.5,2.5,14.5,3.5],"texture":"#0"},"east":{"uv":[14.5,0.0,15.0,4.0],"texture":"#0"},"south":{"uv":[13.5,0.0,14.5,1.0],"texture":"#0"},"west":{"uv":[14.5,0.0,15.0,4.0],"texture":"#0"},"up":{"uv":[13.5,1.0,14.5,4.0],"texture":"#0"},"down":{"uv":[13.5,1.0,14.5,4.0],"texture":"#0"}}},{"from":[14.1,2.6,4.85],"to":[16.4,3.6,9.85],"rotation":{"origin":[14.0,3.0,8.0],"axis":"y","angle":0.0},"faces":{"north":{"uv":[15.2,0.0,16.0,0.5],"texture":"#0"},"east":{"uv":[13.5,4.0,15.0,4.5],"texture":"#0"},"south":{"uv":[15.0,0.5,16.0,1.0],"texture":"#0"},"west":{"uv":[13.5,4.5,15.0,5.0],"texture":"#0"},"up":{"uv":[15.0,0.0,16.0,1.5],"texture":"#0"},"down":{"uv":[15.0,0.0,16.0,1.5],"texture":"#0"}}}],"textures":{"particle":"demofurniture:club/base_piano","0":"demofurniture:club/base_piano"}}