{"display":{"thirdperson_righthand":{"rotation":[-22.0,-22.0,-180.0],"translation":[-6.0,-12.5,8.75]},"thirdperson_lefthand":{"rotation":[-22.0,-22.0,180.0],"translation":[-6.0,-12.5,8.75]},"gui":{"rotation":[91.0,170.0,4.0],"translation":[0.75,0.0,0.0],"scale":[0.9,0.9,0.9]},"head":{"translation":[0.0,-27.5,0.0],"scale":[2.0,2.0,2.0]},"fixed":{"rotation":[-90.0,21.0,0.0],"translation":[0.0,0.0,-8.0]}},"elements":[{"from":[-6.0,0.0,2.0],"to":[21.0,3.0,14.0],"rotation":{"origin":[-6.0,0.0,2.0],"axis":"y","angle":0.0},"faces":{"north":{"uv":[0.0,6.0,13.5,7.5],"texture":"#2"},"east":{"uv":[0.0,9.0,6.0,10.5],"texture":"#2"},"south":{"uv":[0.0,7.5,13.5,9.0],"texture":"#2"},"west":{"uv":[0.0,9.0,6.0,10.5],"texture":"#2"},"up":{"uv":[0.0,0.0,13.5,6.0],"texture":"#2"},"down":{"uv":[0.0,0.0,13.5,6.0],"texture":"#2"}}},{"from":[7.5,2.5,4.0],"to":[9.0,3.5,5.0],"rotation":{"origin":[8.0,3.0,4.0],"axis":"y","angle":0.0},"faces":{"north":{"uv":[15.5,0.0,16.0,1.0],"texture":"#2"},"east":{"uv":[13.5,2.0,14.5,2.5],"texture":"#2"},"south":{"uv":[15.5,1.0,16.0,2.0],"texture":"#2"},"west":{"uv":[14.5,2.0,15.5,2.5],"texture":"#2"},"up":{"uv":[15.5,0.0,16.0,2.0],"texture":"#2"},"down":{"uv":[15.5,0.0,16.0,2.0],"texture":"#2"}}},{"from":[6.0,2.5,6.0],"to":[7.5,3.5,7.0],"rotation":{"origin":[5.0,3.0,6.0],"axis":"y","angle":0.0},"faces":{"north":{"uv":[15.5,0.0,16.0,1.0],"texture":"#2"},"east":{"uv":[13.5,2.0,14.5,2.5],"texture":"#2"},"south":{"uv":[15.5,1.0,16.0,2.0],"texture":"#2"},"west":{"uv":[14.5,2.0,15.5,2.5],"texture":"#2"},"up":{"uv":[15.5,0.0,16.0,2.0],"texture":"#2"},"down":{"uv":[15.5,0.0,16.0,2.0],"texture":"#2"}}},{"from":[4.5,2.0,11.25],"to":[6.0,3.5,12.75],"rotation":{"origin":[3.0,2.0,11.0],"axis":"y","angle":0.0},"faces":{"north":{"uv":[14.75,1.0,15.25,1.5],"texture":"#2"},"east":{"uv":[14.75,1.0,15.25,1.5],"texture":"#2"},"south":{"uv":[14.75,1.0,15.25,1.5],"texture":"#2"},"west":{"uv":[14.75,1.0,15.25,1.5],"texture":"#2"},"up":{"uv":[14.75,1.0,15.25,1.5],"texture":"#2"},"down":{"uv":[14.75,1.0,15.25,1.5],"texture":"#2"}}},{"from":[6.75,2.0,11.25],"to":[8.25,3.5,12.75],"rotation":{"origin":[7.0,2.0,11.0],"axis":"y","angle":0.0},"faces":{"north":{"uv":[14.0,0.0,14.5,0.5],"texture":"#2"},"east":{"uv":[14.0,0.0,14.5,0.5],"texture":"#2"},"south":{"uv":[14.0,0.0,14.5,0.5],"texture":"#2"},"west":{"uv":[14.0,0.0,14.5,0.5],"texture":"#2"},"up":{"uv":[14.0,0.0,14.5,0.5],"texture":"#2"},"down":{"uv":[14.0,0.0,14.5,0.5],"texture":"#2"}}},{"from":[9.0,2.0,11.25],"to":[10.5,3.5,12.75],"rotation":{"origin":[9.0,2.0,11.0],"axis":"y","angle":0.0},"faces":{"north":{"uv":[14.0,1.0,14.5,1.5],"texture":"#2"},"east":{"uv":[14.0,1.0,14.5,1.5],"texture":"#2"},"south":{"uv":[14.0,1.0,14.5,1.5],"texture":"#2"},"west":{"uv":[14.0,1.0,14.5,1.5],"texture":"#2"},"up":{"uv":[14.0,1.0,14.5,1.5],"texture":"#2"},"down":{"uv":[14.0,1.0,14.5,1.5],"texture":"#2"}}},{"from":[6.75,2.0,9.0],"to":[8.25,3.5,10.5],"rotation":{"origin":[7.0,2.0,9.0],"axis":"y","angle":0.0},"faces":{"north":{"uv":[14.5,0.0,15.0,0.5],"texture":"#2"},"east":{"uv":[14.5,0.0,15.0,0.5],"texture":"#2"},"south":{"uv":[14.5,0.0,15.0,0.5],"texture":"#2"},"west":{"uv":[14.5,0.0,15.0,0.5],"texture":"#2"},"up":{"uv":[14.5,0.0,15.0,0.5],"texture":"#2"},"down":{"uv":[14.5,0.0,15.0,0.5],"texture":"#2"}}},{"from":[4.5,2.0,9.0],"to":[6.0,3.5,10.5],"rotation":{"origin":[3.0,2.0,9.0],"axis":"y","angle":0.0},"faces":{"north":{"uv":[14.0,1.0,14.5,1.5],"texture":"#2"},"east":{"uv":[14.0,1.0,14.5,1.5],"texture":"#2"},"south":{"uv":[14.0,1.0,14.5,1.5],"texture":"#2"},"west":{"uv":[14.0,1.0,14.5,1.5],"texture":"#2"},"up":{"uv":[14.0,1.0,14.5,1.5],"texture":"#2"},"down":{"uv":[14.0,1.0,14.5,1.5],"texture":"#2"}}},{"from":[9.0,2.0,9.0],"to":[10.5,3.5,10.5],"rotation":{"origin":[9.0,2.0,9.0],"axis":"y","angle":0.0},"faces":{"north":{"uv":[13.75,0.0,14.25,0.5],"texture":"#2"},"east":{"uv":[13.75,0.0,14.25,0.5],"texture":"#2"},"south":{"uv":[13.75,0.0,14.25,0.5],"texture":"#2"},"west":{"uv":[13.75,0.0,14.25,0.5],"texture":"#2"},"up":{"uv":[13.75,0.0,14.25,0.5],"texture":"#2"},"down":{"uv":[13.75,0.0,14.25,0.5],"texture":"#2"}}}],"textures":{"particle":"demofurniture:club/base_platine","2":"demofurniture:club/base_platine"}}